KO	SRR908273	SRR908275	ERR1877734	SRR12376370	SRR12376371	SRR4027993	SRR4027994	ERR1877786
K08452	0	0	0	0	0	0	0	0
K08453	0	0	0	0	0	0	0	0
K08454	0	0	0	0	0	0	0	0
K13750	0	0	0	0	0	0	0	0
K13751	0	0	0	1	0	0	0	0
K08455	0	0	0	0	0	0	1	0
K08456	0	0	0	0	0	0	0	0
K13752	0	0	1	1	0	0	1	0
K08457	0	0	0	0	0	0	0	0
K13753	0	0	1	0	0	0	1	0
K08458	0	0	0	0	0	0	0	0
K13754	1	1	0	1	2	0	2	0
K08459	0	0	0	0	0	0	0	0
K13755	1	0	1	1	0	0	1	0
K13756	0	0	0	0	0	0	0	0
K13757	0	0	0	0	0	0	0	0
K13758	0	0	0	0	1	0	1	0
K17640	9	17	0	14	24	0	47	2
K03240	2	0	0	0	2	0	2	1
K03241	1	0	0	0	0	0	1	0
K17641	13	32	1	47	39	5	74	4
K17642	0	0	0	0	1	0	2	0
K03242	1	0	0	8	27	9	17	2
K17643	0	0	0	0	0	0	0	0
K03243	3	0	0	12	44	13	51	3
K21160	0	0	0	6	0	0	2	0
K17644	0	0	0	0	0	0	2	0
K17645	0	0	0	0	0	0	0	0
K03245	0	0	0	0	1	0	0	0
K21161	0	0	0	6	8	0	17	2
K17646	0	0	0	0	0	0	0	0
K21162	2	3	3	27	43	1	98	6
K03246	0	0	0	4	11	1	11	0
K17647	0	0	0	1	0	0	1	0
K21163	1	3	4	70	93	41	493	17
K03247	0	1	0	0	2	0	1	0
K17648	0	0	0	0	0	0	1	0
K21164	1	6	1	14	16	0	56	1
K03248	1	0	0	0	0	0	0	0
K17649	0	0	0	0	0	0	0	0
K21165	1	0	0	8	4	0	5	2
K03249	0	1	0	0	1	0	0	0
K21166	1	2	3	24	15	2	39	1
K21167	0	0	0	5	8	0	3	0
K08910	1	0	0	0	0	0	1	0
K07130	4	14	3	56	137	20	381	19
K08911	0	0	0	0	0	0	0	0
K21169	3	8	0	15	18	2	32	1
K07131	22	43	7	73	118	3	182	8
K08912	5	1	0	1	0	0	3	0
K07132	3	1	2	7	23	1	38	4
K08913	1	0	0	0	0	0	2	0
K07133	46	38	7	50	212	14	289	13
K07134	0	0	0	0	0	0	0	0
K08914	0	0	0	0	0	0	0	0
K12430	4	4	1	13	15	2	24	1
K07135	0	0	0	0	0	0	0	0
K08915	2	0	0	0	0	0	0	0
K12431	1	3	3	31	14	2	119	7
K08916	1	1	0	0	0	0	0	0
K12432	1	3	1	16	14	2	80	2
K07136	9	5	1	9	11	5	56	2
K08917	0	0	0	0	0	0	0	0
K12433	1	4	4	32	16	4	154	7
K07137	53	57	4	52	78	21	503	13
K05894	3	5	0	2	0	2	12	0
K12434	7	18	3	28	13	1	33	1
K07138	0	0	2	2	9	0	8	0
K05895	27	19	2	55	49	6	133	5
K12435	0	2	1	6	3	0	2	0
K07139	2	0	2	13	31	12	99	3
K05896	89	102	21	282	426	113	1379	45
K12436	27	122	6	127	162	7	296	19
K12437	11	12	2	42	25	5	78	4
K05898	8	19	9	138	68	34	508	9
K12439	0	5	0	4	1	0	2	0
K09780	40	36	13	94	93	41	453	18
K03700	1	0	0	0	3	0	2	0
K16320	6	8	0	25	12	20	167	6
K09781	71	50	2	29	123	36	347	1
K16321	2	1	0	0	4	2	5	0
K03701	331	450	146	1468	2444	546	8662	244
K16322	2	1	1	8	4	2	33	0
K03702	177	212	58	659	1062	377	4480	95
K09784	0	0	0	0	0	0	0	0
K16323	0	0	0	0	10	0	3	0
K03703	206	201	58	673	1254	256	3467	91
K16324	0	0	0	0	1	0	1	0
K21620	17	7	1	11	23	9	118	1
K09785	0	0	0	2	18	0	3	1
K03704	215	181	41	439	598	199	2106	61
K16325	0	0	0	0	1	0	1	0
K21621	9	10	0	2	3	1	39	0
K09786	55	64	8	115	185	59	786	25
K03705	98	89	25	352	579	132	1545	49
K03706	0	0	0	1	3	0	2	0
K09787	0	0	1	2	3	1	2	0
K16326	0	0	0	0	1	0	1	0
K21622	20	9	0	4	2	8	69	1
K21623	0	0	0	0	0	0	0	0
K16327	0	1	0	1	3	2	8	2
K09788	33	17	1	15	25	14	136	2
K03707	9	10	7	65	115	32	221	9
K09789	0	0	0	0	0	0	0	0
K03708	0	0	0	0	4	0	1	0
K21624	5	11	2	29	20	9	187	3
K16328	27	19	1	9	41	3	59	1
K21625	1	1	0	0	0	0	0	0
K16329	52	55	14	116	219	18	407	10
K03709	11	37	15	188	363	39	640	29
K21626	0	1	0	0	0	0	3	0
K00690	15	17	3	45	105	16	237	7
K21627	0	0	0	0	0	0	0	0
K00691	21	43	8	26	82	15	282	5
K21628	0	0	0	0	0	0	0	0
K00692	7	14	1	5	25	3	81	5
K00693	4	12	1	3	25	3	72	2
K00694	99	80	22	300	251	116	1287	38
K04570	0	0	0	0	0	0	0	0
K00695	3	0	0	5	16	2	19	1
K04571	0	0	0	0	0	0	0	0
K11110	0	0	0	0	0	0	0	0
K00696	18	16	0	4	59	2	88	2
K04572	0	0	0	0	0	0	0	0
K11111	43	27	0	0	0	0	0	0
K00697	123	150	37	531	880	212	2305	53
K11112	0	0	0	0	0	0	0	0
K04573	0	0	0	0	1	0	0	0
K17193	0	0	0	0	0	0	1	0
K18973	1	0	0	0	0	1	1	0
K00698	2	0	0	2	5	0	16	2
K04574	0	0	0	0	0	0	0	0
K11113	0	0	0	0	0	0	0	0
K22490	0	0	1	0	13	0	3	0
K18974	0	0	0	0	1	0	4	0
K00699	2	2	0	0	3	0	9	5
K11114	0	0	0	0	0	0	0	0
K18975	0	0	0	1	0	0	0	0
K22491	26	48	8	67	225	24	562	4
K17195	0	0	0	0	0	0	1	0
K04575	0	1	0	0	1	0	2	0
K11115	0	0	0	0	0	0	0	0
K04576	0	0	0	0	0	0	0	0
K22492	0	1	0	3	5	1	10	1
K18976	0	0	0	0	0	0	2	0
K17196	0	0	0	0	0	0	0	0
K18977	0	0	0	0	0	0	0	0
K17197	0	0	0	0	0	0	0	0
K04577	0	0	0	0	0	0	0	0
K22493	0	0	0	0	0	0	3	0
K22494	0	0	0	0	0	0	0	0
K11117	0	0	0	0	0	0	0	0
K04578	0	0	0	0	0	0	0	0
K18978	0	0	0	0	5	1	1	0
K17198	0	0	0	0	0	0	0	0
K11118	0	0	0	0	0	0	0	0
K04579	0	0	0	0	0	0	0	0
K17199	0	0	0	0	1	0	0	0
K18979	95	78	24	229	442	100	1421	43
K22496	0	0	0	1	0	0	1	0
K08460	0	0	0	0	0	0	0	0
K08461	0	0	0	0	0	0	0	0
K22499	0	0	0	0	0	0	1	0
K15001	0	1	0	4	4	0	9	0
K08462	0	0	0	0	0	0	1	0
K08463	0	0	0	0	0	0	1	0
K08464	0	0	0	0	0	0	0	0
K15003	0	0	0	1	0	0	3	1
K15004	0	0	0	0	0	0	0	0
K20300	0	0	0	0	0	0	0	0
K13761	0	0	0	0	0	0	0	0
K08465	0	0	0	0	0	0	2	0
K15005	0	0	0	0	0	0	0	0
K20301	0	0	0	0	0	0	1	0
K13762	0	0	0	0	1	0	2	0
K08466	0	0	0	0	1	0	1	0
K15006	0	0	0	0	0	0	0	0
K20302	0	1	0	0	0	0	0	0
K13763	0	0	0	0	1	0	0	1
K08467	1	1	0	0	0	0	1	0
K13764	0	0	0	0	0	0	1	0
K15007	0	0	0	0	0	0	2	0
K20303	0	0	0	0	0	0	1	0
K15008	0	0	0	0	0	0	0	0
K13765	0	0	0	0	0	0	1	0
K08469	0	0	0	0	0	0	0	0
K20304	0	0	0	0	0	0	0	0
K20305	1	0	0	1	1	0	2	0
K15009	0	0	0	0	1	0	3	0
K13766	62	77	11	201	333	83	1204	35
K20306	2	1	1	4	11	2	35	2
K13767	0	0	1	15	35	10	72	2
K20307	1	1	0	1	0	0	1	1
K13769	0	0	0	0	0	0	0	0
K20308	1	0	1	0	0	0	1	0
K20309	0	1	0	1	0	0	2	0
K17650	0	0	0	0	0	0	0	0
K03250	0	0	0	0	1	0	2	0
K17651	0	0	0	1	1	0	0	1
K03251	0	1	0	0	1	0	2	0
K17652	0	0	0	0	0	0	0	0
K03252	2	0	0	0	2	1	5	1
K17653	0	0	0	0	2	0	4	0
K03253	2	0	0	1	0	0	3	0
K17654	0	0	0	0	0	0	0	0
K21170	4	1	1	2	6	1	10	1
K03254	12	7	0	0	0	0	3	0
K21171	0	1	0	1	2	0	0	0
K17655	0	0	0	0	0	0	0	0
K03255	4	4	1	4	7	2	10	0
K17656	0	0	0	0	0	0	1	0
K21172	0	0	0	8	12	0	27	1
K03256	0	1	0	0	0	0	0	0
K17657	0	0	0	0	0	0	0	0
K21173	1	0	0	5	3	0	16	0
K03257	4	4	0	1	1	0	4	0
K17658	0	0	0	0	0	0	0	0
K03258	0	0	0	0	0	0	2	0
K21174	1	3	2	17	26	6	144	0
K17659	0	0	0	0	0	0	0	0
K03259	1	0	0	0	2	0	2	1
K21178	0	1	0	4	5	0	10	1
K07140	45	70	11	186	261	64	971	28
K07141	74	53	19	236	302	65	940	30
K07142	0	0	0	4	16	5	13	0
K07143	0	0	0	0	7	0	2	0
K12440	1	3	2	18	16	4	101	3
K07144	0	0	1	0	11	2	23	1
K12441	1	3	2	21	21	6	145	6
K07145	0	3	0	4	24	9	27	1
K08926	0	0	0	0	1	2	10	0
K12442	4	13	5	73	32	7	214	9
K07146	65	66	2	14	40	28	363	5
K08927	0	0	0	0	0	2	8	0
K12443	13	21	5	70	44	9	246	14
K07147	65	57	20	184	304	122	1197	31
K12444	1	7	1	14	22	5	55	1
K08928	0	1	0	0	9	4	27	0
K07148	63	74	12	43	175	62	733	12
K12445	0	3	0	22	12	3	46	0
K08929	0	0	0	1	3	2	36	0
K07149	6	11	1	24	33	3	58	3
K12446	6	7	0	10	21	7	113	4
K12447	0	0	0	1	2	0	10	0
K12448	40	30	6	58	109	28	438	11
K12449	3	4	1	13	33	9	132	5
K09790	35	17	1	2	45	4	48	0
K16330	0	0	1	4	6	1	20	0
K09791	38	24	6	68	102	44	391	16
K03710	176	216	41	459	503	99	1349	47
K16331	0	0	3	8	1	0	5	0
K09792	31	17	0	14	50	9	229	3
K03711	94	94	18	183	337	88	939	30
K16332	0	0	0	0	0	0	1	0
K09793	11	15	1	13	61	17	207	6
K03712	1	1	0	1	8	1	19	1
K16333	0	0	0	0	0	0	0	0
K03713	0	0	0	0	1	0	1	0
K09794	12	2	1	3	9	8	49	2
K16334	0	0	0	0	0	0	0	0
K21630	4	5	0	0	0	0	1	0
K09795	36	18	11	133	75	28	402	17
K03714	0	0	0	0	0	0	0	0
K16335	0	0	0	0	0	0	0	0
K21631	0	0	0	0	0	0	1	0
K09796	67	44	4	67	92	43	526	9
K03715	7	10	3	32	14	5	124	5
K16336	0	0	0	0	0	0	0	0
K21632	0	1	1	0	0	0	2	0
K09797	11	3	0	9	47	6	95	4
K03716	3	0	1	4	30	6	41	0
K16337	0	0	0	0	0	0	0	0
K21633	0	0	0	0	0	0	0	0
K09798	50	30	3	57	63	29	327	9
K03717	21	20	2	25	81	18	273	3
K16338	0	0	0	0	0	0	0	0
K21634	0	0	0	0	0	0	0	0
K09799	26	20	0	12	34	10	148	1
K03718	19	28	5	104	138	14	263	14
K16339	0	0	0	0	0	0	0	0
K21635	0	0	0	0	1	0	2	0
K03719	188	175	8	162	186	85	1099	19
K21636	38	14	2	15	74	17	173	9
K21637	0	0	2	8	2	2	26	1
K07600	0	0	0	0	0	0	0	0
K21638	0	0	0	0	0	0	0	0
K07601	0	0	0	0	0	0	0	0
K21639	0	1	0	0	6	0	15	2
K07602	0	0	0	0	0	0	0	0
K07603	0	0	0	0	0	0	0	0
K18980	1	0	0	1	1	0	2	0
K04580	0	0	0	2	2	0	14	0
K04581	0	0	0	0	0	0	0	0
K11120	0	0	0	0	0	0	0	0
K12900	12	13	0	0	0	0	0	0
K18981	50	50	4	84	122	33	484	9
K07604	0	0	0	1	0	1	0	0
K04582	0	0	0	0	0	0	0	0
K11121	2	0	0	1	2	0	2	0
K18982	10	3	3	11	16	10	104	4
K07605	0	0	0	2	0	1	3	0
K04583	0	0	0	0	0	0	0	0
K07606	0	0	0	0	1	0	0	0
K11122	0	0	0	0	0	0	0	0
K18983	12	14	9	84	110	22	333	9
K04584	0	0	0	0	0	0	0	0
K07607	0	0	0	0	0	0	0	0
K18984	0	0	0	0	0	0	0	0
K11123	0	0	0	0	0	0	0	0
K07608	0	0	0	0	0	0	0	0
K04585	0	0	0	0	0	0	0	0
K18985	0	1	0	0	0	0	0	0
K11124	0	0	0	0	0	0	0	0
K07609	0	0	0	0	0	0	0	0
K11125	0	0	0	0	0	0	0	0
K04586	0	0	0	0	0	0	0	0
K18986	0	0	0	0	0	0	0	0
K18987	0	0	0	0	1	1	6	0
K11126	0	0	1	0	1	0	2	0
K04588	0	0	0	0	0	0	0	0
K18988	2	4	2	45	41	10	249	8
K11127	0	1	1	17	14	1	49	7
K04589	0	0	0	0	0	0	0	0
K11128	0	0	0	0	2	0	0	0
K18989	26	41	0	56	130	14	321	9
K11129	0	0	0	0	0	0	0	0
K08470	0	0	0	0	0	0	0	0
K15010	0	0	0	0	0	0	0	0
K08471	0	0	0	0	0	0	0	0
K15011	98	74	7	91	108	57	636	10
K08472	2	3	0	0	1	0	1	0
K08473	0	0	0	0	1	0	0	0
K15012	45	39	5	60	82	19	321	7
K08474	0	0	0	0	0	0	0	0
K15013	0	0	0	0	1	2	21	1
K13770	1	2	0	26	60	6	148	3
K08475	0	0	1	0	0	1	6	0
K20310	34	33	0	0	0	1	2	0
K15014	92	86	0	0	1	0	3	0
K13771	45	26	2	35	33	22	182	2
K20311	1	0	0	0	0	0	0	0
K08476	0	0	0	0	5	1	11	0
K15015	0	3	0	1	0	0	4	0
K13772	23	14	1	3	9	3	36	0
K20312	0	0	0	0	0	0	0	0
K15016	0	0	1	13	34	18	80	1
K08477	0	0	0	1	3	0	4	0
K20313	0	0	0	0	0	0	0	0
K15017	0	0	0	0	0	1	5	0
K08478	0	0	0	0	0	0	0	0
K13774	18	25	4	52	67	23	291	7
K15018	0	0	0	0	0	0	2	0
K20314	0	0	0	0	0	0	0	0
K08479	0	0	0	2	8	2	15	0
K13775	26	31	8	88	88	45	578	13
K20315	3	1	0	0	0	0	3	0
K15019	0	0	0	9	24	7	37	0
K13776	4	0	1	0	6	3	16	0
K20316	0	0	0	0	0	0	0	0
K13777	14	15	5	48	71	32	424	8
K20317	0	0	0	0	0	0	0	0
K13778	15	14	5	37	45	27	382	6
K20318	0	0	0	0	0	0	0	0
K13779	11	9	1	35	60	13	232	9
K20319	1	1	0	1	3	4	15	0
K17660	0	0	0	0	0	0	0	0
K03260	1	3	0	0	4	0	7	1
K17661	0	0	0	0	0	0	0	0
K03261	0	0	0	0	0	0	0	0
K03262	0	1	0	1	0	1	1	0
K17662	27	16	1	42	52	26	238	3
K17663	0	0	0	0	0	0	0	0
K03263	1	1	0	5	13	0	1	0
K17664	0	0	0	0	0	0	0	0
K03264	2	0	0	4	11	3	9	0
K17665	0	0	0	1	0	0	0	0
K21181	0	1	0	13	17	2	30	0
K03265	8	16	4	31	136	8	83	2
K17666	0	0	0	0	0	0	0	0
K21182	0	0	0	1	1	0	0	0
K17667	0	0	0	0	0	0	0	0
K21183	0	2	1	0	9	1	9	0
K03267	1	0	0	0	3	0	2	1
K17668	0	0	0	0	0	0	0	0
K21184	0	2	2	12	21	3	58	1
K03268	1	0	0	19	30	11	89	2
K17669	0	0	0	1	0	0	1	0
K21185	0	2	0	14	27	0	29	1
K03269	43	54	3	29	73	21	352	11
K21186	0	1	0	1	0	0	2	0
K21188	0	1	0	7	14	3	30	1
K08930	0	0	0	2	1	0	2	1
K07150	2	2	1	5	63	0	45	1
K21189	0	2	0	4	2	0	12	0
K07151	2	3	6	22	79	10	134	11
K07152	110	118	29	377	530	200	2321	66
K07153	11	12	0	1	4	5	56	0
K12450	13	1	7	45	55	11	241	8
K07154	142	135	6	95	129	48	587	13
K12451	0	0	0	0	2	0	0	0
K07155	0	3	1	5	9	3	44	1
K12452	9	10	12	82	92	46	593	18
K07156	10	13	5	84	86	20	261	14
K12453	0	1	0	0	3	1	8	0
K07157	72	63	16	169	264	76	906	27
K12454	87	93	18	148	450	60	944	33
K07158	0	0	0	2	11	2	4	1
K08939	0	0	0	0	0	0	0	0
K07159	0	0	1	21	63	7	57	2
K12456	0	0	0	0	0	0	0	0
K12458	0	0	0	0	0	0	0	0
K12459	0	0	0	0	0	0	0	0
K16340	0	0	0	0	0	0	0	0
K03720	0	0	0	0	2	0	2	1
K03721	20	5	0	13	32	9	104	1
K16342	0	0	0	1	1	0	7	0
K03722	123	142	34	471	721	138	2399	72
K16343	0	0	0	0	1	0	4	1
K03723	297	316	78	1115	1742	460	5871	144
K21640	0	0	0	0	0	0	0	0
K16344	0	0	0	0	0	0	0	0
K03724	280	384	100	1605	2263	475	7148	191
K03725	0	0	0	0	0	0	0	0
K21641	0	0	0	1	0	0	0	0
K16345	5	3	2	20	20	5	61	3
K21642	0	0	0	1	0	0	1	0
K16346	3	1	0	3	4	2	16	0
K03726	1	0	1	12	55	10	53	3
K21643	0	0	0	0	1	0	2	0
K16347	3	0	0	2	4	3	30	0
K03727	17	36	11	199	286	32	609	20
K21644	0	0	0	0	0	0	0	0
K03728	0	0	0	0	0	0	0	0
K16348	17	7	0	5	8	4	49	0
K16349	0	0	0	0	0	0	0	0
K03729	0	0	0	0	0	0	0	0
K21645	55	54	1	14	15	14	187	1
K21646	0	0	0	0	0	0	0	0
K21647	0	0	1	5	14	0	5	1
K07610	0	0	0	0	1	0	0	0
K07611	0	0	0	0	0	0	0	0
K04590	0	0	0	0	0	0	0	0
K18990	17	22	10	195	49	39	524	18
K18991	6	8	0	13	6	4	124	3
K11130	1	0	0	1	5	0	7	1
K04591	0	0	0	0	0	0	0	0
K18992	3	5	0	0	0	0	1	0
K04592	0	0	0	0	0	0	0	0
K11131	1	1	0	9	19	5	15	1
K07616	0	0	0	0	0	0	0	0
K11132	0	0	0	0	0	0	0	0
K18993	0	0	0	0	0	0	0	0
K04593	0	0	0	0	0	0	1	0
K18994	0	0	0	0	0	0	0	0
K04594	0	0	0	0	0	0	2	0
K07618	0	0	0	0	0	0	0	0
K11134	0	0	0	0	0	0	1	1
K18995	9	9	0	0	2	0	9	0
K04595	0	0	0	0	0	0	0	0
K04596	0	0	0	0	0	0	0	0
K18996	93	47	0	28	16	18	185	4
K11135	1	1	0	0	0	0	1	0
K04597	0	0	0	0	0	0	0	0
K18997	11	5	2	19	15	7	120	4
K11136	3	1	0	0	0	0	0	0
K04598	0	0	0	0	0	0	0	0
K18998	2	2	0	0	0	0	0	0
K11137	3	1	0	0	1	0	1	0
K04599	0	0	0	0	1	0	0	0
K18999	0	0	0	1	1	0	1	0
K11138	2	0	0	0	0	0	0	0
K11139	0	0	0	0	0	0	0	0
K08480	0	0	0	0	2	0	0	0
K16800	0	0	0	0	0	0	0	0
K15020	0	0	0	0	0	0	2	0
K08481	0	2	3	26	50	12	229	9
K02400	187	141	17	232	338	134	1825	45
K16801	0	0	0	0	0	0	0	0
K08482	131	126	25	256	589	244	3022	42
K02401	127	103	9	109	186	63	995	21
K16802	0	0	0	0	0	0	0	0
K15022	0	10	10	104	86	63	545	20
K08483	89	131	26	340	625	152	2270	58
K02402	18	13	1	4	1	6	80	0
K16803	1	2	0	0	2	0	4	0
K15023	1	4	4	40	122	27	249	6
K13780	0	0	0	0	0	0	6	0
K08484	115	90	10	201	257	135	1382	21
K02403	7	13	0	0	2	7	66	0
K16804	0	0	0	0	0	0	1	0
K20320	1	1	0	1	3	4	15	0
K15024	0	0	0	1	9	4	38	0
K13781	0	0	0	0	0	0	1	0
K08485	4	0	0	1	6	3	33	0
K02404	39	47	1	27	72	17	341	9
K16805	0	0	0	0	0	0	0	0
K15025	0	0	0	0	1	0	0	0
K13782	0	0	0	0	0	0	1	0
K08486	5	4	1	0	0	0	2	0
K02405	66	85	24	318	548	127	1968	77
K08487	0	0	0	0	0	0	0	0
K16806	0	0	0	0	0	0	0	0
K15026	0	0	0	1	1	0	3	0
K13783	1	1	0	0	2	1	6	0
K02406	234	159	16	130	258	64	945	35
K16807	0	0	0	0	0	0	0	0
K13784	0	0	0	0	0	0	0	0
K15027	1	0	0	0	0	0	0	0
K08488	0	0	0	0	0	0	0	0
K02407	75	49	6	43	165	12	373	19
K13785	0	0	0	0	0	0	0	0
K16808	0	0	0	0	0	0	0	0
K08489	0	0	0	0	0	0	2	0
K15028	0	0	0	0	0	0	0	0
K02408	55	40	3	24	54	15	219	6
K16809	0	0	0	0	0	0	0	0
K20325	0	0	0	0	0	0	0	0
K15029	0	0	1	0	0	0	3	0
K13786	12	8	0	10	4	6	51	0
K02409	154	125	7	132	194	54	867	19
K20326	2	0	0	0	0	0	12	0
K13787	36	57	16	158	243	20	407	19
K20327	7	12	1	18	17	9	85	4
K13788	39	29	7	78	151	18	347	9
K20328	0	0	0	0	1	0	2	0
K13789	45	43	14	172	268	54	921	25
K20329	0	1	0	1	0	0	9	0
K17670	0	0	0	0	0	0	0	0
K03270	25	37	4	69	127	34	558	16
K17671	0	0	0	0	0	0	0	0
K03271	35	53	25	249	349	86	1180	46
K17672	0	0	0	0	0	0	0	0
K03272	43	71	22	254	381	112	1388	49
K17673	0	0	0	0	0	0	0	0
K03273	44	43	20	159	223	59	1023	32
K17674	0	0	0	0	0	0	0	0
K21190	0	1	0	1	4	0	12	0
K03274	16	30	11	127	110	68	746	19
K21191	4	2	1	11	12	0	18	2
K17675	156	119	22	214	253	80	1041	26
K03275	0	0	0	1	2	1	3	0
K17676	0	0	0	0	0	0	0	0
K21192	1	5	4	9	11	1	24	3
K03276	0	0	0	1	1	1	3	0
K21193	0	0	0	3	5	0	5	4
K17677	2	0	0	2	3	0	9	1
K03277	0	0	0	0	1	0	0	0
K17678	0	0	0	0	0	0	1	0
K03278	0	0	0	1	2	1	3	0
K21195	0	0	1	8	8	1	49	2
K17679	1	3	0	0	0	0	2	0
K03279	0	0	0	1	1	1	3	0
K21196	6	9	4	7	8	5	89	1
K21197	0	0	0	0	0	0	0	0
K08940	0	0	0	0	0	0	0	0
K21198	0	0	0	0	0	0	0	0
K07160	66	63	8	141	198	71	735	18
K08941	0	0	0	0	2	0	3	0
K21199	0	0	0	2	0	1	20	0
K07161	45	66	37	429	528	98	1400	57
K07162	0	0	0	0	0	0	0	0
K08942	0	0	0	0	0	0	0	0
K07163	0	0	0	1	0	0	0	0
K08944	0	0	0	0	0	0	0	0
K12460	0	0	0	0	2	0	2	0
K07164	12	23	13	94	134	20	336	23
K12461	0	0	0	0	0	0	0	0
K07165	183	78	2	66	113	23	380	14
K12462	1	1	0	0	0	0	0	0
K07166	1	0	1	5	5	1	26	3
K12463	0	0	0	0	0	0	0	0
K07167	15	10	3	24	34	12	123	5
K12464	0	0	0	0	0	0	0	0
K07168	73	51	1	14	40	11	192	3
K12465	0	0	0	0	0	0	0	0
K07169	19	23	4	13	20	5	180	4
K12466	1	2	1	9	6	1	42	1
K12467	0	0	0	0	0	0	0	0
K12469	0	0	0	0	0	0	0	0
K03730	0	0	0	0	0	0	0	0
K16351	0	0	0	0	0	0	0	0
K03731	0	0	0	0	1	0	3	0
K16352	0	0	0	0	0	0	0	0
K03732	61	46	4	104	132	53	687	13
K16353	1	0	0	0	1	0	6	0
K03733	98	111	38	402	571	101	1643	70
K16354	0	0	0	0	0	0	1	0
K03734	94	68	36	361	298	70	1452	57
K16355	0	0	0	0	0	0	0	0
K03735	28	28	9	140	114	38	602	11
K16356	0	0	0	0	0	0	0	0
K03736	15	16	2	62	32	6	168	12
K16357	0	0	0	0	0	1	1	0
K03737	10	4	58	523	799	323	3853	68
K16358	0	0	0	0	0	0	0	0
K03738	8	10	12	93	362	84	719	21
K16359	0	0	0	0	0	0	0	0
K03739	3	1	6	58	54	32	253	3
K07621	0	0	0	0	0	0	0	0
K07622	0	0	0	0	0	0	0	0
K07623	14	17	4	116	97	38	406	10
K11140	2	2	1	1	4	0	23	0
K07625	0	0	0	0	0	0	0	0
K11141	1	1	1	1	1	1	13	0
K11142	0	0	0	4	1	0	9	0
K11143	0	0	0	2	0	0	4	0
K11144	3	1	0	2	14	0	9	0
K11145	1	0	0	0	2	0	2	0
K11146	0	0	0	0	0	0	1	0
K11147	0	1	0	3	4	0	21	0
K11149	0	0	0	0	0	0	1	0
K08490	0	0	0	0	0	0	1	0
K08491	0	0	0	0	0	0	0	0
K16810	0	2	0	1	0	0	5	1
K15030	2	0	1	0	2	0	0	0
K02410	105	76	7	100	169	64	913	16
K15031	0	0	0	0	0	0	0	0
K16811	0	0	0	0	0	0	0	0
K08492	1	0	0	0	0	0	0	0
K02411	48	62	5	31	59	13	252	11
K16812	0	0	0	0	0	0	0	0
K08493	0	1	0	0	1	0	1	0
K15032	198	165	0	0	1	0	4	0
K02412	129	92	9	155	236	60	1060	22
K16813	0	0	0	0	0	0	0	0
K13790	0	0	0	0	0	0	0	0
K15033	0	0	0	0	0	1	3	0
K08494	0	0	0	1	0	0	0	0
K02413	20	21	4	7	12	1	71	0
K20330	0	0	0	0	0	0	0	0
K16814	0	0	0	0	0	0	0	0
K15034	61	43	6	100	170	30	477	8
K13791	7	2	0	2	2	1	11	0
K08495	0	0	0	0	0	0	1	0
K02414	20	19	2	18	51	9	179	5
K13792	0	0	0	0	0	0	0	0
K08496	1	0	0	0	0	0	2	0
K20331	0	0	0	3	2	0	11	2
K16815	1	0	0	2	0	0	2	0
K02415	53	37	5	27	48	20	269	11
K15036	0	0	0	0	0	1	7	0
K08497	0	1	0	0	1	0	0	0
K20332	1	9	4	64	49	3	169	9
K16816	0	0	0	0	1	0	0	0
K02416	89	57	5	84	164	38	665	16
K15037	0	0	1	3	8	0	4	0
K20333	2	17	6	24	69	7	158	10
K16817	0	0	0	0	0	0	1	0
K13794	9	10	1	12	8	0	56	3
K08498	1	1	0	0	0	0	0	0
K02417	66	55	9	62	89	32	409	24
K20334	0	1	0	0	1	0	2	0
K16818	0	0	0	0	0	0	0	0
K15038	0	0	0	1	1	0	5	0
K08499	0	0	0	0	0	0	0	0
K13795	11	15	6	40	75	25	368	7
K02418	28	26	3	11	25	2	83	2
K16819	0	0	0	0	0	0	0	0
K15039	0	0	0	0	0	0	0	0
K13796	14	11	12	190	179	96	1015	23
K02419	65	60	8	80	119	49	682	25
K13797	129	74	14	159	172	159	1409	22
K13798	0	0	0	16	47	22	56	1
K06300	0	0	0	0	2	0	1	0
K20338	0	0	0	0	0	0	0	0
K13799	0	1	1	8	22	13	100	2
K06301	0	0	0	1	2	0	0	0
K06302	0	0	0	0	1	0	0	0
K06303	0	0	0	0	1	0	0	0
K17680	22	3	13	45	113	4	282	13
K03280	0	0	0	2	23	2	50	4
K06304	0	0	0	0	1	0	1	0
K17681	0	1	4	12	56	16	154	4
K11600	0	0	0	7	20	7	17	1
K03281	46	50	22	464	303	133	1826	40
K06305	0	0	0	1	0	0	3	0
K17682	0	0	0	0	0	0	0	0
K11601	1	10	0	1	10	0	5	0
K03282	54	57	13	166	242	106	1198	26
K17683	0	0	0	0	0	0	0	0
K11602	2	8	0	1	30	3	21	0
K06306	0	0	0	3	16	0	9	0
K03283	52	38	2	12	10	0	38	1
K17684	0	0	0	0	0	0	0	0
K06307	0	0	0	1	14	0	4	0
K11603	0	5	0	2	12	2	16	2
K03284	174	203	41	375	873	306	3170	80
K06308	0	0	0	3	11	0	4	0
K17685	0	0	0	0	0	0	0	0
K11604	32	20	1	9	20	5	73	2
K03285	13	24	0	13	2	1	97	0
K17686	314	356	85	1141	2285	419	6639	123
K11605	21	11	0	0	35	2	75	0
K06309	0	0	2	4	9	2	49	0
K03286	139	195	13	135	302	88	1265	39
K17687	0	0	0	0	0	0	0	0
K11606	19	11	0	21	28	5	51	1
K03287	0	4	0	0	14	2	20	2
K17688	0	0	0	0	0	0	0	0
K11607	29	22	0	6	42	6	67	2
K03288	0	2	2	46	0	15	185	5
K17689	0	0	0	1	0	0	4	1
K11608	4	9	1	9	11	2	27	0
K03289	5	3	2	1	8	9	89	4
K11609	0	6	1	14	10	5	55	0
K07171	23	20	16	72	230	14	351	27
K08952	0	0	0	3	25	1	45	3
K07172	6	14	1	23	59	8	143	5
K08953	0	0	0	3	25	1	45	3
K07173	1	1	1	3	4	0	7	1
K12470	0	0	0	0	0	0	0	0
K08954	0	0	0	3	26	1	45	3
K12471	1	0	0	0	1	0	2	0
K08955	3	2	1	5	8	3	19	0
K07175	64	97	14	148	210	72	942	20
K07176	0	0	0	2	13	2	4	1
K12472	9	8	0	2	19	1	20	3
K08956	0	3	1	2	7	1	28	0
K12473	0	0	0	0	1	0	0	0
K08957	0	0	0	0	0	1	0	1
K07177	11	23	10	105	115	6	177	11
K12474	0	0	0	0	0	0	0	0
K08958	0	0	0	0	0	0	0	0
K07178	39	48	2	44	93	29	317	1
K12475	0	0	0	0	0	0	0	0
K08959	0	0	0	0	2	0	3	0
K07179	0	0	0	3	10	2	7	0
K12476	0	0	0	0	0	0	1	0
K12477	0	0	0	0	0	0	0	0
K12478	0	0	0	0	0	0	0	0
K12479	0	0	1	0	4	0	20	0
K16360	0	0	0	0	0	0	0	0
K03740	3	0	0	10	2	13	70	0
K03741	67	87	23	302	435	78	1343	35
K16362	0	1	1	3	6	1	20	0
K03742	9	31	25	202	456	58	1071	45
K16363	10	21	3	36	129	33	464	17
K03743	62	97	19	181	382	49	917	36
K16364	0	0	0	0	0	0	1	0
K03744	85	83	25	247	379	135	1572	49
K16365	2	0	1	9	15	3	66	4
K03745	27	21	0	4	4	4	66	2
K03746	22	28	3	21	17	7	189	7
K03747	12	24	2	12	21	10	107	4
K16368	1	0	0	2	1	0	0	0
K03748	5	10	0	4	10	1	48	1
K16369	0	0	0	1	1	0	2	0
K03749	19	19	1	10	25	4	104	2
K21668	0	0	0	0	0	0	0	0
K07631	0	0	0	0	0	0	0	0
K07632	0	0	0	0	0	0	0	0
K07633	0	0	0	0	0	0	0	0
K11150	0	0	0	0	0	0	7	0
K07634	0	0	0	0	0	0	0	0
K12930	0	1	0	0	0	0	2	0
K07635	0	0	0	1	1	0	0	0
K11151	0	0	0	0	1	0	1	0
K11152	0	0	0	4	0	0	2	0
K07636	161	223	49	463	893	165	2446	89
K11153	3	0	1	13	8	4	43	3
K07637	37	26	3	15	31	19	221	2
K11154	0	0	0	2	0	0	3	0
K07638	83	64	13	129	190	60	792	26
K11155	0	0	0	0	3	0	2	0
K07639	16	11	0	3	10	3	43	1
K11156	0	0	0	0	0	0	0	0
K11157	0	0	0	0	0	0	0	0
K11158	0	0	0	0	0	0	0	0
K12938	60	31	0	0	0	0	0	0
K11159	31	63	9	144	169	65	865	18
K16820	0	0	0	0	0	0	0	0
K15040	4	0	0	0	0	0	2	0
K02420	51	31	8	30	56	23	281	5
K16821	0	0	0	0	0	0	0	0
K15041	0	0	0	0	0	0	0	0
K02421	85	75	6	50	118	37	511	18
K16822	0	0	0	0	0	0	0	0
K15042	0	0	0	0	0	0	0	0
K02422	33	23	2	13	43	9	165	3
K16823	0	0	0	0	0	0	0	0
K15043	0	0	0	0	0	0	0	0
K02423	9	8	0	1	4	1	29	0
K15044	1	2	0	0	0	0	1	0
K02424	51	45	4	68	140	16	244	14
K20341	0	0	0	0	0	0	0	0
K16825	0	0	0	0	0	0	0	0
K02425	0	0	0	0	0	0	0	0
K15045	0	2	1	10	33	9	114	2
K15046	0	0	0	0	2	1	5	0
K20342	0	0	0	3	3	0	3	0
K02426	46	44	6	50	100	36	393	8
K15047	0	0	0	0	0	0	0	0
K02427	86	61	3	79	115	65	637	8
K15048	0	0	0	1	0	0	0	0
K20344	2	7	4	36	58	12	238	7
K02428	87	112	46	399	624	101	1425	57
K15049	0	0	0	0	0	0	0	0
K20345	1	0	1	7	19	1	37	7
K02429	106	142	6	89	69	73	859	8
K20346	0	0	0	0	0	0	0	1
K20347	1	1	0	0	0	0	0	0
K06310	0	0	0	0	7	0	0	0
K20348	0	0	0	0	0	0	1	0
K20349	0	0	0	0	0	0	1	0
K06311	0	0	2	4	16	2	48	0
K06312	0	1	0	1	9	0	0	0
K06313	0	0	0	1	9	0	3	0
K17690	0	0	0	1	0	0	4	1
K03290	1	5	1	14	28	3	53	2
K06314	0	0	0	1	6	0	0	0
K17691	0	0	0	1	0	0	4	1
K11610	1	4	3	29	19	4	57	2
K03291	11	9	1	12	8	0	28	1
K06315	0	0	0	0	1	0	1	0
K17692	0	0	0	1	2	0	4	1
K11611	3	7	2	23	31	3	57	2
K03292	54	45	6	39	131	41	455	11
K17693	0	0	0	0	0	0	0	0
K06316	0	0	0	0	0	0	0	0
K03293	34	25	3	83	71	13	277	7
K17694	0	0	0	0	0	0	0	0
K06317	0	0	0	1	3	0	0	0
K03294	252	318	106	1372	1811	685	8753	216
K17695	0	0	0	0	0	0	0	0
K06318	0	0	0	0	2	0	0	0
K11614	5	0	0	1	6	0	6	0
K06319	0	0	0	0	0	0	0	0
K17696	0	0	0	0	0	0	0	0
K11615	3	1	0	3	2	0	7	1
K03296	627	696	207	2743	2733	1574	19174	405
K11616	1	0	0	0	1	0	10	0
K17697	0	0	0	0	0	0	1	1
K03297	34	25	1	18	34	17	96	6
K17698	0	0	0	0	0	0	0	0
K11617	3	5	6	29	76	13	171	11
K03298	10	15	2	49	60	7	117	4
K17699	0	0	0	0	0	0	0	0
K11618	2	2	3	29	63	9	89	7
K03299	43	66	3	65	130	40	615	9
K11619	0	0	0	0	2	0	1	0
K08960	0	0	0	0	2	0	4	0
K07180	78	80	14	206	340	126	1551	29
K07181	0	0	0	0	0	0	3	0
K15500	0	0	0	0	0	0	0	0
K08961	2	3	0	4	5	2	26	1
K01100	0	0	0	0	1	0	2	0
K15501	1	0	0	0	0	0	6	0
K07182	60	38	5	137	334	61	663	21
K01101	2	8	4	27	83	7	112	6
K15502	74	49	2	11	11	4	69	1
K08963	43	40	22	338	375	115	1597	44
K07183	64	47	3	42	86	26	382	11
K01102	27	23	0	0	1	0	7	0
K15503	70	46	6	36	53	18	307	12
K12480	0	0	0	0	0	0	0	0
K08964	13	20	5	33	32	13	205	4
K07184	9	4	2	5	21	3	27	3
K01103	0	0	0	0	2	0	6	0
K20800	0	0	0	0	0	0	0	0
K12481	0	0	0	0	0	0	1	0
K15504	0	0	0	1	1	1	7	0
K08965	3	4	7	27	18	6	71	1
K01104	76	105	35	325	452	79	1392	64
K12482	0	0	0	0	0	0	0	0
K20801	6	1	0	10	6	1	30	0
K15505	2	2	0	1	5	0	4	0
K08966	0	4	0	8	22	1	33	1
K07186	10	0	0	2	3	4	39	0
K07187	0	0	0	0	0	0	0	0
K15506	1	2	0	0	0	0	2	0
K20802	1	2	0	0	0	1	1	0
K01106	1	0	0	0	0	0	1	0
K12483	0	0	0	0	0	0	2	0
K08967	9	11	1	15	38	18	185	3
K12484	0	0	0	0	0	0	0	0
K01107	0	0	0	0	0	0	0	0
K07188	0	0	0	0	0	0	0	0
K20803	0	0	1	0	0	0	0	0
K15507	10	15	0	0	0	0	3	0
K08968	36	30	6	47	108	29	409	9
K12485	0	0	0	0	0	0	0	0
K20804	0	0	0	0	0	0	0	0
K15508	0	0	0	0	0	0	1	0
K08969	1	3	6	37	62	3	125	6
K07189	0	0	0	0	1	0	3	0
K01108	0	0	0	0	0	0	0	0
K20805	0	0	0	0	0	0	0	0
K01109	0	0	0	0	0	0	0	0
K15509	30	11	8	113	116	42	554	15
K12486	9	10	0	0	2	0	0	1
K20806	0	3	1	2	1	0	11	0
K12487	0	0	1	1	2	0	8	0
K20807	11	10	11	171	126	52	568	22
K12488	1	0	0	1	2	0	13	0
K12489	7	3	0	1	2	1	13	1
K16370	20	29	2	34	93	15	217	7
K03750	142	180	49	739	991	246	3131	101
K16371	19	16	0	23	9	21	167	3
K03752	54	56	7	164	255	43	691	23
K03753	21	16	1	49	57	30	280	4
K03754	0	0	0	0	0	0	1	0
K03755	0	0	0	0	0	0	0	0
K21671	0	0	0	0	0	0	0	0
K21672	0	14	12	153	147	31	671	19
K03756	6	1	0	11	7	41	270	5
K03757	11	0	0	3	12	1	42	0
K16378	0	3	0	2	7	0	8	1
K03758	38	21	7	92	35	29	437	12
K16379	0	0	0	0	0	0	0	0
K03759	33	34	1	34	63	60	620	9
K21676	10	10	10	73	63	61	558	17
K21677	18	19	3	95	84	28	350	12
K21678	1	2	10	142	81	50	413	11
K07640	18	9	4	37	45	10	177	5
K21679	0	1	6	83	50	29	230	7
K07641	47	60	4	23	78	17	346	6
K07642	34	29	16	150	258	24	484	30
K07643	0	0	0	7	14	0	15	2
K11160	0	0	0	0	0	0	0	0
K12940	1	0	0	0	12	1	20	1
K07644	57	38	0	47	68	29	380	9
K12941	53	41	14	163	227	88	1045	17
K11161	0	0	0	10	4	2	27	1
K07645	65	57	2	52	81	20	508	6
K12942	16	19	3	58	189	16	257	13
K11162	0	0	0	1	2	1	15	1
K07646	198	177	71	876	548	287	4166	99
K12943	5	0	0	3	7	2	5	1
K11163	3	2	0	6	1	0	16	0
K07647	24	9	2	8	20	4	91	2
K12944	1	1	1	3	7	2	16	2
K11164	0	1	0	3	2	0	14	0
K07648	3	2	1	7	14	0	44	1
K11165	1	0	0	1	0	1	2	0
K12945	1	0	0	2	4	1	9	1
K07649	131	147	3	61	95	33	658	14
K12946	1	0	0	0	0	0	0	0
K11166	0	1	0	0	0	0	6	0
K11167	0	0	0	0	0	0	0	0
K12947	0	0	0	0	0	0	0	0
K12948	0	0	0	0	0	0	0	0
K11168	0	0	0	1	1	0	8	0
K12949	2	1	0	22	12	1	18	1
K11169	0	0	1	2	0	0	0	0
K16830	0	0	0	0	0	0	0	0
K15050	0	0	0	0	0	1	3	0
K02430	0	0	0	0	2	0	5	0
K16831	0	0	0	0	0	0	0	0
K15051	6	0	2	10	19	2	57	1
K02431	30	20	0	24	37	10	179	5
K16832	0	0	0	0	0	0	1	0
K02432	0	0	0	0	0	0	1	0
K15052	0	2	3	45	90	18	203	6
K15053	0	1	0	0	0	0	4	0
K16833	0	0	0	0	2	0	2	0
K02433	245	289	101	1707	2321	564	8376	255
K20350	0	0	0	0	0	0	1	0
K15054	14	14	9	109	72	43	429	15
K02434	106	142	33	501	849	223	3030	77
K16835	0	0	0	0	0	0	0	0
K20351	0	0	0	0	0	0	0	0
K02435	44	46	11	100	220	49	582	16
K16836	0	0	0	0	0	0	0	0
K20352	0	0	0	0	0	0	1	0
K02436	0	0	0	2	0	6	18	1
K16837	0	0	0	0	0	0	0	0
K20353	1	0	0	3	0	0	0	1
K02437	64	60	18	199	338	87	896	20
K20354	0	0	0	0	0	0	1	0
K16838	0	1	0	3	18	2	41	2
K15058	0	0	0	1	9	0	25	0
K02438	134	123	10	162	208	71	1168	18
K20355	0	0	0	0	0	0	0	0
K16839	1	3	0	21	13	3	68	1
K15059	0	0	0	0	5	1	28	0
K02439	4	0	0	1	3	1	21	0
K20356	0	0	0	0	0	0	0	0
K20357	0	0	0	0	0	0	0	0
K20358	0	0	0	0	0	0	0	0
K06320	7	19	0	22	95	7	120	6
K06321	0	0	0	0	0	0	0	0
K20359	1	2	0	0	0	0	1	0
K06322	0	0	0	0	0	0	0	0
K06323	0	0	0	2	2	1	2	0
K11620	0	0	0	0	0	0	0	0
K06324	0	9	17	92	120	41	475	8
K06325	0	0	0	0	2	0	1	0
K11621	0	0	0	5	1	0	1	0
K11622	0	0	0	2	28	2	29	1
K06327	0	0	0	0	0	0	0	0
K11623	0	2	0	6	13	1	15	0
K06328	0	0	0	1	3	0	1	0
K11624	0	6	1	3	7	0	22	0
K06329	0	0	0	0	1	0	0	0
K11625	0	0	0	1	4	0	3	0
K11626	0	0	0	0	4	0	2	0
K11627	0	0	0	0	0	0	0	0
K11628	1	2	1	10	4	2	86	3
K11629	0	0	0	0	1	0	1	0
K08970	45	40	2	65	67	30	338	10
K07190	9	0	2	10	21	1	55	1
K08971	0	0	0	0	2	0	0	0
K07191	0	0	0	0	0	0	0	0
K15510	16	14	2	44	112	11	137	5
K01110	0	1	0	0	2	0	3	0
K15511	12	15	0	19	8	23	217	2
K08972	19	36	6	74	112	41	458	11
K07192	55	113	14	157	257	49	784	22
K01111	0	0	0	0	1	1	3	0
K07193	0	0	0	0	0	0	0	0
K01112	0	0	0	0	0	0	0	0
K15512	9	29	18	218	172	117	1083	37
K08973	60	50	3	36	85	42	429	4
K07194	0	0	0	0	0	0	0	0
K08974	7	4	0	0	31	0	0	0
K12490	0	0	0	0	0	0	0	0
K15513	14	33	15	230	163	91	1045	28
K01113	178	197	22	319	857	236	2933	99
K12491	0	0	0	0	0	0	1	0
K20810	6	10	3	56	195	26	480	19
K15514	9	21	0	28	38	7	110	3
K08975	0	0	0	2	16	4	9	0
K07195	104	106	0	0	0	0	4	0
K01114	36	91	81	1089	258	177	2275	111
K12492	4	5	0	0	0	0	3	1
K20811	0	0	0	2	7	0	1	0
K15515	17	11	8	94	86	57	552	14
K08976	4	8	7	48	82	36	389	14
K07196	0	0	0	0	0	0	0	0
K01115	51	39	1	46	187	38	405	10
K07197	0	0	0	0	0	0	0	0
K01116	0	0	0	0	0	0	0	0
K20812	0	0	0	0	0	0	1	0
K15516	0	0	0	0	0	0	1	0
K12493	0	0	0	0	0	0	0	0
K08977	0	0	0	0	0	0	3	0
K15517	0	0	0	0	0	0	0	0
K12494	0	0	0	0	0	0	4	1
K20813	0	0	1	2	6	1	6	0
K08978	6	5	3	41	31	37	292	8
K07198	555	497	0	6	13	3	79	2
K01117	0	4	0	0	16	0	13	2
K08979	0	0	0	8	29	4	20	0
K20814	9	20	11	118	191	56	511	12
K15518	1	1	2	5	28	3	60	3
K12495	1	0	0	0	0	0	0	0
K07199	1	1	0	1	0	0	3	0
K01118	90	85	4	83	74	33	465	12
K12496	0	0	0	0	0	0	0	0
K20815	0	0	0	0	0	0	1	0
K15519	3	0	1	3	15	0	41	1
K01119	72	100	6	102	209	26	634	18
K12497	0	0	0	0	0	0	0	0
K20816	0	0	0	1	1	1	4	0
K12498	0	0	0	0	0	0	0	0
K20817	4	1	0	1	0	0	16	1
K12499	0	0	0	0	0	0	0	0
K20818	0	0	0	0	0	0	0	0
K20819	0	0	0	0	0	0	0	0
K16380	1	3	1	5	2	0	2	2
K03760	47	41	3	11	27	24	347	4
K16381	0	0	0	1	2	0	11	0
K10300	0	0	0	1	1	0	3	0
K03761	45	43	6	98	53	77	847	16
K16382	0	0	0	0	1	0	2	0
K10301	0	0	0	0	0	0	0	0
K03762	18	17	15	196	120	56	731	17
K10302	0	0	0	0	0	0	0	0
K16383	4	5	1	12	4	0	15	1
K03763	6	2	0	20	36	2	68	1
K10303	0	0	0	0	0	0	0	0
K21680	0	0	0	0	1	0	0	0
K16384	3	3	0	14	7	0	13	0
K03764	0	0	0	1	0	1	4	0
K10304	0	0	0	0	0	0	0	0
K21681	0	3	5	32	34	2	50	5
K03765	0	1	0	8	7	3	20	1
K03766	0	0	0	0	0	0	0	2
K16386	5	5	0	17	4	1	13	3
K21682	0	0	0	0	0	0	1	0
K10305	0	0	0	0	0	0	0	0
K10306	0	0	0	0	0	0	0	0
K16387	0	0	0	5	0	0	2	1
K03767	64	94	12	197	324	149	1759	51
K10307	0	0	0	0	0	0	0	0
K21684	5	8	0	14	6	1	15	0
K16388	0	1	0	1	0	0	6	0
K03768	85	134	24	279	506	196	2233	75
K10308	0	0	0	0	0	0	0	0
K16389	0	2	0	2	0	1	2	0
K21685	4	10	1	3	11	0	32	1
K03769	116	79	21	189	306	92	1193	36
K21686	65	33	0	19	47	2	150	5
K21687	13	10	8	45	61	7	112	6
K21688	6	25	3	33	71	6	105	6
K07650	1	0	0	1	2	1	12	0
K21689	0	0	0	2	1	0	9	0
K07651	1	2	2	15	47	4	73	2
K07652	1	1	2	37	77	4	118	5
K07653	10	23	9	105	105	8	193	10
K11170	0	0	0	1	2	0	2	0
K12950	4	3	1	18	33	4	45	3
K07654	14	38	13	142	202	8	251	20
K11171	0	0	0	0	0	0	0	0
K12951	0	1	0	7	17	3	21	1
K07655	0	0	0	9	10	4	28	0
K11172	0	0	0	0	0	0	0	0
K07656	0	2	1	4	2	0	5	2
K12952	13	26	23	259	272	18	525	27
K12953	2	3	20	161	103	14	401	21
K11173	1	0	2	37	45	16	237	6
K07657	84	80	22	204	365	96	1479	44
K12954	1	3	1	39	84	9	148	3
K07658	13	27	21	90	268	61	814	27
K12955	14	18	13	80	121	37	410	12
K11175	72	86	22	223	384	109	1355	39
K07659	70	43	8	113	131	45	695	13
K11176	0	0	0	0	0	0	0	0
K12956	2	1	0	11	51	3	32	2
K12957	12	8	0	41	61	33	275	4
K11177	210	260	81	1009	1058	372	5176	142
K12958	0	0	0	0	0	0	0	0
K11178	98	119	32	336	313	121	1626	55
K12959	0	0	0	0	0	0	0	0
K11179	7	0	3	19	25	4	74	2
K16840	7	12	4	44	53	11	131	3
K15060	2	3	9	116	140	110	596	15
K02440	19	34	22	199	214	34	676	19
K16841	22	25	1	43	57	25	229	8
K15061	1	1	0	9	6	5	53	0
K02441	7	0	2	13	15	1	80	1
K16842	10	2	0	7	12	5	40	1
K15062	0	0	0	1	4	9	24	1
K02442	1	0	0	0	2	0	8	0
K16843	7	3	2	55	99	3	197	8
K15063	10	11	7	130	55	50	429	14
K02443	0	0	1	2	12	0	8	0
K20360	0	0	0	0	1	0	2	0
K16844	28	11	5	25	54	15	266	4
K15064	4	4	3	40	38	19	172	6
K02444	68	51	0	42	65	20	293	5
K20361	0	0	0	0	0	0	4	0
K16845	1	0	0	12	15	7	68	3
K15065	1	1	2	11	12	10	91	7
K02445	4	16	13	106	134	16	479	16
K20362	0	0	0	0	1	0	0	0
K16846	41	54	2	74	95	58	929	9
K15066	18	29	11	63	74	37	273	8
K02446	16	38	17	286	406	125	1310	32
K20363	0	0	0	0	0	0	0	0
K16847	0	0	0	0	0	0	0	0
K15067	12	10	3	14	17	22	203	3
K20364	0	0	0	0	0	0	0	0
K15068	0	0	0	0	0	0	0	0
K16848	0	0	0	0	0	0	0	0
K02448	50	8	1	21	84	26	218	3
K15069	0	0	0	1	0	0	0	0
K02449	0	0	0	0	0	0	0	0
K20365	329	295	0	0	0	0	0	0
K16849	1	4	0	4	11	2	38	0
K20366	0	0	0	0	0	0	0	0
K20367	331	296	0	0	1	0	3	0
K20368	1	1	0	0	0	0	0	1
K06330	1	0	2	4	35	0	58	0
K20369	0	0	0	0	0	0	1	0
K06331	1	0	1	1	1	0	0	0
K06332	0	0	0	0	0	0	0	0
K06333	1	0	0	0	1	0	1	0
K06334	2	0	0	0	3	0	2	0
K11630	0	0	0	0	1	0	1	0
K11631	0	0	0	0	1	0	0	1
K06335	1	0	0	0	5	0	11	0
K11632	0	0	0	1	4	0	2	0
K06336	0	0	0	1	1	0	1	0
K11633	0	0	0	0	0	0	1	0
K06337	1	0	1	0	1	0	1	0
K11634	0	0	0	0	2	0	2	0
K06338	0	1	2	16	37	7	86	3
K11635	1	0	0	0	7	0	7	0
K11636	2	0	0	1	3	0	2	0
K11637	0	0	0	0	6	0	3	0
K11638	0	0	0	0	5	0	3	0
K11639	0	0	0	1	6	0	6	0
K08980	0	0	1	0	3	0	4	0
K02900	0	0	0	0	0	0	0	0
K15520	5	12	8	68	88	7	219	9
K08981	38	54	8	70	174	15	235	3
K01120	17	30	2	44	86	28	362	12
K02901	0	0	0	0	0	0	0	0
K01121	0	0	0	0	0	0	0	0
K15521	10	20	8	121	177	7	316	12
K08982	0	0	3	24	65	9	95	0
K15522	0	0	0	0	0	0	0	0
K08983	23	20	1	10	33	6	142	7
K02902	48	49	6	114	191	48	520	23
K01122	0	0	0	0	0	0	1	0
K01123	0	0	0	0	0	0	0	0
K02903	4	4	0	0	0	0	0	0
K15523	0	0	0	1	1	0	0	0
K08984	19	10	2	7	49	25	236	7
K20820	0	0	0	0	0	0	0	0
K01124	0	0	0	0	0	0	0	0
K15524	0	1	2	44	185	4	148	12
K08985	7	0	0	0	5	0	11	0
K02904	44	38	8	103	169	44	490	19
K20821	0	0	0	0	0	0	0	0
K05000	0	0	0	0	0	0	0	0
K19400	0	0	0	0	0	0	1	0
K02905	0	0	0	0	0	0	0	0
K15525	5	14	6	60	55	12	159	5
K08986	4	3	0	5	9	0	19	1
K01125	0	0	0	0	0	0	0	0
K05001	0	0	0	0	0	0	0	0
K20822	0	0	0	0	0	0	0	0
K19401	0	0	0	0	0	0	0	0
K15526	10	25	6	105	135	10	307	10
K08987	26	28	0	16	14	17	167	2
K02906	91	82	25	279	440	156	1643	36
K01126	376	444	43	449	899	160	2598	110
K19402	0	0	0	0	0	0	0	0
K05002	0	0	0	0	0	0	0	0
K20823	0	0	0	0	0	0	3	0
K15527	0	0	1	0	6	0	18	0
K08988	22	19	2	52	68	37	318	5
K02907	43	47	6	77	174	52	452	23
K01127	2	5	2	10	31	5	110	7
K05003	0	0	0	0	0	0	0	0
K19403	0	0	0	0	0	0	0	0
K20824	0	0	0	0	0	0	1	0
K15528	0	0	0	2	1	0	3	0
K08989	22	6	1	18	22	10	118	2
K02908	0	0	0	1	11	2	8	0
K01128	0	0	0	0	0	0	6	0
K05004	0	0	0	1	0	0	0	0
K20825	0	0	0	0	0	0	0	0
K19404	0	0	0	0	0	0	1	0
K15529	0	0	0	0	0	0	0	0
K02909	40	44	19	91	178	53	529	24
K01129	107	131	32	347	515	117	1601	39
K05005	0	0	0	0	0	0	0	0
K20826	0	0	0	0	0	0	0	0
K19405	4	1	5	43	103	38	431	12
K20827	0	0	1	0	0	0	1	0
K19406	0	0	0	0	0	0	0	0
K19407	0	0	0	0	0	0	0	0
K05007	0	0	0	0	0	0	0	0
K20828	0	2	0	0	0	0	0	0
K05008	0	0	0	0	0	0	1	0
K19408	0	0	0	0	0	0	0	0
K20829	1	0	0	0	2	0	1	0
K19409	0	0	0	0	0	0	0	0
K05009	0	0	0	0	0	0	0	0
K16390	1	1	0	5	0	0	1	0
K03770	165	180	28	333	491	141	1826	53
K10310	0	0	0	0	0	0	0	0
K03771	127	146	27	263	374	131	1570	56
K16392	0	1	0	5	4	0	0	0
K03772	53	82	9	115	197	86	1166	29
K10312	0	0	0	0	0	0	0	0
K16393	0	5	0	4	2	0	4	1
K03773	36	30	4	45	52	38	412	8
K10313	0	0	0	0	0	0	0	0
K21690	0	0	0	0	1	0	4	0
K16394	0	2	0	4	4	1	12	0
K03774	20	19	0	3	16	5	82	0
K10314	0	0	0	0	0	0	0	0
K21691	0	3	1	7	12	2	28	1
K16395	2	25	0	4	15	2	22	0
K03775	33	39	1	22	70	36	363	3
K10315	0	0	0	0	0	0	0	0
K16396	3	40	3	15	35	2	88	5
K03776	151	141	7	52	48	17	505	13
K10316	0	0	0	0	0	0	0	1
K16397	3	42	3	19	39	3	98	5
K03777	57	65	4	45	71	49	639	2
K21694	0	0	0	0	0	0	0	0
K10317	0	0	1	1	1	0	3	0
K16398	1	48	0	16	47	2	88	3
K03778	38	24	8	66	138	33	517	10
K10318	0	0	0	0	0	0	0	0
K21695	0	0	0	0	0	0	0	0
K03779	1	0	0	33	44	13	148	4
K10319	0	0	0	0	0	0	0	0
K21696	7	3	4	30	10	12	139	6
K21697	0	2	0	0	0	0	4	0
K21698	0	0	0	0	0	0	0	0
K07660	22	13	1	16	25	20	160	5
K21699	6	7	0	4	17	3	73	2
K07661	10	4	0	4	13	2	48	1
K14201	3	3	0	1	2	0	3	0
K07662	17	19	3	66	62	31	311	13
K07663	20	27	2	23	39	13	179	1
K12960	41	38	14	296	543	147	1737	48
K11180	0	0	0	0	2	2	11	0
K07664	6	9	2	20	23	10	163	1
K12961	7	2	1	5	7	0	32	2
K11181	0	0	0	0	5	6	13	0
K07665	33	39	13	113	111	56	772	27
K11182	0	0	0	0	0	0	0	1
K14205	56	44	26	315	119	113	1484	33
K12962	4	1	2	8	5	2	41	2
K07666	80	62	1	63	81	38	533	10
K14206	1	1	0	2	0	0	9	0
K12963	0	0	1	2	4	6	36	1
K11183	30	37	8	84	222	32	495	12
K07667	64	77	50	409	410	142	2175	63
K11184	0	0	0	1	1	1	5	0
K14207	0	0	0	0	0	0	1	0
K07668	3	6	12	56	179	25	416	17
K12965	0	0	0	0	0	0	0	0
K11185	0	0	0	0	0	0	0	0
K14208	0	0	0	0	1	0	5	0
K07669	9	19	20	151	232	23	490	21
K12966	0	0	0	0	0	0	0	0
K11186	0	0	0	0	0	0	0	0
K14209	2	1	0	2	0	0	11	2
K12967	0	0	0	0	0	0	0	0
K11187	0	0	1	0	0	0	2	0
K12968	0	0	0	0	0	0	1	0
K11188	1	0	0	0	2	0	5	0
K11189	91	62	5	107	175	85	884	16
K15070	0	0	0	0	0	0	0	0
K16850	2	1	1	41	68	15	307	8
K02450	43	51	19	145	314	103	1077	39
K15071	0	0	0	0	0	0	1	0
K16851	0	0	0	0	0	0	0	0
K02451	15	5	1	37	144	8	140	7
K16852	0	0	0	0	0	0	0	0
K15072	0	0	0	0	0	0	0	0
K02452	22	31	0	11	47	6	124	4
K15073	0	0	0	0	0	1	0	0
K02453	152	175	65	467	704	169	2724	107
K15074	0	0	0	0	0	0	0	0
K20370	8	9	1	23	45	4	240	4
K02454	203	234	58	428	848	361	4836	104
K16855	0	0	0	0	0	0	9	1
K20371	0	0	0	3	7	0	25	2
K15075	1	1	0	1	0	0	1	0
K02455	81	102	15	167	323	99	1382	42
K15076	0	0	0	0	0	0	0	0
K20372	0	0	0	0	0	0	3	0
K16856	14	17	3	26	30	20	202	5
K02456	53	80	40	242	442	108	1885	90
K15077	0	0	0	0	0	0	1	0
K20373	1	0	0	1	0	0	1	0
K16857	0	0	0	2	2	0	7	2
K02457	36	27	4	41	56	14	236	11
K16858	0	0	0	0	0	0	0	0
K20374	0	0	0	0	1	0	2	0
K15078	5	3	0	0	1	1	4	0
K02458	28	22	5	35	50	14	284	8
K15079	0	0	0	0	0	0	0	0
K20375	1	0	0	0	0	0	0	0
K02459	35	26	5	43	51	24	332	10
K06340	0	0	0	0	0	0	0	0
K06341	0	0	0	0	0	0	0	0
K20379	0	0	0	0	0	0	0	0
K06342	0	0	0	1	0	0	0	0
K06343	0	0	0	0	0	0	0	0
K06344	0	0	0	1	0	0	0	0
K11640	0	0	0	0	0	0	0	0
K06345	0	0	0	0	1	0	0	0
K11641	0	0	0	0	1	0	0	0
K11642	7	3	0	0	0	0	3	0
K06346	11	18	10	108	178	18	324	10
K06347	0	0	0	1	0	0	0	0
K11643	8	4	0	0	0	1	4	0
K06348	0	0	1	0	0	0	1	0
K11644	2	2	0	0	1	0	11	0
K11645	22	31	17	145	239	60	794	20
K06349	0	0	0	7	4	3	38	0
K11646	0	0	1	3	17	7	21	2
K11647	3	0	0	1	0	0	4	0
K11648	0	0	0	0	0	0	0	0
K11649	223	206	0	0	1	0	4	0
K08990	33	21	1	43	53	11	163	5
K15530	1	0	0	0	0	0	9	0
K08991	9	3	1	0	0	0	1	0
K01130	134	199	110	1714	810	1338	15296	284
K02910	0	0	0	1	10	0	4	1
K15531	5	10	8	34	34	11	184	11
K08992	16	14	3	7	32	14	115	3
K01131	0	1	0	1	9	2	40	1
K02911	41	40	8	61	108	28	318	13
K02912	0	0	0	1	9	1	3	0
K15532	75	49	6	26	57	29	397	11
K08993	2	0	0	0	0	0	0	0
K01132	0	1	3	13	44	9	209	1
K15533	0	0	0	0	1	0	0	0
K08994	34	59	2	19	51	18	312	10
K01133	46	67	17	195	378	89	1291	32
K02913	33	41	6	68	119	44	369	8
K20830	0	0	0	1	3	0	20	1
K15534	0	0	0	0	2	0	0	0
K08995	121	107	8	108	184	116	1163	18
K01134	1	2	2	38	100	11	377	8
K02914	26	22	7	46	83	13	188	2
K02915	0	0	0	1	1	1	1	0
K05010	0	0	0	0	0	0	0	0
K19410	1	0	0	0	0	0	0	0
K15535	2	0	1	3	0	0	6	0
K08996	0	0	0	4	17	0	12	0
K01135	0	1	1	11	25	7	111	4
K05011	0	0	0	0	0	0	0	0
K20832	3	10	0	2	6	0	4	0
K19411	3	1	5	29	68	21	215	9
K15536	0	0	0	0	0	0	6	0
K08997	37	34	3	41	49	32	311	2
K01136	0	1	0	5	34	3	145	5
K02916	42	44	9	89	166	63	483	24
K02917	1	1	0	0	0	0	0	0
K19412	0	0	0	1	1	1	6	0
K15537	0	0	1	0	1	2	2	0
K08998	41	36	10	85	158	28	353	18
K05012	2	0	1	2	1	2	3	0
K01137	2	10	4	77	246	18	404	8
K20834	0	0	0	0	0	0	0	0
K19413	0	0	0	3	2	0	1	0
K02918	0	0	0	1	0	0	0	0
K15538	0	0	1	10	14	3	42	2
K08999	14	26	18	163	329	79	866	35
K01138	8	22	8	104	239	42	863	21
K20835	0	0	0	0	0	0	0	0
K19414	0	0	0	0	0	0	0	1
K15539	38	30	5	61	148	29	403	15
K01139	192	209	22	345	534	206	2333	47
K02919	24	22	2	30	66	36	246	10
K19415	0	0	0	0	0	0	0	1
K05015	0	0	0	0	0	0	0	0
K19416	23	26	2	16	40	26	305	4
K05016	11	9	0	0	1	0	3	0
K06800	0	0	0	0	0	0	0	0
K05017	0	0	0	0	0	0	0	0
K20838	0	0	0	0	1	0	4	0
K19417	0	0	0	0	0	0	1	0
K06801	0	0	0	0	0	0	0	0
K05018	0	0	0	0	0	0	0	0
K20839	0	0	0	0	0	0	0	0
K19418	0	0	0	0	1	0	1	0
K06802	0	0	0	0	0	0	0	0
K19419	1	0	0	0	1	0	0	0
K05019	0	0	0	0	0	0	0	0
K06803	0	0	0	0	0	0	0	0
K03780	11	18	9	113	114	30	406	12
K06804	0	0	0	0	0	0	0	0
K10320	0	0	0	0	0	0	0	0
K03781	196	204	14	204	303	174	2320	34
K10321	0	0	0	0	0	0	0	0
K06805	0	0	0	0	0	0	0	0
K03782	138	148	40	396	456	178	2959	54
K06806	0	0	0	0	0	0	0	0
K03783	65	63	15	151	332	58	1040	28
K06807	0	0	0	0	0	0	0	0
K10323	0	0	0	0	0	1	4	0
K03784	8	17	6	44	119	11	164	8
K06808	0	0	0	0	0	0	0	0
K10324	0	0	0	0	0	1	2	0
K03785	6	0	0	9	39	9	130	7
K06809	0	0	0	0	0	0	0	0
K10325	0	0	0	1	3	0	16	0
K03786	78	75	12	161	237	91	881	30
K10326	0	0	0	0	1	0	2	1
K03787	85	118	20	215	410	129	1391	36
K03788	0	0	1	0	0	0	1	2
K10327	0	0	0	0	0	0	0	0
K10328	0	0	1	0	0	0	2	1
K03789	93	77	11	180	374	87	1035	24
K10329	0	0	0	1	0	0	0	0
K07670	9	17	5	54	58	10	153	3
K14210	1	3	0	3	3	0	13	0
K07671	0	0	1	13	25	1	42	3
K14211	0	0	0	0	0	0	0	0
K07672	11	20	13	100	145	15	377	13
K14212	0	0	0	0	0	0	0	0
K07673	34	13	3	35	122	13	198	6
K14213	3	1	0	1	2	0	14	0
K07674	12	2	0	6	2	3	10	0
K12971	0	0	0	0	0	0	0	0
K11191	0	0	0	0	0	0	0	0
K14214	0	0	0	0	0	0	2	0
K07675	56	88	12	196	289	80	963	33
K11192	0	0	0	0	0	0	0	0
K14215	6	17	5	33	48	4	118	5
K12972	98	85	8	103	137	22	673	12
K07676	1	0	2	3	9	3	9	0
K14216	0	0	0	0	0	0	0	0
K12973	1	0	0	3	0	3	25	0
K07677	23	15	2	22	32	15	147	4
K11194	0	0	0	0	0	0	1	0
K14217	1	0	0	0	1	0	5	1
K12974	28	16	3	11	18	8	106	1
K07678	46	26	4	40	126	36	492	12
K11195	0	0	0	0	2	0	0	0
K12975	2	1	0	0	2	3	12	0
K07679	45	78	2	31	77	9	238	4
K11196	0	0	0	0	1	0	0	0
K12976	13	15	0	23	16	5	83	2
K12977	0	1	0	1	2	0	2	0
K11198	0	0	0	0	0	0	0	0
K12978	5	5	2	29	2	17	131	4
K11199	0	0	0	0	0	0	0	0
K12979	26	18	2	65	49	58	491	6
K15080	0	0	0	0	0	0	0	0
K16860	0	0	0	4	0	0	3	1
K02460	52	48	10	48	93	28	454	18
K16861	0	0	0	0	0	0	0	0
K15081	0	0	0	0	0	0	0	0
K02461	51	47	6	50	80	22	422	17
K16862	0	0	0	0	1	0	2	0
K15082	0	0	0	0	1	0	2	0
K02462	31	21	1	21	25	10	176	2
K15083	3	1	0	0	0	1	6	0
K02463	15	29	1	10	14	10	142	0
K15084	2	3	0	0	0	0	0	0
K02464	17	1	2	18	13	5	83	7
K02465	0	0	0	0	0	0	0	0
K16865	3	0	0	0	0	0	3	0
K15085	0	0	0	0	0	0	0	0
K16866	0	0	0	0	0	0	0	0
K20382	0	0	0	0	0	0	3	0
K15086	7	4	0	0	0	0	0	0
K02466	0	1	0	0	3	1	1	0
K20383	0	0	0	0	0	0	0	0
K02467	0	0	0	0	0	0	1	0
K20384	0	0	0	0	0	0	0	0
K16868	2	2	2	5	34	3	74	6
K02468	0	0	0	2	1	6	19	1
K20385	0	0	0	0	0	0	0	0
K16869	0	1	1	10	28	0	39	3
K02469	273	321	102	1107	1815	579	7240	160
K20386	1	1	0	1	1	0	6	0
K20388	0	0	0	0	0	0	0	0
K06350	0	1	3	25	80	13	301	16
K06351	4	5	0	17	38	17	150	6
K11650	0	0	0	0	0	0	2	0
K11651	0	0	0	0	0	0	0	0
K11652	0	0	0	0	1	0	0	1
K11653	0	0	0	0	0	0	0	0
K11654	3	2	0	2	3	1	7	2
K06359	0	0	0	0	0	0	0	0
K11655	0	0	0	0	1	0	1	0
K11656	0	0	0	0	0	0	0	0
K11657	2	2	0	0	0	0	1	0
K11658	0	0	0	0	0	0	0	0
K11659	0	0	0	0	0	0	0	0
K15540	5	7	0	3	0	0	18	0
K02920	11	9	0	0	1	0	0	0
K15541	0	0	0	0	0	0	0	0
K02921	3	2	0	1	2	1	4	0
K01141	39	39	1	3	18	17	240	2
K02922	1	0	0	0	0	0	1	0
K15542	0	0	0	1	0	0	7	0
K01142	240	241	32	401	690	252	2935	80
K15543	0	0	0	0	0	0	0	0
K02923	0	0	0	1	0	0	2	0
K01143	4	0	0	0	0	0	3	1
K20840	0	0	0	0	0	0	0	0
K02924	0	0	0	0	2	1	2	0
K15544	0	0	0	1	1	0	1	0
K01144	46	28	10	131	145	49	671	20
K19420	0	0	0	1	6	0	6	1
K15545	2	0	6	73	23	27	167	9
K02925	0	0	0	0	0	0	2	0
K05020	25	39	0	7	109	2	67	0
K05021	0	0	0	0	0	0	0	0
K01146	0	0	0	0	2	0	3	0
K19421	0	1	4	18	62	24	173	5
K15546	6	21	6	62	40	35	362	10
K02926	98	86	17	221	351	121	1120	28
K05022	0	0	0	0	0	0	0	0
K20843	2	3	0	0	0	0	4	0
K19422	0	0	1	3	9	1	21	0
K15547	0	0	1	20	0	29	184	4
K02927	1	4	0	4	7	5	37	1
K01147	49	60	8	129	82	69	1128	22
K02928	0	0	0	0	0	0	0	0
K05023	0	0	0	0	0	0	0	0
K19423	0	0	0	0	2	0	4	0
K15548	1	0	0	2	0	1	5	0
K20844	11	17	6	63	16	4	162	7
K01148	2	1	0	0	0	0	3	0
K05024	0	0	0	0	0	0	0	0
K19424	5	7	6	50	100	2	210	12
K15549	2	0	1	33	5	16	149	8
K02929	4	4	1	0	8	2	6	0
K05025	0	0	0	0	0	0	0	0
K20846	2	1	1	3	1	0	4	0
K19425	0	0	0	0	1	0	0	0
K05026	0	0	0	0	0	0	0	0
K19426	0	0	0	0	0	0	1	0
K20847	0	0	0	9	6	0	20	0
K06810	0	0	0	0	0	0	0	0
K20848	1	1	0	0	0	0	0	0
K05027	0	0	0	0	0	0	1	0
K19427	1	2	0	13	6	3	10	0
K05028	0	0	0	0	0	0	0	0
K20849	0	0	0	0	1	0	0	0
K19428	5	6	2	35	33	11	113	2
K06811	0	0	0	1	0	0	0	0
K06812	0	0	0	0	0	0	0	0
K19429	1	7	0	2	7	0	48	0
K06813	0	0	0	0	0	0	0	0
K03790	108	105	14	248	298	75	1136	33
K06814	0	0	0	0	0	0	0	0
K10330	0	0	0	0	0	0	0	0
K03791	48	38	6	43	86	15	273	16
K03792	0	0	0	0	0	0	0	0
K10331	0	0	0	0	1	0	0	0
K10332	0	0	0	0	1	0	2	1
K06816	0	0	0	4	1	1	4	0
K03793	24	34	5	81	105	27	473	11
K10333	0	0	0	0	0	0	0	0
K03794	0	1	1	3	12	1	41	0
K06818	0	0	0	0	0	0	0	0
K10334	0	0	0	1	0	0	0	0
K03795	9	17	7	45	86	20	242	8
K06819	0	0	0	0	0	0	0	0
K10335	0	0	0	0	0	0	0	0
K03796	4	7	0	11	4	1	17	1
K10336	0	0	0	0	0	0	3	1
K03797	244	321	81	754	1237	337	4748	130
K10337	0	0	0	0	0	0	1	0
K03798	240	317	127	1039	1776	452	6632	172
K10338	0	0	0	1	0	0	2	0
K03799	91	87	39	452	676	167	1976	64
K10339	0	0	0	0	0	0	0	0
K07680	2	0	0	8	22	1	37	2
K07681	0	3	0	4	9	2	22	1
K07682	0	1	2	19	28	1	58	4
K01601	48	37	19	95	118	35	593	14
K07683	2	3	12	147	94	60	688	28
K01602	4	8	0	19	22	13	94	2
K12980	6	7	1	2	14	7	47	0
K07684	70	54	15	176	200	58	829	35
K12981	2	1	0	0	0	0	2	0
K07685	7	7	2	29	28	11	144	5
K18100	3	2	0	0	1	0	1	0
K12982	17	16	2	32	79	15	271	4
K07686	8	3	1	2	2	1	17	0
K18101	0	0	0	4	6	2	29	0
K12983	1	0	1	0	2	0	8	0
K07687	5	9	0	4	2	4	36	2
K18102	0	0	0	0	1	2	10	0
K12984	7	9	6	43	39	18	239	13
K07688	2	2	0	1	4	2	22	2
K01607	99	101	40	453	407	212	2278	74
K18103	0	0	0	1	1	0	0	0
K12985	0	0	0	0	0	0	0	0
K07689	22	12	4	33	70	20	297	12
K01608	43	36	3	78	91	25	442	11
K18104	0	1	1	3	8	2	31	0
K12986	0	0	0	0	0	0	2	0
K01609	88	119	24	287	430	95	1313	31
K18105	0	0	0	1	2	0	0	0
K12987	0	0	0	1	6	1	25	0
K18106	2	1	5	34	15	22	169	8
K12988	1	2	0	2	13	3	53	1
K18107	0	0	0	0	0	0	1	0
K12989	20	11	2	21	20	5	130	3
K18108	0	0	0	0	0	0	0	0
K18109	0	0	0	0	2	0	7	0
K16870	2	10	2	32	52	3	122	6
K02470	245	269	88	866	1389	394	5556	141
K16871	36	13	5	125	83	44	518	12
K02471	50	40	15	286	178	177	1846	47
K16872	23	12	1	6	22	8	107	1
K02472	33	33	12	265	344	60	800	30
K16873	1	4	3	72	35	16	257	8
K02473	43	50	7	90	205	38	705	24
K16874	7	8	8	183	157	141	729	31
K02474	68	90	8	172	307	110	1295	38
K15095	1	0	0	0	3	0	8	0
K20391	0	1	0	3	5	0	7	0
K16875	0	0	0	0	2	2	11	0
K02475	4	3	0	16	9	0	25	2
K15096	0	0	0	0	0	0	0	0
K20392	0	0	0	0	0	0	0	0
K16876	5	11	5	89	43	34	281	10
K02476	24	36	1	47	77	2	121	3
K20393	0	0	0	0	0	0	1	0
K16877	16	8	13	224	132	53	677	19
K02477	77	145	32	249	395	94	1576	60
K20394	0	0	0	0	0	0	0	0
K16878	6	2	2	45	21	7	89	3
K02478	16	30	10	124	119	33	411	14
K20395	0	0	0	0	0	0	0	0
K16879	1	3	0	17	10	7	55	3
K02479	20	19	19	168	243	37	649	26
K20396	0	0	0	0	0	0	0	0
K20397	0	0	0	0	0	0	0	0
K20398	0	0	0	0	0	0	0	0
K06360	0	0	0	0	0	0	0	0
K20399	0	0	0	0	0	0	0	0
K06361	0	0	1	0	0	0	0	0
K06362	0	0	0	1	0	0	0	0
K06363	0	0	0	0	0	0	0	0
K11660	0	0	0	0	0	0	0	0
K06365	0	0	1	0	0	0	0	0
K11661	0	0	0	0	1	0	1	0
K06366	0	0	0	0	0	0	0	0
K11662	2	3	0	0	2	0	1	0
K06367	0	0	0	0	0	0	0	0
K11663	0	0	0	0	1	0	0	0
K06368	0	0	0	0	0	0	0	0
K11664	0	0	0	0	0	0	2	0
K06369	0	0	0	0	0	0	0	0
K11665	4	0	0	1	0	0	4	1
K11666	0	0	0	0	0	0	0	0
K11667	0	0	0	0	0	0	0	0
K11668	0	0	0	0	0	0	0	0
K11669	0	0	0	0	0	0	0	0
K15550	2	2	0	3	2	1	41	2
K02930	45	44	0	3	19	2	14	1
K01150	9	1	0	1	7	0	11	0
K15551	19	13	1	36	41	43	315	7
K02931	76	64	24	241	370	180	1663	46
K01151	9	19	20	187	408	55	777	48
K02932	1	2	0	1	2	0	10	0
K15552	33	33	5	60	66	57	530	17
K01152	2	5	1	8	17	0	21	1
K15553	55	87	8	245	125	111	1016	42
K02933	59	80	32	250	410	140	1440	27
K01153	119	118	49	373	1144	139	3411	120
K20850	0	0	0	3	9	0	7	0
K15554	49	54	8	155	144	84	867	30
K02934	0	0	0	0	0	0	1	0
K01154	30	34	27	88	441	25	1186	29
K05030	0	0	0	0	0	0	1	0
K19430	1	2	0	7	33	10	115	2
K15555	41	37	8	127	146	85	851	21
K02935	43	50	17	153	218	42	506	32
K01155	1	0	0	4	32	3	76	4
K05031	0	0	0	0	0	0	0	0
K19431	6	8	1	4	9	1	45	2
K15556	1	0	1	17	3	6	61	4
K02936	1	1	0	1	10	2	4	0
K01156	29	9	24	126	389	16	898	18
K15557	0	0	0	0	0	0	1	0
K05032	0	0	0	0	1	0	3	1
K02937	4	1	0	0	0	0	0	0
K19433	0	0	0	0	1	0	0	0
K20854	0	1	0	0	0	0	1	0
K05033	0	0	0	0	0	0	1	0
K15558	0	0	0	0	4	2	14	2
K02938	0	1	0	0	1	0	3	0
K01158	0	0	0	3	3	0	13	0
K20855	2	1	0	0	0	0	1	0
K15559	5	3	0	0	0	0	0	0
K05034	0	0	0	1	0	0	2	0
K02939	60	74	17	205	304	68	866	39
K01159	56	75	23	176	277	63	990	25
K05035	0	0	0	0	0	0	0	0
K20856	1	0	0	0	0	0	0	0
K20857	0	0	0	0	0	0	0	0
K05036	0	0	0	0	0	0	1	1
K05037	0	0	0	0	0	0	0	0
K20858	0	0	0	0	0	0	1	0
K06820	0	0	0	0	0	0	2	0
K20859	12	20	2	42	73	2	93	1
K06821	0	0	0	0	0	0	0	0
K05038	0	0	0	1	0	0	2	1
K05039	0	0	0	0	0	0	0	0
K06822	0	0	0	0	0	0	0	0
K06823	0	0	0	0	0	0	0	0
K06824	0	0	0	0	1	0	0	0
K10340	0	0	0	1	1	0	3	1
K06825	0	0	0	0	0	0	0	0
K10341	0	0	0	4	4	0	4	0
K10342	0	0	0	3	4	0	4	0
K06826	0	0	0	0	0	0	4	0
K06827	0	0	0	0	0	0	0	0
K10343	0	0	0	0	0	0	0	0
K06828	0	0	0	0	0	0	0	0
K10344	0	0	0	0	0	0	0	0
K06829	0	0	0	0	0	0	0	0
K10345	0	0	0	0	0	0	0	0
K10347	0	0	0	0	0	0	0	0
K10348	0	1	0	1	0	0	0	0
K10349	0	0	0	1	0	0	1	0
K07690	8	3	1	1	5	6	56	2
K07691	0	6	0	1	2	0	2	0
K01610	89	60	31	282	563	152	1850	45
K07692	0	3	3	9	26	7	57	2
K01611	19	24	3	42	82	28	282	6
K07693	17	32	9	101	105	22	276	15
K01612	0	0	5	43	78	72	293	11
K12990	4	10	1	16	19	1	117	2
K07694	1	0	1	12	31	3	43	5
K01613	90	75	21	196	296	117	1270	34
K12991	1	0	0	1	2	0	8	1
K07695	3	4	2	25	42	5	100	0
K18110	0	0	0	0	0	0	2	0
K12992	7	6	0	15	52	7	100	5
K07696	3	8	2	39	99	14	210	9
K01615	1	0	1	7	19	2	30	0
K18111	0	0	0	2	0	0	2	0
K12993	8	1	2	14	25	3	93	4
K07697	0	0	0	10	16	2	25	0
K01616	19	62	7	145	293	37	796	17
K12994	8	7	4	37	62	13	218	8
K07698	0	0	0	6	5	1	18	1
K01617	9	7	3	57	55	17	298	3
K18113	0	0	0	0	0	0	0	0
K01618	0	0	0	0	0	0	0	0
K12995	39	36	13	167	184	92	1109	27
K07699	1	0	1	4	8	0	6	2
K18114	0	0	0	0	0	0	0	0
K12996	1	6	3	13	48	7	104	3
K01619	47	81	22	208	368	69	1195	30
K18115	0	5	0	1	7	0	5	0
K12997	1	2	0	2	12	6	54	2
K18116	0	0	0	0	0	0	0	0
K12998	0	0	0	0	0	0	3	0
K12999	0	0	2	4	3	1	20	0
K18117	0	0	0	0	0	0	5	0
K18118	30	14	2	22	26	15	137	1
K18119	0	1	2	7	7	3	44	0
K16880	3	5	0	51	30	10	110	6
K02480	49	53	22	213	242	49	751	33
K16881	7	19	18	261	399	51	658	34
K10800	1	1	1	9	18	2	99	1
K02481	83	83	45	372	838	221	2993	83
K16882	0	0	0	0	1	0	0	0
K10801	0	0	0	0	1	0	0	0
K02482	83	93	43	396	538	181	2172	77
K10802	1	0	0	1	0	0	2	0
K02483	431	397	87	1052	1150	456	5927	156
K10803	0	0	0	0	0	0	0	0
K02484	129	165	43	448	631	78	1753	64
K16885	0	0	1	1	4	0	7	0
K10804	54	46	8	118	232	70	900	23
K02485	25	26	3	43	84	20	293	13
K16886	0	0	1	3	6	1	17	0
K10805	59	57	11	171	210	46	743	16
K02486	8	6	7	29	68	16	290	3
K16887	0	0	0	0	4	0	7	0
K10806	49	30	3	45	85	29	470	13
K02487	158	175	17	206	318	152	1890	39
K16888	0	0	0	0	0	0	0	0
K10807	3	1	0	0	3	2	20	2
K02488	56	51	9	157	258	57	917	25
K16889	0	0	0	0	0	0	0	0
K02489	0	1	0	0	0	0	1	0
K10808	1	0	1	0	0	1	9	0
K10809	0	0	0	0	0	0	1	0
K06370	0	0	0	4	9	1	30	1
K06371	0	0	0	0	0	0	0	0
K06372	0	0	0	0	0	0	0	0
K06373	5	10	1	9	34	14	147	4
K11670	0	0	0	0	0	0	0	0
K06374	10	5	1	5	32	6	84	1
K11671	3	0	0	0	0	0	1	0
K06375	0	0	0	2	7	0	4	0
K06376	0	0	0	0	0	0	0	0
K11672	0	0	0	0	1	0	4	0
K11673	0	0	2	0	0	0	3	0
K06377	4	25	0	11	29	0	26	1
K11674	0	0	0	0	0	0	1	0
K06378	4	4	4	42	65	8	189	10
K11675	0	0	0	0	0	0	0	0
K06379	0	0	1	18	12	11	79	3
K11676	0	0	0	0	0	0	1	0
K11677	0	0	0	0	0	0	0	0
K11678	0	0	0	0	0	0	0	0
K11679	0	0	0	0	0	0	0	0
K15560	0	0	0	0	0	0	0	0
K02940	1	1	0	1	0	0	3	0
K01160	9	0	2	5	13	5	38	0
K15561	0	0	0	0	0	0	0	0
K02941	0	1	0	0	1	0	1	0
K01161	0	0	0	0	1	0	0	0
K15562	0	0	0	0	0	0	1	0
K02942	0	0	0	1	0	0	0	0
K15563	1	0	0	0	0	0	1	0
K02943	1	0	0	0	0	0	0	0
K01163	0	1	0	3	13	5	24	0
K15564	0	0	0	0	0	0	0	2
K20860	0	0	0	0	5	0	5	0
K02944	0	0	0	0	0	1	1	0
K01164	2	0	0	1	1	0	7	1
K20861	0	0	0	0	0	0	2	0
K15565	0	0	0	0	0	0	0	0
K02945	183	204	59	539	889	446	4162	71
K01165	0	1	0	3	1	1	9	1
K15566	0	0	0	0	0	2	4	0
K20862	29	37	4	32	39	16	186	6
K02946	52	49	9	103	192	86	865	28
K01166	46	38	2	53	40	21	227	0
K20863	0	0	0	0	0	0	0	0
K02947	1	0	0	2	0	0	1	0
K01167	5	16	2	10	5	3	55	0
K05043	0	0	0	0	0	0	0	0
K01168	0	0	0	0	0	0	0	0
K20864	0	0	0	0	0	0	0	0
K02948	82	73	27	153	243	75	797	34
K02949	0	0	0	0	1	0	0	0
K20865	0	0	0	0	0	0	0	0
K01169	14	10	1	43	21	16	147	0
K20866	17	28	4	46	64	20	261	7
K20867	2	1	0	0	0	0	1	0
K06830	0	0	0	0	0	0	0	0
K20868	0	0	1	0	1	0	2	0
K06831	0	0	0	0	0	0	0	0
K05048	0	0	0	0	0	0	0	0
K20869	0	3	0	0	0	0	0	0
K06832	0	0	0	0	0	0	0	0
K19449	0	0	0	1	5	1	3	0
K06833	0	0	0	0	0	0	0	0
K10350	0	0	0	0	1	0	0	0
K06834	1	0	0	0	3	0	13	0
K10351	0	0	0	0	0	0	0	0
K06835	0	0	0	0	1	0	10	1
K06836	0	0	0	0	0	0	8	0
K10352	1	3	0	0	2	0	14	1
K06837	0	0	0	0	0	0	0	0
K10353	0	0	0	2	2	0	6	0
K06838	0	0	0	0	0	0	0	0
K10354	0	0	0	0	2	0	0	0
K06839	0	0	0	0	0	0	0	0
K10355	2	1	0	2	3	0	3	0
K10356	6	3	0	0	6	0	8	0
K10357	297	188	1	0	5	1	23	0
K10358	0	0	0	0	0	0	2	0
K10359	0	0	0	0	0	0	0	1
K01620	108	119	40	436	565	127	2114	48
K01621	66	65	61	592	575	259	3292	74
K14242	0	0	0	0	0	0	2	0
K01622	0	1	0	16	65	11	55	2
K01623	60	55	22	199	264	163	1373	32
K01624	71	102	19	222	204	92	1258	29
K19900	0	0	0	0	0	0	0	0
K18120	1	1	1	0	5	0	11	1
K01625	87	81	9	120	164	56	801	10
K19901	0	0	0	0	0	0	0	0
K18121	1	1	0	3	8	3	47	0
K05501	11	23	1	8	14	13	151	1
K01626	168	146	38	352	459	157	2074	39
K19902	0	0	0	0	0	0	0	0
K18122	0	1	2	12	35	7	90	5
K05502	0	0	0	0	1	0	0	0
K01627	53	50	17	167	277	113	1367	35
K05503	0	0	0	0	0	0	0	0
K19903	0	0	0	0	0	0	0	0
K18123	0	0	1	35	25	9	137	2
K01628	28	39	21	282	306	107	1307	40
K05504	0	0	0	0	0	0	0	0
K18124	0	0	0	3	8	0	10	0
K19904	0	0	0	0	0	0	0	0
K01629	11	23	5	57	78	11	266	11
K05505	0	0	0	0	0	0	0	0
K19905	0	0	0	0	0	0	0	0
K18125	0	0	0	5	11	0	12	0
K19906	0	0	0	0	0	0	0	0
K18126	0	0	0	0	0	0	1	0
K19907	0	0	0	0	0	0	0	0
K18127	0	0	0	0	0	0	0	0
K05508	0	0	0	0	0	0	0	0
K18128	0	0	0	0	0	1	1	0
K19908	0	0	0	0	0	0	0	0
K19909	0	0	0	0	0	0	0	0
K18129	0	0	0	0	1	1	8	0
K16890	0	0	0	0	0	0	0	0
K02490	0	1	2	9	27	3	95	3
K16891	0	0	0	0	0	0	0	0
K10810	0	0	0	6	14	1	12	0
K02491	1	2	0	16	35	9	86	2
K16892	0	0	0	0	0	0	0	0
K10811	1	4	0	2	1	0	2	0
K02492	86	120	25	384	624	108	1576	59
K16893	0	0	0	0	0	0	0	0
K10812	0	0	0	0	0	0	0	0
K02493	92	110	26	302	518	63	1220	53
K16894	0	0	0	0	0	0	0	0
K02494	20	19	1	12	22	2	77	1
K16895	0	0	0	0	0	1	0	0
K10814	1	0	0	4	12	15	38	1
K02495	25	1	1	9	11	3	63	0
K16896	0	0	0	0	0	0	0	0
K10815	14	22	1	7	12	11	119	3
K02496	32	37	1	13	25	7	194	7
K16897	0	0	0	0	0	0	0	0
K02497	1	0	0	2	4	0	9	1
K10816	5	3	1	8	2	4	67	1
K16898	195	176	37	353	548	174	2182	67
K10817	8	3	0	16	9	1	22	4
K02498	98	77	1	122	117	50	598	19
K16899	173	116	22	288	387	97	1336	32
K02499	44	34	16	182	296	47	684	26
K10819	15	31	3	34	100	17	162	4
K06380	0	0	0	0	0	0	2	0
K14700	0	0	0	0	0	0	1	0
K06381	4	5	10	91	288	19	361	22
K14701	0	0	0	0	0	0	1	0
K06382	3	4	0	2	26	2	19	0
K00301	3	7	7	76	164	22	351	14
K14702	0	0	0	0	0	0	0	0
K06383	0	0	0	2	4	0	0	0
K00302	182	146	13	327	574	155	1827	34
K11680	0	0	0	0	0	0	0	0
K14703	0	0	0	0	0	0	1	0
K06384	1	0	3	19	28	3	88	4
K00303	130	100	21	400	598	110	1717	63
K14704	1	1	0	0	0	0	1	0
K11681	1	0	0	0	2	0	1	0
K06385	1	1	0	1	12	0	10	0
K00304	28	22	2	24	56	7	153	3
K14705	0	0	0	0	0	0	0	0
K11682	0	0	0	0	0	0	0	0
K06386	0	1	1	1	7	0	6	0
K00305	37	14	1	43	68	12	201	7
K11683	0	0	0	0	0	0	0	0
K06387	0	0	0	1	3	0	1	0
K14706	0	0	0	0	0	0	0	0
K00306	178	213	0	4	15	3	23	1
K06388	0	0	0	0	0	0	0	0
K14707	0	0	0	0	0	0	1	0
K11684	0	0	0	1	0	0	2	0
K06389	0	0	0	0	0	0	0	0
K11685	0	0	0	0	1	0	0	0
K14708	0	0	1	1	2	0	5	0
K00308	0	0	1	0	0	0	0	0
K22100	0	0	0	0	1	0	6	0
K14709	78	60	0	0	1	0	4	0
K11686	0	0	0	3	1	0	12	1
K11687	0	0	0	0	1	0	2	0
K22101	0	0	0	1	2	0	3	0
K22102	0	0	0	0	0	1	1	0
K11688	66	32	8	72	94	64	576	14
K22103	2	0	0	0	6	0	6	0
K11689	9	4	2	20	32	29	215	6
K22104	8	7	0	3	6	1	16	1
K22105	5	6	0	2	1	2	26	0
K22106	0	0	0	2	1	2	17	0
K01170	0	0	0	3	27	5	15	2
K02950	50	59	20	137	210	47	775	26
K01171	0	0	0	0	0	0	0	0
K02951	0	0	0	0	0	0	0	0
K22107	1	7	3	37	23	3	79	6
K22108	2	8	3	45	30	2	107	3
K02952	60	66	18	154	262	74	793	31
K02953	0	0	0	1	0	0	1	0
K22109	0	0	0	0	3	0	1	0
K01173	30	43	12	67	171	45	664	37
K20870	4	2	0	0	1	0	2	0
K01174	16	11	7	35	197	8	285	10
K02954	61	60	17	116	183	90	732	20
K05050	0	0	0	0	0	0	0	0
K20871	0	0	0	0	0	0	0	0
K01175	1	1	1	4	15	2	42	1
K02955	2	0	0	0	1	0	2	0
K05051	0	0	0	0	0	0	0	0
K20872	0	0	0	0	1	0	4	0
K15576	122	125	15	98	198	116	1105	23
K01176	105	108	16	206	381	60	1074	41
K02956	61	51	13	135	232	86	688	19
K05052	0	0	0	0	0	0	0	0
K20873	0	0	0	0	0	0	0	0
K02957	0	0	0	0	0	0	0	0
K15577	51	65	7	46	116	45	483	23
K01177	0	1	0	1	1	1	6	0
K05053	0	0	0	0	0	0	0	0
K15578	81	58	5	55	137	50	671	16
K01178	30	50	42	433	291	113	1447	51
K02958	1	0	0	0	0	0	3	0
K05054	0	0	0	0	0	0	0	0
K20875	0	0	0	0	0	0	1	0
K15579	3	15	0	8	28	9	126	5
K01179	370	664	117	1066	1380	246	4893	215
K02959	50	50	12	127	206	49	554	31
K20876	0	0	0	0	0	0	1	0
K05056	0	0	0	0	0	0	0	0
K20877	0	0	0	0	1	0	4	0
K05057	0	0	0	0	0	0	0	0
K06840	0	0	0	0	0	0	0	0
K20878	0	0	0	0	0	0	0	0
K05058	0	0	0	0	0	0	0	0
K06841	0	0	0	0	0	0	0	0
K20879	0	0	0	0	1	0	2	0
K06842	0	0	0	0	0	0	0	0
K06843	0	0	0	0	0	0	0	0
K10360	0	0	0	0	0	0	3	0
K06845	0	0	0	0	0	0	0	0
K10361	0	0	0	0	0	0	1	0
K06846	0	0	0	0	0	0	0	0
K10362	0	0	0	0	0	0	0	0
K06847	0	0	0	0	0	0	0	0
K10363	0	0	0	0	0	0	0	0
K06848	0	0	0	0	0	0	0	0
K10364	1	0	0	0	1	0	1	0
K06849	0	0	0	0	0	0	0	0
K10365	0	0	0	0	0	0	2	0
K10366	0	0	0	0	1	0	2	0
K10367	0	0	0	1	1	0	0	0
K10368	0	0	0	0	0	0	0	0
K10369	0	0	0	0	0	0	0	0
K14250	0	5	0	5	12	1	16	0
K01630	41	31	8	97	154	35	585	20
K14251	3	4	0	5	9	1	13	0
K01631	53	43	1	41	86	22	387	4
K14252	1	0	0	6	4	0	16	1
K14253	1	0	0	2	0	0	3	0
K01633	69	65	13	129	200	47	574	17
K01634	1	19	11	120	170	27	490	8
K19910	0	0	0	0	0	0	0	0
K18130	0	0	0	0	0	0	0	0
K01635	5	1	4	68	55	16	243	5
K18131	0	0	0	0	0	0	0	0
K19911	0	0	0	0	0	0	0	0
K19912	0	0	0	0	0	0	0	0
K14257	2	3	1	53	72	15	300	16
K01637	100	120	42	307	463	139	1871	58
K05513	0	0	0	0	0	0	0	0
K18133	0	0	0	0	0	1	11	1
K14258	0	0	0	0	0	0	1	0
K01638	187	176	29	442	650	213	2679	68
K19914	0	0	0	0	0	0	0	0
K18134	131	112	0	0	0	0	1	0
K14259	10	21	6	77	118	19	373	4
K01639	4	16	3	14	40	7	166	3
K19915	0	0	0	0	0	0	0	0
K18135	25	6	0	2	6	0	10	1
K05515	138	136	39	538	1060	261	2868	85
K19916	0	0	0	0	0	0	0	0
K18136	1	0	0	0	0	0	0	0
K05516	51	73	26	254	500	93	1358	50
K19917	0	0	0	0	0	0	0	0
K05517	0	0	0	0	0	0	2	0
K18137	0	0	0	0	1	0	1	0
K19918	0	0	0	0	0	0	0	0
K18138	530	443	75	931	1501	917	9111	173
K05518	2	2	0	6	22	2	23	0
K19919	0	0	1	0	2	0	5	0
K18139	66	84	24	233	157	65	948	34
K05519	1	0	0	4	4	0	15	2
K10820	0	0	0	1	2	0	6	0
K09400	0	0	0	0	0	0	0	0
K09401	0	0	0	0	0	0	1	0
K10822	1	0	0	14	4	5	58	1
K09402	0	0	0	0	0	0	0	0
K10823	199	165	44	499	887	150	2762	82
K10824	5	5	2	13	23	4	55	6
K09403	0	0	0	0	0	0	1	0
K09404	0	0	0	0	0	0	0	0
K10826	0	0	0	0	0	0	0	0
K09405	0	0	0	0	0	0	0	0
K09406	0	0	0	0	0	0	0	0
K10827	0	0	0	0	0	0	1	0
K09407	0	0	0	0	0	0	0	0
K09408	0	0	0	0	0	0	0	0
K09409	0	0	0	0	0	0	0	0
K06390	0	0	0	1	4	0	3	0
K06391	0	0	0	0	1	0	1	0
K00310	1	0	0	5	5	0	14	1
K14710	0	0	0	0	0	0	0	0
K06392	0	0	0	0	0	0	0	0
K14711	0	0	0	0	0	0	0	0
K00311	129	107	33	347	492	191	2431	45
K00312	0	0	0	0	0	0	0	0
K06393	0	0	0	0	0	0	0	0
K14712	0	0	0	0	0	0	0	0
K06394	1	0	0	0	0	0	1	1
K14713	0	0	0	1	3	1	10	0
K11690	38	30	13	131	120	78	772	19
K00313	0	0	4	47	68	17	137	3
K06395	0	0	0	0	1	0	0	0
K14714	1	0	0	0	0	0	2	0
K11691	1	0	0	1	2	0	6	0
K00314	37	22	0	7	36	13	128	0
K06396	0	0	0	1	3	0	0	0
K14715	0	0	0	0	0	0	0	1
K11692	0	0	0	0	2	0	2	1
K00315	102	73	6	140	247	60	834	11
K14716	0	0	0	0	0	0	0	0
K11693	1	1	1	3	24	1	15	1
K06397	0	0	0	0	3	0	1	0
K00316	3	6	7	158	47	77	581	17
K14717	0	0	0	0	0	0	1	0
K11694	0	0	0	0	7	0	1	0
K06398	2	1	0	1	14	1	11	0
K00317	28	26	9	215	151	56	646	16
K14718	0	0	0	0	0	0	0	0
K11695	0	0	0	0	7	0	1	0
K06399	8	10	0	14	26	3	62	3
K00318	21	42	17	196	372	99	1110	29
K11696	0	0	0	0	0	0	0	0
K14719	0	0	0	0	0	1	1	0
K00319	0	0	0	0	0	0	0	0
K22110	0	3	11	101	159	92	653	19
K11697	0	0	0	0	0	0	0	1
K22111	0	0	0	0	0	0	0	0
K11698	0	0	0	0	0	0	0	0
K22112	0	0	1	4	2	0	5	2
K11699	21	9	0	0	1	0	8	1
K22114	1	1	0	0	0	1	2	0
K02960	0	1	0	0	0	0	0	1
K22116	0	8	1	9	23	4	33	3
K15580	99	100	22	239	801	126	1608	59
K01180	2	3	0	0	0	0	8	0
K22117	0	0	0	0	0	0	0	0
K15581	51	48	15	114	349	52	696	20
K02961	56	46	7	150	202	69	643	28
K01181	152	228	30	235	397	78	1370	41
K22118	0	0	0	0	0	0	0	0
K15582	59	74	19	173	447	65	964	40
K02962	0	0	0	1	10	0	1	0
K01182	59	79	6	73	255	40	527	18
K22119	0	1	0	0	1	0	0	0
K15583	158	115	23	221	536	105	1776	52
K02963	51	46	16	124	161	55	576	19
K01183	117	232	36	395	450	68	1517	78
K20880	0	0	0	1	0	0	1	1
K02964	1	0	0	0	0	0	0	0
K15584	17	6	0	8	20	3	72	3
K01184	17	10	3	59	15	13	209	14
K05060	0	0	0	0	0	0	0	0
K20881	11	5	0	5	10	9	35	0
K15585	7	5	11	75	125	46	414	14
K02965	52	47	18	116	193	107	1008	20
K01185	46	11	11	30	63	8	191	10
K05061	0	0	0	0	0	0	0	0
K02966	0	0	0	4	16	2	9	1
K20882	0	0	0	5	3	1	19	0
K15586	12	3	0	7	21	3	59	1
K01186	34	51	17	229	255	45	1023	36
K05062	0	0	0	0	0	0	0	0
K15587	3	3	0	15	16	1	13	1
K02967	98	76	29	291	441	146	1692	53
K01187	450	541	64	723	1335	329	4146	106
K05063	0	0	0	0	0	0	0	0
K20884	0	1	0	1	0	0	2	0
K15588	0	0	0	0	0	0	2	0
K02968	46	42	12	103	175	33	471	17
K01188	57	49	0	8	5	3	39	0
K05064	0	0	0	0	0	0	0	0
K15589	0	0	0	0	0	0	0	0
K02969	1	0	0	0	0	0	0	0
K19464	0	0	0	0	0	0	0	0
K20885	5	16	1	21	70	7	249	5
K01189	0	0	0	1	0	1	2	0
K20886	0	0	0	0	0	0	0	0
K05065	0	0	0	0	0	0	0	0
K19465	0	0	0	0	7	1	6	0
K20887	0	0	0	0	0	0	1	0
K19466	0	1	0	0	0	0	0	0
K19467	0	0	0	0	0	0	0	0
K06850	0	0	0	0	0	0	0	0
K20888	3	1	0	0	0	0	2	0
K06851	0	0	0	0	0	0	0	0
K19468	0	0	0	0	0	0	0	0
K20889	0	0	0	0	0	0	0	0
K06852	0	0	0	0	0	0	0	0
K05069	0	0	0	0	0	0	0	0
K19469	0	0	0	0	0	0	0	0
K06853	0	0	0	0	0	0	0	0
K06854	0	0	0	0	0	0	0	0
K10370	0	0	1	0	0	0	1	0
K06855	0	0	0	0	0	0	0	0
K10371	0	0	0	0	0	0	0	0
K10372	0	0	0	0	0	0	0	0
K06856	0	0	0	0	0	0	0	0
K10373	0	0	0	0	0	0	0	0
K06857	11	18	0	36	66	28	273	5
K10374	0	0	0	0	0	0	0	0
K06858	24	30	1	11	15	9	138	3
K10375	0	0	0	0	0	0	0	0
K06859	6	5	0	2	10	4	43	1
K10376	0	0	0	0	0	0	0	0
K10377	0	0	0	0	0	0	0	0
K10379	0	0	0	0	0	0	0	0
K14260	64	79	5	94	116	50	604	9
K01640	101	97	22	267	393	120	1614	33
K14261	88	58	22	258	312	127	1553	27
K01641	9	5	5	27	102	14	152	4
K14262	0	0	0	0	1	0	0	0
K14263	0	0	0	0	0	0	0	0
K01643	3	0	0	21	11	14	112	0
K14264	0	0	0	0	1	2	4	0
K01644	108	138	24	424	516	133	1996	39
K01645	0	0	0	0	0	0	0	0
K19920	0	0	0	0	0	0	0	0
K18140	0	0	0	0	1	0	0	0
K14265	0	0	1	1	3	0	0	0
K05520	69	72	13	197	366	59	1067	30
K01646	0	0	0	2	1	0	4	0
K18141	1	0	0	1	0	0	11	0
K19921	0	0	0	0	0	0	1	0
K14266	267	155	11	73	203	101	1225	15
K05521	9	20	4	30	86	9	162	5
K19922	0	0	0	0	0	0	0	0
K18142	4	0	0	2	2	2	19	0
K14267	46	71	25	259	345	62	1022	24
K05522	23	63	7	105	180	30	509	14
K01647	205	297	79	933	1352	508	5697	145
K19923	0	0	0	0	0	0	0	0
K18143	13	4	1	13	31	10	125	6
K14268	12	2	0	13	7	4	43	1
K05523	0	0	0	2	0	0	14	0
K01648	4	4	0	0	1	0	7	0
K18144	12	4	1	11	37	5	75	2
K05524	48	39	16	101	135	79	754	17
K01649	241	295	93	952	1434	395	4862	132
K18145	8	4	1	3	7	0	19	0
K05525	1	5	2	16	25	6	68	4
K19926	0	0	0	0	0	0	0	0
K18146	13	17	7	61	28	28	398	8
K05526	7	8	1	1	13	1	30	0
K18147	0	1	0	2	1	0	5	0
K05527	38	25	1	31	46	15	179	7
K19928	0	0	0	0	0	0	0	0
K05528	0	0	0	0	1	0	1	0
K18148	8	11	2	14	26	6	50	0
K18149	0	0	0	1	2	0	0	0
K05529	0	0	0	0	0	0	0	0
K19929	0	0	0	0	0	0	0	0
K10830	0	0	0	2	0	0	4	0
K09410	0	0	0	0	0	0	0	0
K10831	10	12	2	21	28	22	225	4
K09411	0	0	0	0	0	0	0	0
K09413	0	0	0	0	0	0	1	0
K10834	42	16	3	27	33	21	322	7
K09414	0	0	0	0	0	0	0	0
K09415	0	0	0	0	0	0	0	0
K10837	0	0	0	0	0	1	1	0
K09416	0	0	0	0	0	0	0	0
K09417	0	0	0	0	0	0	0	0
K10838	1	0	0	0	1	0	1	1
K10839	0	1	0	1	0	0	3	0
K09419	31	21	0	1	0	0	3	0
K14720	0	0	0	0	0	0	0	0
K00320	7	16	16	148	274	49	598	40
K14721	21	14	0	1	1	0	1	0
K14722	0	0	0	0	0	0	0	0
K00322	50	41	21	216	235	68	1023	37
K14723	0	0	0	0	0	0	0	0
K00323	1	2	0	2	1	1	17	0
K14724	2	0	0	0	0	0	3	0
K00324	155	144	34	531	718	184	2586	67
K18600	0	0	0	0	0	0	0	0
K14725	0	0	0	0	1	0	0	0
K00325	115	105	42	405	632	218	2987	55
K14726	1	0	0	0	0	0	2	0
K18601	0	0	0	15	45	14	38	2
K00326	1	1	0	2	8	1	12	2
K18602	0	0	1	8	19	6	15	2
K14727	49	55	10	102	124	26	401	9
K00327	1	0	0	6	0	0	9	0
K04203	0	0	0	0	0	0	0	0
K18603	0	0	0	4	24	3	18	0
K14728	0	0	4	25	72	10	108	3
K22120	0	0	0	1	0	0	2	0
K04204	0	0	0	0	0	0	0	0
K18604	0	0	0	6	23	13	26	0
K14729	0	0	0	5	8	2	25	0
K00329	81	98	9	224	357	79	1239	33
K22121	0	0	0	0	0	0	0	0
K04205	0	0	0	0	0	0	0	0
K18605	0	0	0	3	10	0	4	0
K22122	0	0	0	0	1	0	0	0
K04206	0	0	0	0	0	0	0	0
K18606	0	1	0	2	1	0	6	0
K04207	0	0	0	0	0	0	0	0
K22123	0	0	0	0	0	0	0	0
K18607	0	2	0	3	3	1	31	0
K22124	0	0	0	0	0	0	4	0
K04208	0	0	0	0	0	0	0	0
K18608	5	4	0	0	2	1	22	0
K04209	0	0	0	0	0	0	0	0
K22125	0	0	0	0	0	0	0	0
K18609	0	0	0	1	4	0	13	1
K15590	0	0	0	0	0	0	0	0
K22126	0	0	0	0	0	0	0	0
K02970	42	40	6	90	115	82	491	25
K01190	219	446	75	473	509	177	2991	101
K02971	0	0	0	0	0	0	0	0
K22127	0	0	0	0	0	0	0	0
K01191	79	89	34	336	635	46	1271	60
K02972	0	0	0	0	0	0	0	0
K15592	0	0	0	0	0	0	0	0
K22128	0	2	0	0	0	0	0	0
K01192	131	157	15	270	235	60	997	21
K15593	0	0	0	0	0	0	0	0
K02973	0	0	0	1	0	0	1	0
K22129	33	26	1	20	88	5	151	9
K01193	56	59	9	82	143	16	450	8
K15594	0	0	0	0	0	0	0	0
K20890	1	2	0	0	1	0	2	0
K02974	1	5	0	3	9	1	5	2
K01194	41	44	3	134	259	51	586	12
K19470	0	0	0	0	0	0	0	0
K20891	5	1	0	0	0	0	0	1
K15595	0	0	0	0	0	0	0	0
K02975	0	0	0	2	6	1	4	0
K01195	38	81	12	99	161	19	372	13
K19471	0	0	0	0	0	0	0	0
K05071	0	0	0	0	0	0	0	0
K20892	1	1	0	1	0	1	1	0
K15596	0	0	0	0	0	0	0	0
K02976	1	1	0	3	6	0	2	0
K01196	0	0	0	1	1	0	2	0
K20893	0	0	0	0	0	0	0	0
K19472	0	0	0	0	0	0	0	0
K02977	1	2	1	1	8	1	7	0
K01197	11	13	0	26	77	9	133	8
K20894	0	0	0	0	0	0	0	0
K19473	0	0	0	0	0	0	0	0
K02978	0	0	1	2	5	0	3	0
K15598	8	4	3	52	97	10	111	6
K01198	191	268	15	247	303	114	1573	31
K19474	0	0	0	0	0	0	0	0
K01199	0	0	0	0	0	0	1	0
K20895	0	0	0	4	4	2	11	1
K15599	12	11	1	32	70	7	111	5
K02979	0	0	0	2	7	1	2	0
K05075	0	0	0	0	0	0	0	0
K20896	1	0	0	1	5	0	1	0
K19475	0	0	0	0	0	0	0	0
K05076	0	0	0	0	0	0	0	0
K20897	0	0	0	0	0	0	0	0
K19476	18	8	0	0	1	1	15	1
K20898	0	0	0	0	1	0	0	0
K19477	0	0	0	6	4	2	30	2
K06860	0	0	0	4	12	2	10	0
K19478	0	0	0	0	0	0	0	0
K20899	1	0	0	0	1	0	0	0
K06861	70	63	12	141	262	131	1454	26
K19479	0	0	0	0	0	0	0	0
K05079	0	0	0	0	0	0	0	0
K06862	0	0	4	14	43	4	117	2
K06863	0	1	0	14	36	14	34	2
K10380	0	0	1	7	4	0	25	1
K06864	3	14	4	130	279	33	506	28
K10381	0	0	0	0	0	0	0	0
K06865	0	1	0	5	34	14	24	1
K10382	0	0	0	0	0	0	2	0
K06866	0	1	0	0	1	0	1	0
K10383	0	0	0	0	0	0	0	0
K06867	82	71	34	271	309	107	1996	63
K10384	0	0	0	0	0	0	0	0
K06868	0	0	0	0	0	0	0	0
K06869	0	0	0	5	29	2	9	1
K10386	0	0	0	0	0	0	0	0
K10387	0	0	0	0	0	0	0	0
K10388	0	0	0	0	0	0	2	0
K10389	1	0	1	0	0	0	4	0
K14270	0	1	0	0	0	0	1	0
K14271	0	0	0	0	0	0	0	0
K14272	1	0	0	0	0	0	0	0
K01652	445	457	207	2917	3200	1202	13494	399
K14273	0	0	0	3	2	0	3	0
K01653	56	61	11	177	278	79	940	24
K14274	170	166	35	538	561	140	2409	85
K01654	49	53	11	93	280	43	1008	29
K05530	0	0	0	0	0	0	0	0
K19930	0	0	0	0	0	0	0	0
K14275	0	0	0	0	0	0	7	0
K01655	0	2	0	2	14	0	8	0
K19931	0	0	0	0	0	0	0	0
K05531	0	0	0	0	2	0	3	2
K18151	1	1	2	39	28	6	150	2
K01656	0	1	1	4	9	1	16	4
K18152	0	0	0	0	0	0	0	0
K05532	0	0	0	0	0	0	0	0
K19932	0	0	0	1	1	0	0	0
K01657	719	691	64	614	866	232	3088	86
K19933	0	0	0	0	0	0	0	0
K05533	0	0	0	0	0	0	4	0
K01658	75	87	26	300	423	136	1656	47
K19934	0	0	0	0	0	0	0	0
K05534	0	0	0	0	1	0	0	0
K18154	0	0	0	0	1	0	0	0
K01659	31	50	4	77	142	93	746	12
K19935	0	0	0	0	0	0	1	0
K18155	0	0	0	0	0	0	0	0
K05535	0	0	0	2	4	0	16	0
K05536	0	0	0	0	0	0	0	0
K19936	0	0	0	0	0	0	0	0
K18156	0	0	0	0	1	0	1	0
K18157	0	0	0	0	0	0	0	0
K05537	0	0	0	0	0	0	0	0
K19937	1	0	0	0	0	0	0	0
K05538	0	0	0	0	1	0	0	0
K19938	0	0	0	0	0	0	0	0
K18158	0	0	0	0	0	0	1	1
K18159	0	1	0	0	0	0	1	0
K19939	0	0	0	0	0	0	0	0
K05539	78	64	6	78	75	48	613	12
K10840	0	0	0	0	0	0	0	0
K10841	0	0	0	1	0	0	10	0
K09420	2	0	0	0	1	0	3	0
K09421	0	0	0	0	0	0	1	0
K10842	0	0	0	1	0	0	1	0
K10843	14	24	11	106	122	6	182	11
K09422	675	502	0	2	0	0	17	0
K09423	0	0	0	0	0	0	0	0
K10844	45	62	1	10	38	8	238	3
K10845	1	1	0	0	0	0	0	0
K09424	0	0	0	0	0	0	0	0
K09425	0	0	0	0	0	0	0	0
K10846	1	0	0	0	2	0	9	0
K09426	0	0	0	0	0	0	0	0
K10847	0	0	0	1	0	0	0	0
K09427	0	0	0	0	0	0	0	0
K10848	0	1	0	7	20	4	12	2
K09428	0	0	0	0	0	0	0	0
K10849	0	0	0	0	0	0	0	1
K09429	0	0	0	0	0	0	0	0
K00330	58	69	22	179	346	173	1526	38
K14731	11	26	19	172	100	45	604	14
K00331	91	87	38	257	432	158	1847	63
K00332	70	88	28	235	382	136	1740	52
K14733	0	5	9	196	144	81	829	32
K00333	140	159	58	669	1077	364	4433	111
K14734	0	0	0	0	0	0	0	0
K00334	118	94	23	231	397	118	1549	43
K04210	0	0	0	0	0	0	0	0
K14735	0	0	0	6	1	3	26	0
K18610	0	1	0	5	9	1	18	0
K00335	182	184	67	752	1000	371	4622	110
K04211	0	0	0	0	0	0	0	0
K14736	0	0	0	0	0	0	0	0
K18611	0	0	0	18	4	6	55	4
K00336	184	228	57	665	910	332	4096	84
K04212	0	0	0	0	0	0	0	0
K14737	0	0	0	0	0	0	0	0
K18612	1	0	0	2	4	2	10	0
K00337	116	152	59	543	937	357	4039	97
K04213	0	0	0	0	0	0	0	0
K14738	0	0	0	0	0	0	0	0
K18613	2	0	6	29	10	8	78	5
K00338	67	92	24	251	357	177	1889	56
K04214	0	0	0	0	0	0	0	0
K14739	0	0	0	0	0	0	0	0
K22130	26	21	4	55	50	15	269	11
K18614	1	0	0	1	3	0	9	1
K00339	89	97	19	202	381	147	1718	48
K04215	0	0	0	0	0	0	0	0
K22131	42	43	2	53	80	26	361	11
K18615	0	0	0	0	0	0	2	0
K04216	0	0	0	0	0	0	0	0
K18616	0	0	0	0	0	0	0	0
K22132	35	29	0	10	24	7	218	1
K18617	0	0	0	0	0	0	0	0
K04217	0	0	0	0	0	0	0	0
K22133	2	1	4	31	26	4	87	4
K04218	0	0	0	0	1	0	0	0
K22134	0	0	0	0	0	0	3	0
K18618	0	0	0	0	0	0	0	0
K04219	0	0	0	0	1	0	0	0
K22135	0	1	2	27	87	11	144	5
K18619	0	1	4	19	15	1	30	3
K02980	0	0	0	0	0	0	0	0
K22136	13	16	13	143	190	42	684	20
K22137	0	0	0	0	0	0	0	0
K02981	0	0	0	0	0	0	4	0
K22138	0	0	0	0	0	0	0	0
K08100	14	7	3	29	187	24	365	10
K02982	87	96	23	269	378	146	1533	37
K08101	0	0	0	0	0	0	0	0
K22139	0	0	0	0	0	0	1	0
K02983	618	569	0	0	5	0	5	0
K08102	0	0	0	0	0	0	0	0
K02984	1	0	0	4	16	3	14	2
K08103	0	0	0	0	0	0	0	0
K19480	0	0	0	0	0	0	0	0
K02985	0	0	0	0	0	0	0	0
K19481	0	0	0	0	0	0	0	0
K05081	0	0	0	0	0	0	0	0
K08104	0	0	0	0	0	0	0	0
K02986	82	86	33	260	405	139	1469	45
K19482	0	0	0	0	0	0	0	0
K05082	0	0	0	0	0	0	0	0
K13401	4	3	0	0	0	0	0	0
K08105	0	1	0	1	0	0	2	0
K02987	0	0	0	4	20	7	17	0
K19483	0	0	0	0	0	0	0	0
K08106	0	0	0	0	0	0	0	0
K13402	0	0	1	1	4	3	27	0
K05083	0	0	0	0	1	0	0	0
K02988	74	72	24	200	323	83	1085	32
K08107	0	0	0	0	0	0	0	0
K19484	0	0	0	0	0	0	0	0
K13403	0	0	0	9	8	4	37	0
K05084	0	0	0	0	1	0	0	0
K02989	123	96	0	0	0	0	1	0
K08108	0	0	0	0	0	0	0	0
K19485	0	0	0	0	0	0	0	0
K05085	0	0	0	0	1	0	0	0
K08109	0	0	0	0	0	0	0	0
K19486	0	0	0	0	0	0	0	0
K05086	0	0	0	0	0	0	2	0
K19487	0	0	0	0	0	0	0	0
K06870	0	0	0	4	15	3	17	0
K05087	0	0	0	0	0	0	2	0
K19488	0	0	0	0	0	0	0	0
K13407	0	0	0	0	0	0	0	0
K06871	50	51	19	150	196	55	876	36
K05088	0	0	0	0	0	0	0	0
K19489	0	0	0	0	0	0	0	0
K05089	0	0	0	0	0	0	0	0
K13408	19	22	3	34	42	13	237	4
K06872	52	43	10	119	170	55	717	15
K13409	43	57	5	67	110	38	757	16
K06873	0	5	1	3	39	5	83	1
K10390	0	0	0	0	2	0	0	0
K06874	0	1	0	2	4	2	5	0
K10391	0	0	0	0	0	0	1	0
K06875	0	0	0	2	5	1	4	2
K10392	1	0	0	1	4	0	8	0
K06876	18	3	0	9	17	2	112	0
K10393	0	0	0	0	0	0	2	3
K06877	39	73	35	522	1000	117	2074	83
K10394	0	0	0	0	1	0	0	0
K06878	34	20	7	52	109	21	310	3
K10395	2	0	0	1	2	0	5	0
K06879	22	18	0	18	22	14	199	2
K10396	1	0	0	2	2	0	8	1
K10397	0	0	0	0	0	0	0	0
K10398	1	0	0	0	0	0	9	0
K10399	1	0	0	0	0	0	0	0
K14281	0	0	0	0	0	0	0	0
K01661	16	39	8	127	196	24	494	15
K14282	0	0	0	0	0	0	0	0
K01662	174	191	31	524	720	265	3487	83
K14283	0	0	0	0	0	0	0	0
K01663	9	0	0	13	32	3	56	2
K14284	1	0	0	0	0	0	0	1
K01664	26	33	11	111	161	48	603	16
K19940	1	0	0	0	0	0	0	0
K14285	0	0	0	0	0	0	0	0
K18160	1	0	0	2	0	0	4	1
K05540	73	74	9	131	230	96	1041	26
K01665	123	140	18	165	402	63	1022	36
K18161	0	0	0	0	0	0	0	0
K19941	0	0	0	0	0	0	0	0
K14286	0	1	0	5	7	6	34	0
K05541	13	10	3	8	17	6	99	7
K01666	26	14	10	69	81	25	349	9
K19942	0	0	0	0	1	0	0	0
K18162	0	1	0	0	0	1	6	0
K14287	51	65	3	36	100	35	545	7
K05542	0	0	0	1	2	1	3	0
K01667	14	13	9	82	171	37	388	8
K19943	0	0	0	0	0	0	0	0
K05543	0	0	1	0	0	0	2	0
K18163	16	22	3	40	23	30	186	10
K14288	1	0	0	0	1	0	2	2
K01668	0	2	1	17	59	7	115	1
K14289	15	1	0	0	0	0	2	0
K19944	0	1	0	0	0	0	2	0
K18164	46	36	3	65	83	35	387	6
K05544	1	0	0	3	2	2	31	0
K01669	86	86	8	188	247	93	1290	19
K18165	0	0	0	0	0	0	0	0
K05545	0	0	0	0	0	0	1	0
K19945	0	0	0	0	0	0	0	0
K19946	0	0	0	0	0	0	0	0
K18166	0	0	0	0	6	0	15	0
K05546	1	0	1	3	1	2	12	1
K05547	0	0	0	0	0	0	0	0
K19947	0	0	0	0	1	0	3	2
K18167	1	1	0	1	1	0	0	0
K18168	0	0	0	0	0	0	1	0
K19948	0	0	0	0	0	0	1	0
K05548	23	16	4	65	61	28	360	9
K18169	0	0	0	5	4	0	7	1
K19949	0	0	0	0	0	0	0	0
K05549	6	10	4	58	43	28	237	7
K10850	0	0	0	5	10	0	11	1
K09430	0	0	0	0	0	0	0	0
K10851	0	0	0	0	4	0	7	0
K10852	0	0	1	0	0	0	3	0
K09431	0	0	0	0	0	0	0	0
K09432	0	0	0	0	0	0	0	0
K09433	0	0	0	0	0	0	0	0
K10854	5	5	0	24	28	8	100	2
K09434	0	0	0	0	0	0	0	0
K10855	7	7	1	44	37	12	143	5
K09435	0	0	0	0	0	0	0	0
K10856	0	1	0	3	8	5	23	0
K09436	0	0	0	0	0	0	0	0
K10857	14	9	2	5	14	3	36	2
K09437	0	0	0	0	0	0	0	0
K10858	3	4	0	0	1	0	3	0
K09438	0	0	0	0	0	0	0	0
K10859	0	2	0	0	0	0	1	0
K09439	0	0	0	0	0	0	0	0
K14740	0	0	0	0	0	0	0	0
K00340	56	55	13	172	324	132	1401	41
K14741	0	0	0	0	0	0	0	0
K00341	222	260	87	829	1526	524	6425	152
K14742	87	89	11	160	262	28	755	20
K00342	174	220	68	712	1322	514	5861	123
K14743	12	40	8	147	175	3	266	18
K00343	155	209	61	639	1083	425	4837	81
K14744	2	1	0	0	0	0	0	0
K00344	353	349	100	1564	1451	481	6523	193
K04220	0	0	0	0	1	0	0	0
K18620	0	0	0	0	0	0	0	0
K18621	0	0	0	0	0	0	0	0
K04221	0	0	0	0	1	0	0	0
K14746	0	0	0	3	0	2	9	0
K00346	11	5	2	0	20	0	16	0
K04222	0	0	0	0	0	0	0	0
K18622	0	0	0	2	0	2	12	0
K14747	0	0	1	6	11	0	31	0
K00347	10	9	5	83	154	48	634	20
K18623	0	0	0	0	0	0	0	0
K04223	0	0	0	0	0	0	0	0
K14748	5	4	2	53	53	30	252	7
K00348	6	3	0	1	11	0	15	0
K04224	0	0	0	0	0	0	0	0
K22140	0	0	0	0	0	0	0	0
K18624	0	0	0	0	0	0	1	0
K14749	1	2	4	12	15	11	76	0
K00349	6	0	0	0	15	1	9	0
K22141	0	0	0	0	0	0	0	0
K18625	0	0	0	0	0	0	0	0
K04225	0	0	0	1	0	0	0	0
K04226	0	0	0	0	0	0	0	0
K18626	616	496	0	1	2	0	6	2
K04227	0	0	0	0	0	0	0	0
K22143	0	0	0	0	0	0	0	0
K18627	0	0	0	0	0	0	0	0
K04228	0	0	0	0	0	0	0	0
K18628	0	0	0	0	0	0	0	0
K22144	1	0	3	25	16	4	115	6
K04229	0	0	0	0	0	0	0	0
K18629	0	0	0	0	0	0	0	0
K22145	0	0	0	0	0	0	0	0
K22146	0	0	0	0	0	0	0	0
K02990	57	53	15	136	212	75	794	18
K02991	1	0	0	2	6	2	7	0
K08110	0	0	0	0	0	0	0	0
K22148	1	1	0	5	0	0	8	1
K02992	72	68	19	201	272	98	1102	36
K08111	0	0	0	0	0	0	0	0
K22149	1	0	0	1	0	0	2	1
K02993	0	1	0	0	0	0	0	0
K08112	0	0	0	0	0	0	0	0
K02994	70	57	24	195	316	102	1050	27
K19490	0	0	0	0	0	0	0	0
K05090	0	0	0	0	0	0	0	0
K02995	2	1	0	2	12	0	4	2
K05091	0	0	0	0	0	0	0	0
K19491	0	0	0	0	0	0	0	0
K08114	0	0	0	0	0	0	1	0
K02996	58	65	21	203	291	86	845	33
K05092	0	0	0	0	0	0	0	0
K02997	0	0	0	1	1	0	1	0
K13411	1	0	0	1	18	1	13	0
K08115	3	0	0	0	0	0	5	1
K08116	0	0	0	0	0	0	0	0
K13412	39	39	1	1	8	2	23	2
K05093	0	0	0	1	1	0	2	0
K02998	1	0	0	0	0	0	0	0
K08117	0	1	0	0	0	0	0	0
K13413	0	0	0	1	0	0	1	0
K05094	0	0	0	0	2	0	1	1
K02999	0	0	0	1	1	1	8	0
K08118	0	0	0	0	0	0	0	0
K19495	0	0	0	0	0	0	0	0
K05095	0	0	0	0	0	0	0	0
K13414	0	0	0	2	1	0	3	0
K08119	0	0	0	0	0	0	0	0
K19496	0	0	0	0	0	0	0	0
K13415	3	1	0	0	0	0	0	0
K05096	0	0	0	1	0	0	0	0
K19497	0	0	0	0	0	0	0	0
K13416	0	0	0	0	0	0	0	0
K06880	14	22	1	32	113	10	219	19
K05097	0	0	0	1	0	0	0	0
K19498	0	0	0	0	0	0	0	0
K13417	0	0	0	0	0	0	0	0
K06881	7	21	17	162	376	53	754	21
K05098	0	0	0	1	0	0	0	0
K00800	149	168	33	518	728	177	2613	68
K19499	0	0	0	0	0	0	0	0
K05099	0	0	0	0	0	0	2	0
K13418	0	0	0	0	0	0	0	0
K06882	0	0	2	9	9	2	21	2
K00801	7	5	3	27	47	20	220	7
K00802	0	0	0	0	0	0	0	0
K13419	4	17	14	192	245	13	445	21
K06883	15	28	14	118	249	57	680	19
K06884	23	10	2	12	20	2	92	3
K00803	24	62	16	263	380	47	807	36
K06885	11	28	8	41	234	42	524	16
K00804	0	0	0	0	0	0	1	2
K17300	0	0	0	0	0	0	1	0
K06886	82	99	39	381	313	92	1505	64
K00805	13	30	10	117	155	11	316	6
K17301	3	2	0	0	1	0	4	1
K06887	4	4	0	6	7	2	47	1
K00806	85	103	30	345	538	108	1642	43
K00807	0	0	0	0	0	0	0	0
K17302	16	13	0	1	2	0	8	0
K06888	36	74	56	684	1061	217	3102	105
K06889	261	304	59	768	1224	296	4220	160
K00808	51	45	10	108	96	49	653	17
K17304	0	0	0	0	0	0	0	0
K00809	28	46	10	134	305	131	1231	26
K17305	0	0	0	0	0	0	0	0
K17306	0	0	0	0	0	0	0	0
K17307	0	0	0	0	3	0	3	1
K17308	0	0	0	0	0	0	0	0
K14290	35	28	0	1	2	0	6	0
K14291	0	0	0	1	5	0	2	0
K01671	5	5	2	13	34	2	32	0
K14292	1	2	0	1	4	1	10	2
K01672	0	0	0	0	2	0	3	1
K14293	6	7	0	0	0	0	5	0
K01673	125	180	37	423	508	205	2708	59
K14294	0	0	0	0	0	0	0	0
K01674	23	51	5	46	39	25	333	6
K19950	0	0	0	0	0	0	1	0
K14295	1	0	0	0	0	0	0	0
K18170	1	0	0	0	0	0	0	0
K05550	6	4	1	9	9	3	50	2
K14296	0	0	0	0	0	0	0	0
K19951	3	0	0	1	0	0	0	0
K18171	1	2	0	0	1	0	1	0
K05551	6	14	2	37	29	3	97	6
K01676	65	85	20	269	312	153	1788	43
K18172	0	0	0	0	0	0	0	0
K19952	0	0	0	0	1	0	1	0
K14297	15	18	0	0	2	2	8	0
K05552	3	10	0	17	18	1	23	1
K01677	0	0	5	61	89	18	273	11
K18173	0	0	0	0	0	0	0	0
K19953	0	1	0	0	0	0	1	0
K14298	0	3	0	4	0	0	7	1
K05553	0	2	0	3	5	1	21	3
K01678	12	17	7	113	115	31	414	11
K18174	0	0	0	0	0	0	0	0
K14299	4	5	0	1	1	0	2	0
K19954	4	2	4	13	11	4	78	1
K05554	1	6	0	11	22	5	63	4
K01679	146	151	39	560	705	274	3326	75
K18175	0	0	0	0	0	0	0	0
K19955	4	1	0	2	7	1	8	0
K05555	9	10	7	70	78	19	257	9
K18176	0	0	0	0	0	0	0	0
K19956	2	9	0	1	19	0	22	1
K05556	0	4	0	6	1	4	27	2
K19957	0	0	0	0	1	0	0	0
K18177	0	0	0	1	0	0	0	0
K05557	4	6	3	41	31	6	82	5
K18178	1	0	0	0	1	0	4	0
K05558	0	1	4	35	37	4	41	6
K18179	0	0	0	0	0	0	0	0
K05559	106	73	1	16	324	39	470	0
K10860	0	0	0	0	0	0	0	0
K09440	0	0	0	0	0	0	0	0
K09441	0	0	0	0	0	0	0	0
K10862	1	0	0	1	2	1	5	0
K09442	0	0	0	0	0	0	0	0
K10863	0	0	0	0	1	0	1	0
K10864	0	0	0	0	0	0	0	0
K09443	0	0	0	0	0	0	0	0
K09444	0	0	0	0	0	0	0	0
K10865	0	1	0	0	1	0	3	0
K09445	0	0	0	0	0	0	0	0
K10866	2	4	0	1	0	0	4	0
K09446	0	0	0	0	0	0	0	0
K10867	1	0	0	0	0	0	0	0
K09447	0	0	0	0	0	0	0	0
K10868	1	0	0	0	0	0	1	0
K10869	1	0	0	0	0	1	3	0
K09448	1	0	1	1	0	0	3	0
K14750	2	3	2	16	8	4	36	4
K00350	4	2	0	0	14	1	9	0
K14751	0	0	0	2	6	1	10	0
K00351	6	7	1	2	36	2	36	2
K14752	0	0	0	0	0	0	0	0
K14753	3	2	1	9	14	2	25	2
K14754	1	0	0	0	0	0	4	0
K00354	3	4	0	23	18	8	142	1
K18630	0	0	0	0	0	0	0	0
K04230	0	0	0	0	0	0	0	0
K14755	0	0	0	1	1	0	4	0
K00355	46	47	1	26	37	17	300	6
K18631	0	0	0	0	0	0	0	0
K04231	0	0	0	0	0	0	0	0
K14756	0	0	0	0	0	0	0	0
K00356	98	100	8	228	361	84	1239	32
K04232	0	0	0	0	0	0	0	0
K14757	0	0	0	0	0	0	0	0
K00357	0	0	0	0	0	0	0	0
K04233	0	0	0	0	0	0	0	0
K18633	0	0	0	0	0	0	0	0
K14758	0	0	1	1	2	0	0	0
K04234	0	0	0	0	0	0	0	0
K14759	2	0	0	1	1	0	2	0
K22150	0	0	0	1	1	0	5	0
K04235	0	0	0	0	0	0	0	0
K22151	0	0	0	0	0	0	0	0
K18635	0	0	0	2	1	0	0	0
K18636	0	0	0	0	0	0	0	0
K22152	1	0	0	7	3	0	14	1
K22153	0	0	0	0	0	0	3	0
K04237	0	0	0	0	0	0	0	0
K18637	0	0	0	0	0	0	0	1
K18638	1	0	0	1	0	0	0	0
K04238	0	0	0	0	0	0	0	0
K22154	0	0	0	0	0	0	0	0
K04239	0	0	0	0	0	0	0	0
K22155	0	0	0	0	1	0	2	0
K18639	0	0	0	0	0	0	0	0
K22156	0	0	0	0	1	0	2	0
K22157	0	0	0	0	0	0	0	0
K09900	0	0	0	0	0	0	0	0
K08120	0	0	0	0	0	0	0	0
K22158	0	0	0	0	0	0	0	0
K22159	0	0	0	0	0	0	1	0
K09901	0	1	0	0	0	0	0	0
K08121	0	0	0	0	0	0	0	0
K08122	0	0	0	0	0	0	0	0
K09902	8	8	0	0	3	5	20	0
K08123	0	0	0	0	0	0	0	0
K09903	86	88	25	313	494	157	1819	50
K09904	0	0	0	0	0	0	0	0
K08124	0	0	0	0	0	0	0	0
K13420	7	8	0	1	2	0	3	0
K08125	0	0	0	0	0	0	0	0
K09905	0	0	0	0	0	0	1	0
K13421	5	11	1	3	32	6	86	2
K08126	0	0	0	0	0	0	0	0
K13422	1	2	0	0	0	0	0	0
K09906	0	0	0	0	1	0	0	0
K08127	0	0	0	0	0	0	0	0
K13423	0	0	0	0	0	0	0	0
K09907	0	0	0	0	0	0	1	0
K08128	0	0	0	0	0	0	0	0
K13424	1	4	0	0	0	0	0	0
K09908	8	1	0	0	4	0	3	0
K08129	0	0	0	0	0	0	0	0
K13425	0	0	0	0	0	0	1	0
K09909	0	0	0	0	0	0	1	0
K13426	0	0	0	0	0	0	0	0
K06890	63	48	14	154	177	87	939	28
K13427	1	0	0	0	0	0	0	0
K06891	60	63	16	122	206	115	956	17
K13428	47	36	0	0	0	0	4	0
K00811	0	1	0	0	0	0	1	0
K06892	0	0	0	0	0	0	1	0
K13429	0	0	0	0	0	0	1	0
K06893	46	72	15	174	358	64	974	39
K00812	227	243	56	723	1022	264	3503	108
K06894	378	473	78	714	1136	216	4272	184
K00813	33	31	1	17	24	3	141	3
K06895	46	38	3	20	33	3	93	2
K00814	1	0	0	11	5	2	33	1
K17310	0	0	0	0	0	0	1	0
K06896	0	2	2	1	9	1	12	1
K00815	4	5	0	0	0	0	3	0
K17311	1	1	0	0	26	0	8	1
K06897	1	3	14	235	161	101	801	18
K00816	0	0	0	0	1	1	2	0
K17312	0	0	1	1	29	0	9	1
K06898	3	6	8	121	267	34	634	20
K00817	262	291	64	743	946	273	3635	108
K17313	0	0	0	0	11	0	7	0
K06899	8	0	0	0	1	1	3	0
K00818	3	0	0	7	11	2	31	2
K17314	0	0	0	4	4	1	9	0
K00819	67	78	19	280	240	102	1101	38
K17315	124	123	9	79	142	55	701	13
K17316	89	85	6	63	234	38	545	23
K17317	83	61	2	45	93	35	397	5
K17318	47	52	12	97	79	6	252	13
K17319	35	29	2	43	41	4	71	3
K01681	428	382	95	1004	1762	528	6872	142
K01682	67	54	1	18	36	18	238	0
K01683	3	1	4	17	50	4	121	2
K01684	127	126	21	344	568	114	2170	51
K18180	0	0	0	0	0	0	5	0
K05560	32	10	0	2	43	7	53	1
K01685	118	129	17	222	283	119	1750	20
K18181	0	0	0	0	0	0	0	0
K19961	3	1	0	10	14	5	43	1
K05561	75	40	0	10	129	10	238	0
K01686	113	97	9	122	170	65	1026	28
K18182	0	0	0	1	0	0	0	0
K05562	31	11	0	3	50	7	86	0
K01687	310	311	81	1163	1293	465	6044	143
K18183	0	0	0	0	0	0	0	0
K05563	31	15	0	2	32	8	68	0
K19964	40	38	0	0	0	0	1	0
K18184	0	0	0	0	0	0	0	0
K05564	29	11	0	2	33	6	65	0
K01689	123	155	49	554	845	227	3293	84
K18185	0	0	0	0	0	0	0	0
K19965	0	0	1	1	3	0	4	1
K05565	96	76	1	51	556	28	517	7
K18186	0	0	0	0	0	0	0	0
K19966	0	0	3	19	11	15	84	1
K05566	25	12	8	39	118	10	79	5
K18187	0	0	0	0	0	0	0	0
K19967	4	8	4	29	49	18	269	2
K05567	37	24	0	31	125	8	107	3
K18188	0	0	0	0	0	0	0	0
K19968	0	0	0	0	0	0	0	0
K05568	89	75	10	95	656	30	513	8
K12108	0	0	0	0	0	0	0	0
K19969	8	5	2	9	40	5	83	4
K18189	1	0	0	0	0	0	1	0
K05569	26	21	1	25	115	12	104	2
K10870	0	0	0	0	0	0	1	0
K10871	0	0	0	0	0	0	2	0
K09451	0	0	0	0	0	0	0	0
K10872	0	0	0	1	1	0	2	0
K09452	0	0	0	0	0	0	0	0
K10873	4	0	1	1	2	1	17	0
K10874	0	0	0	0	0	0	0	0
K09453	0	0	0	0	0	0	0	0
K10875	29	22	0	2	1	2	18	0
K09454	0	0	0	0	0	0	2	0
K09455	0	0	0	0	0	0	0	0
K10876	0	0	0	0	0	0	0	0
K10877	1	0	0	1	0	0	1	0
K09456	107	101	19	270	328	82	1272	30
K10878	6	2	0	0	0	0	1	1
K09457	38	36	11	95	155	61	690	11
K10879	0	0	0	0	0	0	1	0
K09458	313	335	92	1068	1646	448	6475	145
K09459	0	2	1	17	56	16	143	5
K14760	2	1	0	1	0	0	4	0
K00360	7	21	0	20	43	2	73	2
K14761	13	15	0	8	16	1	58	1
K14762	0	0	0	0	0	0	0	0
K00362	265	259	23	283	474	132	1772	40
K14763	1	0	0	0	0	0	0	0
K00363	55	66	6	86	120	46	438	17
K14764	0	0	0	0	0	0	1	0
K00364	52	47	3	107	90	65	669	12
K04240	0	0	0	0	0	0	0	0
K14765	1	0	0	0	0	0	2	0
K18640	9	12	4	1	17	2	42	0
K00365	40	54	7	83	137	35	417	24
K18641	0	0	0	0	0	1	4	0
K04241	0	0	0	0	0	0	0	0
K14766	1	0	0	0	0	0	2	0
K00366	30	63	27	378	493	93	1381	58
K04242	0	0	0	0	0	0	0	0
K18642	4	1	0	1	7	3	23	2
K14767	1	0	0	0	1	0	0	0
K00367	22	46	6	43	69	16	300	9
K04243	0	0	0	0	0	0	0	0
K18643	15	9	0	1	0	0	3	0
K14768	2	0	0	1	0	0	9	0
K00368	69	43	27	305	778	223	2093	54
K22160	0	0	0	1	0	0	0	0
K18644	0	0	0	0	0	0	0	0
K14769	3	1	0	1	1	0	1	0
K04245	0	0	0	0	0	0	0	0
K22161	0	0	0	0	0	0	0	0
K18645	0	0	0	0	0	0	0	0
K04246	0	0	0	0	0	0	0	0
K22162	0	0	0	0	0	0	1	0
K18646	0	0	0	0	0	0	0	0
K04247	0	0	0	0	0	0	0	0
K22163	0	0	0	0	0	0	2	0
K18647	159	136	0	0	0	0	0	0
K04248	0	0	0	0	0	0	0	0
K18648	0	0	0	0	0	0	0	0
K22164	0	0	0	2	1	0	2	1
K22165	0	0	0	0	1	1	3	0
K04249	0	0	0	0	0	0	0	0
K18649	32	18	3	78	72	27	316	6
K22166	0	0	0	0	0	0	0	0
K22167	0	1	0	1	2	0	12	1
K08130	0	0	0	0	0	0	0	0
K09910	0	0	0	0	0	0	0	0
K22168	0	0	0	0	3	0	2	0
K09911	0	0	0	0	0	0	0	0
K08131	0	0	0	0	0	0	1	0
K22169	0	2	0	9	33	6	36	2
K08132	0	0	0	0	0	0	0	0
K09912	21	16	0	1	9	6	63	0
K08133	0	0	0	0	0	0	0	0
K09913	9	8	0	1	7	0	52	1
K13430	3	1	0	0	0	0	0	0
K08134	0	0	0	0	0	0	5	0
K09914	17	9	2	12	40	6	115	4
K08135	0	0	0	0	0	0	0	0
K13431	0	0	0	0	1	0	1	0
K09915	22	26	3	68	68	19	393	10
K13432	0	0	0	0	0	0	0	0
K08136	0	0	0	0	0	0	0	0
K09916	6	1	0	0	2	0	0	0
K13433	0	0	0	0	0	0	0	0
K09917	0	0	0	0	0	0	0	0
K08137	7	6	1	14	8	6	84	2
K13434	0	0	0	0	0	0	0	0
K09918	4	0	0	0	0	1	2	0
K08138	9	15	1	20	10	10	87	3
K13435	0	0	0	0	0	0	0	0
K09919	99	83	8	142	230	81	919	17
K08139	21	19	1	34	32	14	229	6
K13436	3	3	0	0	0	0	2	0
K00820	274	308	83	1075	1627	353	5180	142
K13438	0	0	0	0	0	0	0	0
K00821	154	207	36	540	733	200	2710	91
K00822	99	73	11	200	192	95	1197	18
K00823	66	92	39	416	643	188	2162	65
K00824	62	42	8	106	144	54	583	15
K00825	0	0	0	2	1	0	0	0
K17320	32	28	2	51	46	2	82	0
K04701	0	0	0	0	0	0	0	0
K17321	69	52	2	34	76	51	465	9
K00826	159	214	58	692	1132	331	4054	110
K17322	36	33	0	24	49	32	232	4
K04702	0	0	0	1	0	0	2	1
K00827	2	0	0	6	10	4	78	0
K04703	0	0	0	0	0	0	0	0
K17323	46	32	3	46	78	46	475	3
K04704	0	0	0	0	0	0	0	0
K17324	51	44	2	21	51	27	256	3
K17325	49	37	1	14	50	19	234	1
K04705	0	0	0	0	0	0	1	0
K17326	3	4	1	10	6	1	15	2
K04706	558	517	0	0	0	0	2	0
K04707	0	0	0	0	0	0	1	0
K17327	5	5	1	18	15	0	23	0
K17328	3	3	1	4	5	0	10	1
K04708	0	0	2	2	10	2	20	1
K17329	17	46	9	97	124	14	204	7
K04709	0	1	0	0	0	0	0	1
K01690	144	110	7	76	137	46	804	6
K01691	0	2	0	0	1	0	4	1
K01692	198	231	79	1204	1285	342	5223	128
K01693	68	86	17	229	315	102	1271	39
K01694	0	0	0	7	11	1	32	1
K18190	0	0	0	0	0	0	0	0
K19970	0	0	0	2	0	1	4	0
K05570	14	14	0	19	79	3	79	0
K01695	137	111	27	275	417	99	1267	32
K18191	0	0	0	0	0	0	0	0
K19971	0	0	0	0	5	0	1	0
K05571	34	19	1	26	111	12	97	4
K01696	126	135	39	473	653	183	2742	70
K18192	0	0	0	0	0	0	0	0
K19972	0	0	0	0	1	0	2	0
K12111	1	0	0	4	8	1	8	0
K05572	12	11	0	4	28	6	68	3
K01697	62	106	26	394	550	157	1880	56
K18193	0	0	0	0	0	0	0	0
K12112	0	0	0	0	0	0	0	0
K19973	1	5	1	4	47	4	54	0
K05573	5	2	1	10	27	15	126	7
K01698	119	111	28	360	632	176	2468	51
K18194	0	0	0	0	0	0	0	0
K12113	0	0	0	0	0	0	0	0
K19974	0	0	0	3	3	1	20	1
K05574	3	1	0	2	6	2	8	1
K01699	4	2	7	57	46	13	176	2
K12114	0	0	0	0	0	0	0	0
K19975	1	7	0	1	36	3	23	0
K18195	22	32	6	33	34	14	239	14
K05575	4	1	1	18	71	28	206	4
K19976	2	8	1	2	70	4	43	0
K18196	0	0	0	0	0	0	0	0
K12115	0	1	0	0	0	0	2	0
K05576	13	10	2	34	99	17	226	8
K19977	0	0	0	0	0	0	0	0
K18197	15	32	5	26	75	13	200	9
K12116	0	0	0	0	0	0	2	0
K05577	8	1	5	28	88	39	306	5
K19978	4	7	1	11	7	0	17	0
K18198	0	2	0	1	12	0	19	0
K12117	0	1	0	0	0	0	2	0
K05578	4	4	6	15	59	11	160	9
K19979	0	2	3	6	12	4	48	0
K18199	12	13	0	56	35	14	252	9
K12118	0	0	0	0	0	0	0	0
K05579	27	28	3	6	16	2	57	1
K12119	0	1	0	0	0	0	0	0
K10880	1	1	0	0	0	0	0	0
K10881	0	0	0	0	0	0	0	0
K10882	2	0	0	4	7	1	19	0
K09461	90	93	19	335	416	119	1652	42
K10883	0	0	0	0	0	0	0	0
K10884	2	0	0	0	0	0	1	0
K09463	0	0	0	0	0	0	1	0
K09464	0	0	0	0	0	0	0	0
K10885	0	1	0	0	0	0	1	0
K09465	0	0	0	0	0	0	0	0
K10886	1	0	0	0	0	0	0	0
K10887	0	0	0	0	0	0	0	0
K09466	0	0	0	0	0	0	0	0
K10888	0	0	0	0	0	0	0	0
K09467	0	0	0	0	0	0	0	0
K21302	0	0	9	154	12	25	333	10
K10889	0	0	0	0	0	0	0	0
K09468	0	0	0	0	0	0	0	0
K21303	29	28	0	15	47	22	314	6
K21304	0	0	0	0	2	0	3	0
K09469	0	0	1	2	17	9	23	1
K21305	0	0	1	0	0	0	3	0
K14770	0	0	0	0	0	0	0	0
K21306	0	0	0	1	0	0	0	0
K00370	79	39	36	395	443	135	1386	37
K21307	19	26	4	68	134	58	702	4
K14771	0	0	0	0	1	0	2	0
K00371	35	15	6	155	176	57	568	15
K21308	4	6	3	43	90	37	376	9
K14772	3	0	3	0	0	0	2	1
K00372	247	196	33	531	711	197	2967	71
K21309	4	1	2	21	47	14	171	1
K14773	2	0	0	0	0	0	3	1
K00373	17	9	3	74	92	17	235	10
K14774	1	1	0	1	1	0	2	2
K00374	16	5	6	77	73	22	242	6
K04250	0	0	0	0	0	0	0	0
K14775	0	1	0	0	1	0	0	0
K18650	2	2	0	4	5	1	18	3
K00375	205	231	37	556	403	157	2103	72
K04251	0	0	0	0	0	0	0	0
K18651	3	7	0	1	2	1	28	0
K14776	0	0	0	1	1	0	5	1
K00376	50	21	4	57	239	66	705	18
K04252	0	0	0	0	0	0	0	0
K18652	2	3	1	32	22	4	76	0
K14777	1	0	0	0	2	0	5	0
K04253	0	0	0	0	0	0	0	0
K18653	5	4	2	9	15	11	123	0
K14778	0	0	0	0	0	0	2	0
K04254	0	0	0	0	0	0	0	0
K22170	0	0	0	0	0	0	0	0
K18654	0	0	0	0	0	0	0	0
K14779	1	1	0	0	1	0	2	0
K22171	0	0	0	0	0	1	1	0
K04255	0	0	0	0	0	0	0	0
K18655	1	0	0	0	0	0	0	0
K22172	0	0	0	0	0	0	1	0
K18656	0	0	0	0	0	0	0	0
K04256	0	0	0	0	1	0	0	0
K22173	0	0	0	0	1	3	10	0
K18657	0	0	0	0	0	0	0	0
K04257	6	4	1	1	3	1	8	0
K04258	0	0	0	0	0	0	0	0
K18658	0	0	0	0	0	0	0	0
K22174	0	0	0	1	0	0	1	0
K04259	0	0	0	0	0	0	0	0
K22175	0	0	0	0	0	1	3	0
K22176	0	0	0	0	0	2	3	0
K22177	0	0	0	0	0	2	2	0
K09920	11	6	2	4	8	6	51	0
K22179	0	0	0	0	0	4	7	0
K09921	37	40	1	21	51	39	284	2
K08141	1	0	0	3	1	0	3	2
K09922	34	29	2	31	53	35	409	9
K08142	0	0	0	0	0	0	0	0
K09923	6	2	1	0	4	1	5	0
K08143	0	0	0	0	0	0	2	0
K08144	0	0	0	0	0	0	0	0
K09924	44	32	5	38	35	32	291	6
K13441	0	0	0	0	0	0	0	0
K09925	1	1	0	3	3	0	16	0
K08145	4	2	0	0	1	0	1	0
K08146	0	0	0	0	0	0	0	0
K13442	0	0	0	0	0	0	0	0
K09926	19	7	1	3	16	4	85	0
K08147	0	0	0	0	1	0	1	0
K13443	1	0	0	0	0	0	0	0
K09927	81	99	26	278	394	74	1090	35
K08148	0	0	0	0	0	0	0	0
K13444	1	3	1	3	13	0	67	0
K09928	37	5	1	24	75	22	193	6
K08149	0	0	0	0	1	0	1	0
K09929	9	9	0	1	6	5	32	1
K13447	29	24	0	0	0	0	1	0
K00830	45	70	20	367	462	151	1869	61
K13448	45	29	0	2	5	1	11	1
K00831	116	130	26	309	408	121	1802	37
K13449	2	4	0	2	8	1	11	0
K00832	94	101	4	53	98	41	645	4
K00833	76	84	28	299	330	122	1485	25
K17330	11	32	3	73	73	9	158	4
K04710	1	0	0	0	0	0	1	1
K00835	2	1	0	0	14	1	24	1
K04711	0	0	0	0	2	0	3	0
K17331	7	21	4	52	63	13	195	10
K00836	40	45	5	73	117	34	273	3
K17332	0	0	0	0	0	0	0	0
K04712	4	3	1	21	14	23	178	1
K17333	0	0	0	0	0	0	0	0
K04713	1	0	0	0	0	0	3	0
K00838	0	0	0	0	1	0	2	0
K17334	0	0	0	0	0	0	0	0
K04714	0	0	0	0	0	0	0	0
K00839	9	17	4	76	114	22	335	10
K17335	0	0	0	0	0	0	0	0
K04715	0	0	0	0	1	0	0	0
K17336	0	0	0	0	2	0	0	0
K04716	0	0	0	1	0	0	0	0
K17337	0	0	0	0	0	0	0	0
K04717	0	0	0	1	0	0	0	0
K17338	9	11	0	0	0	0	0	0
K04718	1	2	0	0	0	0	4	0
K17339	0	0	0	0	0	0	1	0
K04719	24	26	4	64	44	15	180	1
K08600	0	0	0	0	0	0	1	0
K08601	0	2	0	2	6	0	11	1
K08602	122	108	34	382	743	218	2744	74
K19980	0	0	0	0	1	0	0	0
K08603	9	11	5	8	29	8	91	3
K05580	1	5	0	15	25	6	67	7
K13900	0	0	0	0	0	0	0	0
K12120	0	0	0	0	0	0	1	0
K19981	2	2	0	1	4	3	38	0
K08604	9	11	3	17	52	26	282	5
K05581	2	2	0	0	1	0	5	1
K13901	0	0	0	0	0	0	0	0
K12121	2	3	0	0	0	0	1	0
K19982	10	14	4	44	43	14	181	2
K08605	0	0	0	1	9	1	14	1
K05582	3	1	0	3	5	2	12	0
K12122	0	0	0	0	0	0	1	0
K05583	0	0	0	0	1	0	0	0
K13902	1	0	0	0	0	0	0	1
K19983	0	0	0	1	0	0	4	1
K08606	0	0	0	0	0	0	6	0
K05584	0	0	0	0	0	0	0	0
K08607	0	0	0	0	0	0	5	0
K19984	0	0	0	0	0	0	3	0
K12123	0	0	0	0	0	0	0	0
K05585	0	0	0	0	1	0	1	0
K12124	0	1	0	0	0	0	1	0
K19985	3	0	0	0	1	0	3	0
K08608	0	0	0	0	0	0	5	0
K13905	0	0	0	0	0	0	0	0
K12125	2	0	0	0	0	0	0	0
K19986	1	0	1	0	0	0	2	0
K08609	1	0	0	0	3	0	2	0
K05586	0	0	4	12	18	3	52	2
K12126	0	0	0	0	0	0	2	0
K19987	0	0	0	0	0	0	0	0
K05587	0	0	5	38	74	10	179	0
K13907	0	0	0	0	0	0	0	0
K12127	1	0	0	1	0	1	10	0
K19988	0	0	0	0	0	0	0	0
K05588	0	0	5	17	30	9	109	3
K12128	0	0	0	0	0	0	0	0
K19989	0	0	0	0	0	0	0	0
K13908	0	1	0	1	1	0	3	0
K05589	19	17	2	17	47	11	154	7
K13909	0	0	0	0	0	0	0	0
K12129	2	0	0	1	0	1	11	0
K10891	1	1	0	0	0	0	0	0
K09470	15	3	0	6	11	4	52	0
K10892	0	0	0	0	0	0	0	0
K09471	121	115	12	116	198	64	831	25
K16011	114	105	11	214	330	105	1472	25
K09472	93	62	9	100	97	52	598	7
K10894	0	0	0	0	1	0	0	0
K09473	0	0	0	2	0	1	2	0
K16012	23	34	7	103	62	4	189	13
K10895	0	0	0	0	0	0	0	0
K16013	51	54	11	176	109	15	363	17
K09474	5	6	3	52	79	33	495	11
K09475	0	0	0	0	0	0	1	0
K21310	6	18	8	95	104	54	713	20
K16014	32	38	6	115	96	13	249	11
K10896	3	6	0	12	26	1	12	3
K21311	0	0	0	0	0	0	3	0
K16015	0	2	0	4	14	0	18	2
K09476	0	0	0	1	0	0	11	0
K10898	0	0	0	0	0	0	0	0
K21312	0	0	0	0	2	1	2	0
K16016	0	1	1	7	11	1	30	1
K09477	0	0	1	12	31	29	182	3
K10899	0	0	0	1	0	0	3	1
K21313	1	0	0	2	1	0	1	0
K16017	0	2	0	0	0	0	6	0
K09478	0	1	2	58	70	24	236	6
K16018	0	0	0	0	0	0	0	0
K09479	0	0	0	3	5	0	17	1
K16019	8	13	8	36	45	6	113	3
K14780	4	1	0	0	0	0	2	0
K00380	115	98	14	180	177	126	1179	32
K14781	0	0	0	0	0	0	2	0
K00381	121	137	30	354	513	144	2020	49
K14782	0	0	0	0	0	0	0	0
K00382	369	430	87	1144	1902	478	6215	194
K14783	0	0	0	0	0	0	0	0
K00383	92	84	12	220	298	106	1173	18
K14784	0	0	0	0	0	0	0	0
K00384	268	360	111	1601	1815	620	7761	210
K04260	0	0	0	0	0	0	0	0
K00385	3	0	0	0	0	0	0	0
K18660	3	18	5	69	141	23	292	17
K14785	0	0	0	0	0	0	1	0
K04261	0	0	0	0	0	0	0	0
K14786	0	0	0	0	0	0	2	0
K18661	55	45	13	145	231	69	1090	20
K04262	0	0	0	0	0	0	0	0
K18662	2	5	6	58	64	9	122	4
K14787	0	0	1	0	1	0	6	0
K00387	8	22	5	54	119	30	318	16
K04263	0	0	0	0	0	0	0	0
K18663	0	4	0	0	1	0	4	1
K14788	0	0	1	1	0	0	0	0
K04264	0	0	0	0	0	0	0	0
K14789	0	0	0	0	0	0	0	0
K22180	0	0	0	1	0	3	4	0
K18664	2	0	0	0	0	0	2	1
K00389	11	18	9	70	69	28	312	10
K04265	0	0	0	0	0	0	0	0
K22181	0	0	0	0	0	0	0	0
K18665	0	0	0	0	0	0	0	0
K04266	0	0	0	0	0	0	0	0
K22182	0	0	0	0	0	0	0	0
K18666	0	1	0	0	2	0	2	0
K04267	0	0	0	0	0	0	0	0
K18667	8	3	0	0	0	0	1	0
K04268	0	0	0	0	0	0	0	0
K18668	0	0	0	0	0	0	0	0
K22184	0	0	0	0	0	0	0	0
K04269	0	0	0	0	0	0	0	0
K22185	73	67	1	55	70	37	525	6
K18669	0	0	0	1	0	0	3	0
K22186	168	118	24	271	283	151	1811	35
K22187	105	118	33	366	732	168	2204	52
K22188	0	0	0	0	0	0	0	0
K09930	95	95	11	121	211	74	891	25
K08150	8	4	0	1	0	0	12	2
K09931	9	14	5	118	123	29	373	20
K08151	101	95	8	162	145	79	1170	21
K09932	11	18	3	43	51	28	186	2
K08152	0	0	0	30	4	5	50	0
K09933	37	38	4	36	71	27	435	7
K08153	4	2	1	14	49	6	106	2
K13450	0	0	0	0	0	0	2	0
K09934	1	2	1	5	11	1	24	1
K08154	2	0	0	3	1	0	4	0
K13451	0	0	0	0	0	0	0	0
K09935	12	19	2	22	38	9	140	4
K08155	0	0	0	0	2	0	1	0
K13452	0	0	0	0	0	0	0	0
K09936	23	20	2	26	88	10	191	8
K08156	6	7	1	3	8	1	30	0
K13453	0	0	0	0	0	0	0	0
K09937	18	10	0	13	18	12	90	8
K08157	0	0	0	0	0	0	2	0
K13454	0	0	0	0	0	0	1	0
K08158	1	0	0	0	0	0	1	0
K09938	20	13	0	18	18	5	95	5
K13455	0	0	0	0	0	0	0	0
K08159	11	6	1	6	7	1	16	0
K09939	27	21	1	13	20	13	138	2
K13456	1	1	0	0	0	0	0	0
K13457	761	710	0	0	0	0	6	0
K00840	12	15	0	8	10	8	114	3
K13458	0	0	0	0	0	0	0	0
K00841	0	0	1	7	21	2	47	2
K13459	12	13	0	1	1	0	17	0
K00842	5	5	0	10	20	0	46	1
K00844	36	30	0	0	3	0	8	1
K17340	0	0	0	0	0	0	0	0
K04720	6	13	3	44	109	20	149	15
K00845	191	245	59	738	986	189	2884	94
K17341	2	3	0	0	1	0	8	0
K00846	2	0	0	6	9	4	33	0
K04722	0	0	0	0	0	0	0	0
K17342	0	0	0	0	1	0	0	0
K00847	197	195	15	299	553	107	1567	39
K04723	0	0	0	0	0	0	0	0
K17343	0	0	0	0	0	0	0	0
K00848	18	31	12	208	251	40	910	34
K17344	0	0	0	0	0	0	0	0
K04724	0	0	0	0	0	0	0	0
K00849	26	69	13	219	351	59	1015	28
K17345	0	0	0	0	0	0	0	0
K04725	0	0	0	0	0	0	0	0
K17346	0	0	0	0	0	0	0	0
K17347	0	0	0	0	0	0	0	0
K04727	0	0	0	0	0	0	1	0
K17348	0	0	0	0	0	0	0	0
K04728	2	2	0	0	0	0	1	0
K17349	0	0	0	0	0	0	0	0
K04729	0	0	0	0	1	0	1	0
K08610	1	0	0	0	3	0	2	0
K08611	0	0	0	0	2	0	1	0
K08612	1	0	0	0	2	0	1	0
K08613	1	0	0	0	2	0	1	0
K05590	1	0	0	0	1	0	5	0
K12130	1	0	0	1	1	1	9	0
K08614	0	0	0	0	0	0	3	0
K05591	38	36	0	9	17	14	231	0
K19992	0	0	0	0	0	0	0	0
K12131	0	0	0	0	0	0	0	0
K08615	0	0	0	0	0	0	0	0
K13911	0	0	0	0	0	0	0	0
K05592	148	172	14	170	502	98	1708	23
K08616	0	0	0	0	0	0	4	0
K19993	0	0	0	0	0	0	0	0
K13912	1	0	0	0	2	0	2	0
K12132	651	1595	807	8741	12672	2624	51464	1940
K05593	1	3	2	6	34	2	34	1
K08617	0	0	0	0	0	0	0	0
K19994	0	0	0	0	0	0	0	0
K12133	0	0	0	0	0	0	0	0
K05594	1	0	0	1	1	0	3	0
K12134	0	0	0	0	0	0	0	0
K08618	0	0	0	0	0	0	0	0
K19995	0	0	0	0	0	0	0	0
K05595	62	58	8	186	175	119	1086	19
K12135	0	0	0	0	0	0	0	0
K08619	0	0	0	0	0	0	0	0
K19996	1	0	0	0	0	0	0	0
K13915	0	0	0	0	0	0	0	0
K05596	51	35	2	6	19	8	143	1
K12136	0	2	0	3	11	1	17	4
K19997	3	0	4	67	51	15	242	4
K05597	17	12	1	14	9	15	179	6
K13917	0	0	0	0	0	0	4	0
K19998	0	0	0	1	0	0	3	0
K12137	8	7	10	71	101	34	355	9
K19999	0	0	0	0	0	0	0	0
K13918	0	0	0	1	0	0	3	0
K12138	1	1	1	27	8	2	37	2
K05599	0	1	0	0	1	2	11	0
K13919	0	0	1	3	4	0	20	1
K12139	10	0	0	4	13	12	46	0
K09480	0	1	0	0	0	0	0	0
K09481	0	1	0	0	0	0	0	0
K17800	3	2	2	0	0	0	4	0
K16020	1	2	2	11	29	2	61	4
K03400	4	5	0	8	13	0	50	2
K17801	0	0	0	0	0	0	0	0
K16021	0	1	0	5	9	0	16	1
K09482	0	0	0	8	29	7	16	0
K17802	0	0	0	0	0	0	0	0
K16022	2	9	2	9	16	0	46	1
K09483	0	3	4	14	60	1	127	8
K03402	5	9	9	95	149	32	314	9
K17803	1	0	0	0	1	1	0	0
K09484	0	0	0	0	1	0	6	0
K16023	0	0	0	0	1	1	8	0
K03403	4	0	2	16	76	7	213	5
K16024	0	0	0	3	2	0	5	0
K17804	1	1	0	0	0	0	3	0
K09485	0	0	0	0	0	0	6	0
K03404	16	28	9	98	170	11	235	14
K16025	1	0	0	1	1	0	5	0
K17805	1	2	4	19	15	1	31	3
K09486	2	0	0	0	2	0	0	0
K03405	29	65	32	309	512	110	1434	42
K16026	0	0	0	2	2	1	0	0
K17806	0	0	0	0	0	0	0	0
K09487	2	1	0	6	5	0	7	0
K03406	1918	1331	99	914	1470	542	7939	182
K21323	1	6	3	65	60	55	320	14
K17807	0	0	0	0	0	0	1	2
K16027	0	0	1	6	7	0	8	1
K09488	0	0	0	0	2	0	1	0
K03407	402	472	53	529	983	275	3917	100
K17808	0	0	0	0	0	0	1	1
K21324	3	12	3	14	5	3	56	0
K16028	0	2	0	3	3	0	17	1
K09489	5	1	0	0	0	1	12	0
K03408	191	147	9	139	247	78	1080	43
K17809	0	0	0	0	0	0	0	0
K21325	0	3	0	8	9	1	23	0
K16029	6	6	1	29	33	15	145	2
K03409	14	14	0	34	28	11	124	4
K14790	0	0	0	0	1	1	2	1
K00390	85	117	21	260	410	76	1057	38
K14791	0	0	0	0	1	1	9	1
K21328	0	1	0	4	6	0	18	1
K14792	0	1	0	0	5	0	5	1
K00392	83	117	29	376	533	127	1701	46
K21329	0	5	0	1	3	0	7	0
K14793	0	0	0	6	6	1	15	0
K14794	0	1	0	0	0	1	1	0
K00394	12	18	6	54	54	44	346	3
K18670	2	1	0	1	2	0	7	0
K14795	0	0	0	0	2	0	0	0
K00395	0	1	2	16	14	11	71	1
K04271	0	0	0	0	0	0	0	0
K14796	0	0	0	0	0	0	0	0
K18671	0	0	0	0	0	0	2	0
K18672	2	6	6	37	167	20	360	15
K14797	0	0	2	0	0	0	1	0
K18673	0	0	0	0	0	0	3	0
K14798	1	0	0	0	1	0	2	0
K00399	0	0	0	0	0	0	1	0
K22190	0	0	0	0	0	0	0	0
K18674	0	1	0	2	4	0	20	1
K14799	23	21	0	0	0	0	0	1
K22191	0	0	0	0	0	0	0	0
K18675	13	15	3	25	58	38	460	2
K18676	41	37	4	48	39	28	271	2
K04277	0	0	0	0	0	0	0	0
K18677	0	0	0	0	5	0	2	0
K22193	0	0	0	0	0	0	0	0
K04278	0	0	0	0	0	0	0	0
K22194	0	0	0	0	0	0	0	0
K18678	1	1	1	3	18	0	29	1
K22195	0	0	0	0	0	0	0	0
K04279	0	0	0	0	0	0	0	0
K18679	0	0	0	0	0	0	5	0
K22197	0	0	0	1	2	0	4	0
K22198	0	0	0	0	0	0	0	0
K09940	13	20	4	19	75	17	166	3
K08160	1	0	0	0	1	1	3	0
K22199	0	0	0	0	0	0	0	0
K09941	22	23	1	3	6	5	111	0
K08161	0	2	2	19	48	7	99	2
K09942	4	7	8	34	48	5	156	11
K08162	3	3	2	21	53	8	125	7
K08163	0	0	0	0	0	0	2	0
K09943	15	1	0	0	2	0	0	0
K13460	0	0	0	0	0	0	9	0
K09944	0	0	0	1	9	0	1	0
K08164	0	1	0	0	2	0	0	0
K08165	0	0	0	0	1	0	0	0
K20000	4	1	0	0	0	0	0	0
K13461	1	0	0	0	0	0	0	0
K09945	13	5	3	35	12	7	126	1
K13462	0	0	0	0	0	0	1	0
K09946	22	16	3	7	18	14	121	3
K08166	7	5	7	88	25	11	160	7
K20002	0	0	0	0	0	0	0	0
K13463	0	0	0	0	0	0	0	0
K09947	39	23	0	3	23	5	86	1
K08167	73	76	11	200	303	52	586	28
K13464	2	0	0	0	0	0	0	0
K20003	0	0	0	0	0	0	2	0
K09948	29	17	4	28	24	22	185	4
K08168	0	0	0	8	45	0	9	0
K13465	0	0	0	0	0	0	0	0
K09949	27	15	11	155	169	43	761	19
K08169	26	19	2	64	29	19	338	0
K13466	0	0	0	0	0	0	0	0
K00850	30	39	11	166	316	63	1058	31
K20007	0	0	0	0	0	0	2	0
K00851	102	103	20	239	321	73	1020	26
K20008	0	0	0	0	0	0	0	0
K00852	121	135	21	270	486	68	1213	33
K20009	0	0	0	0	0	0	0	0
K00853	55	84	17	181	118	33	608	21
K00854	172	204	38	534	894	115	2216	77
K17350	0	0	0	0	0	0	0	0
K04730	49	53	1	0	1	0	21	0
K00855	8	15	5	64	81	28	263	7
K04731	0	0	0	0	0	0	0	0
K00856	75	76	12	156	204	78	1003	12
K04732	0	0	0	0	0	0	0	0
K17352	0	0	0	0	0	0	0	0
K00857	61	59	10	75	171	53	597	10
K17353	0	0	0	0	0	0	0	0
K04733	612	528	1	2	5	0	39	0
K00858	94	107	20	296	558	109	1502	50
K17354	0	0	0	0	0	0	0	0
K04734	0	1	1	3	7	2	22	0
K00859	79	82	15	211	360	58	1077	52
K17355	0	0	0	0	0	0	0	0
K04735	0	0	0	0	0	0	0	0
K17356	0	0	0	0	0	0	0	0
K17357	0	0	0	0	0	0	0	0
K04738	0	0	0	0	0	0	0	0
K04739	1	7	0	25	68	7	127	6
K08620	0	0	0	0	0	0	0	0
K08621	0	0	0	0	0	0	0	0
K08622	0	0	0	0	0	0	0	0
K08623	0	0	0	0	0	0	0	0
K08624	1	1	0	0	1	0	0	1
K13920	0	0	2	12	6	1	24	2
K12140	1	4	6	73	74	52	440	8
K13921	1	0	0	0	0	0	1	0
K08625	0	0	0	0	0	0	0	0
K12141	3	6	12	142	163	101	865	16
K08626	0	0	0	0	0	0	0	0
K13922	13	3	3	37	51	22	256	4
K12142	0	0	0	1	1	0	2	0
K13923	0	0	0	0	0	0	0	0
K08627	0	0	0	0	0	0	0	0
K12143	11	7	2	44	43	4	167	3
K12144	0	0	0	1	0	0	1	0
K08628	0	0	0	0	0	0	0	0
K13924	250	392	117	942	1708	307	5159	203
K08629	0	0	0	0	0	0	0	0
K12145	2	0	0	0	0	0	0	0
K13925	0	0	0	3	0	0	3	0
K13926	29	22	6	218	115	55	914	12
K12146	0	1	7	67	78	40	358	7
K12147	0	0	0	0	0	0	0	0
K13927	0	0	0	0	8	1	15	1
K12148	0	0	0	0	0	0	0	0
K13928	7	14	0	4	1	1	53	0
K13929	16	19	2	27	18	22	248	0
K12149	0	0	0	0	0	0	0	0
K09490	4	4	0	1	3	0	13	0
K16030	0	2	0	3	1	0	2	0
K17810	0	2	1	4	8	0	17	3
K09491	0	0	0	0	0	0	0	0
K03410	3	4	2	14	52	15	257	4
K09492	0	0	0	0	0	0	0	0
K16031	0	2	0	0	5	0	6	0
K17811	1	1	0	10	33	1	15	1
K03411	57	47	1	33	57	16	280	8
K17812	0	0	0	0	0	0	0	0
K16032	0	2	0	2	1	0	0	0
K09493	1	2	0	1	0	0	2	0
K03412	244	254	45	459	831	138	2329	90
K17813	0	0	0	0	0	0	0	0
K16033	0	0	0	12	25	13	98	5
K09494	1	2	0	0	0	0	5	0
K03413	213	164	27	249	440	181	1989	53
K17814	0	0	0	0	0	0	0	0
K09495	3	0	0	1	0	0	4	0
K16034	0	1	2	42	21	6	73	2
K03414	37	29	1	20	26	18	172	4
K21331	0	1	0	1	5	0	3	0
K17815	38	40	0	0	0	0	1	0
K16035	1	5	3	17	18	6	59	4
K09496	1	0	0	1	0	1	3	0
K03415	22	15	3	8	26	10	90	3
K21332	0	2	0	3	5	2	8	0
K17816	0	0	0	1	1	0	9	1
K16036	0	1	0	1	1	0	3	1
K09497	2	2	0	2	0	0	3	0
K03416	0	0	0	9	15	5	52	0
K21333	0	0	0	0	0	0	0	0
K17817	0	0	0	0	1	0	0	0
K16037	0	1	0	8	8	1	15	0
K09498	0	0	0	0	0	0	3	0
K03417	35	45	7	164	160	95	1020	18
K17818	0	1	1	10	5	0	22	2
K16038	0	1	0	2	7	3	20	0
K09499	9	4	0	1	1	0	3	0
K03418	12	14	5	77	88	29	379	9
K03419	0	0	0	0	0	0	0	0
K17819	1	0	0	0	0	0	2	0
K21335	0	1	0	2	12	0	29	1
K16039	1	3	1	4	6	2	20	0
K21336	3	6	1	18	9	3	54	2
K21337	7	7	1	5	12	0	26	2
K07300	68	41	27	325	258	185	2000	40
K21339	0	0	0	0	0	0	1	0
K07301	52	30	9	96	622	25	426	10
K07302	86	94	34	328	327	201	2386	62
K04280	0	0	0	0	0	0	0	0
K18680	0	0	0	0	0	0	5	0
K07303	322	398	93	1229	909	483	6992	182
K04281	0	0	0	0	0	0	0	0
K18681	0	0	0	0	0	1	1	0
K12600	1	2	1	10	15	5	62	2
K07304	112	104	31	353	539	176	2292	62
K04282	0	1	0	0	0	0	0	0
K18682	23	33	23	203	437	76	1081	42
K12601	0	0	1	9	4	1	18	1
K07305	84	108	16	210	390	122	1548	35
K18683	0	0	0	2	5	0	15	0
K04283	0	0	0	1	2	0	6	0
K12602	0	4	1	17	14	2	30	4
K07306	11	2	4	94	170	17	299	12
K04284	0	0	0	0	0	0	0	0
K18684	0	2	0	0	1	0	3	0
K12603	0	0	0	0	0	0	0	1
K07307	11	10	2	7	23	14	156	3
K04285	0	0	0	0	0	0	0	0
K18685	0	0	0	0	0	0	0	1
K12604	8	3	1	0	1	0	4	1
K07308	0	0	0	0	2	1	12	0
K04286	0	0	0	0	0	0	0	0
K18686	0	0	0	0	0	0	2	0
K12605	21	19	0	0	0	0	0	0
K07309	2	1	2	62	40	2	138	5
K04287	0	0	0	0	0	0	0	0
K12606	0	3	0	0	0	0	1	0
K18687	12	14	8	111	90	21	405	9
K04288	0	0	0	0	0	0	0	0
K18688	11	26	11	185	193	24	570	17
K12607	0	0	0	0	0	0	1	0
K18689	0	0	0	0	0	0	0	0
K04289	0	0	0	0	0	0	0	0
K12608	0	0	0	2	2	0	6	0
K12609	0	0	0	0	0	0	2	0
K09950	24	13	1	3	19	7	84	1
K08170	2	7	5	40	44	11	184	1
K08171	0	0	0	0	1	0	2	0
K09951	4	4	2	6	47	1	55	5
K09952	3	2	2	4	21	1	47	2
K08172	11	7	0	24	7	11	141	3
K09953	0	3	0	0	0	0	2	0
K08173	7	9	0	20	14	12	178	0
K08174	1	0	0	0	3	0	1	0
K09954	9	7	0	0	1	3	39	0
K20010	0	0	0	0	0	0	0	0
K08175	0	0	0	0	1	0	8	0
K09955	161	320	52	501	423	203	2643	65
K20011	1	0	0	0	1	0	14	0
K13472	23	6	1	17	10	9	40	2
K09956	14	10	1	15	9	4	59	2
K08176	7	3	1	5	4	1	19	3
K20012	0	0	0	0	0	0	0	0
K13473	0	1	0	0	0	0	0	0
K09957	21	30	2	32	112	6	126	5
K08177	19	25	15	252	145	85	1079	30
K20013	0	0	0	0	0	0	0	0
K09958	25	31	11	87	30	41	416	19
K08178	7	11	8	118	65	52	559	21
K08179	0	0	0	0	0	0	0	0
K09959	10	8	0	22	10	14	105	1
K20015	0	0	0	0	0	0	1	0
K00860	24	29	15	177	279	36	544	25
K20017	0	0	0	0	0	0	0	0
K00861	0	0	0	0	0	0	1	0
K13478	2	1	0	0	0	0	1	0
K13479	1	8	2	24	60	9	123	5
K00862	17	20	2	26	77	6	163	5
K00863	67	55	5	89	63	12	411	10
K00864	199	212	40	601	854	138	2685	77
K17360	0	0	0	0	0	0	1	0
K04740	0	0	0	0	0	0	0	0
K00865	25	56	16	132	191	13	361	14
K04741	0	0	0	0	0	0	0	0
K17361	0	0	0	0	0	0	1	1
K00866	0	0	0	0	1	0	2	0
K04742	0	0	0	0	0	0	1	0
K17362	23	21	1	1	8	0	18	0
K00867	45	40	5	112	140	40	458	14
K04743	0	0	0	0	0	0	3	0
K17363	1	0	0	3	9	0	18	2
K00868	31	30	2	66	102	22	304	15
K17364	1	0	0	4	4	2	23	0
K04744	183	152	22	309	401	179	1848	46
K00869	4	25	3	32	82	10	179	4
K04745	0	0	0	0	0	0	0	0
K04746	0	0	0	0	0	0	0	0
K04747	4	2	0	0	1	0	0	0
K04748	34	14	3	35	110	33	303	8
K04749	13	50	38	321	424	113	1423	68
K08630	0	0	0	0	0	0	0	1
K08631	0	0	0	0	0	0	0	0
K08632	0	0	0	0	1	0	0	1
K08633	0	0	0	0	0	0	0	0
K08634	0	0	0	0	0	0	0	0
K13930	6	15	0	4	12	3	99	1
K12151	0	0	0	0	0	0	0	0
K13931	5	3	0	7	7	2	42	1
K08635	0	0	0	1	0	1	12	0
K13932	15	12	2	17	12	7	151	1
K12152	6	2	0	0	6	0	6	1
K08636	0	0	0	1	0	0	6	0
K08637	0	1	0	0	2	0	2	0
K13933	8	12	0	4	7	7	121	0
K12153	8	5	0	0	0	0	2	0
K08638	0	0	0	0	0	0	0	0
K13934	5	9	2	3	14	3	56	0
K12154	7	4	0	0	0	0	2	0
K08639	0	0	0	0	0	0	0	0
K12155	4	3	0	0	0	0	2	0
K13935	7	7	1	6	27	4	49	0
K13936	0	0	0	1	2	2	13	1
K12156	0	0	0	0	0	0	1	0
K12157	0	0	0	0	0	0	0	0
K13937	0	0	0	0	1	0	2	0
K13938	7	1	0	0	1	0	3	0
K12158	1	0	0	0	0	0	3	0
K12159	0	0	0	0	0	0	0	0
K13939	0	2	0	2	10	1	9	0
K17820	0	0	0	0	1	0	3	0
K16040	51	44	0	0	0	0	5	1
K03420	0	0	2	5	53	14	104	3
K16041	0	0	0	0	0	0	0	0
K03421	0	0	0	0	0	0	1	0
K17821	0	0	1	0	0	0	0	0
K03422	0	0	0	0	0	0	0	0
K16042	0	0	0	0	1	0	3	1
K17822	0	0	0	0	0	0	2	0
K17823	0	0	0	0	0	0	0	0
K16043	0	0	4	12	30	8	64	4
K17824	0	0	0	0	0	0	0	0
K16044	14	17	2	31	45	11	151	3
K03424	133	135	32	270	491	116	1587	44
K21341	0	0	0	3	1	0	3	0
K17825	0	0	0	0	1	0	1	0
K16045	0	1	1	9	16	2	30	1
K03425	1	1	0	2	1	0	15	0
K17826	0	0	0	0	0	0	0	0
K21342	1	0	1	0	5	1	11	0
K16046	0	1	1	30	58	13	198	6
K03426	62	75	9	185	170	47	781	26
K17827	0	0	0	0	0	0	0	0
K21343	3	4	0	0	2	0	4	0
K16047	7	16	13	187	138	58	647	31
K03427	91	77	40	238	804	78	2374	71
K21344	19	21	5	23	33	18	241	5
K17828	15	19	19	250	362	63	994	39
K16048	10	22	3	49	44	6	137	2
K03428	2	5	2	22	101	11	94	7
K21345	9	7	0	7	8	4	68	2
K17829	11	25	3	62	88	10	260	7
K16049	1	11	9	136	36	25	302	11
K03429	5	6	7	81	87	30	436	22
K21346	0	0	0	0	0	0	2	0
K21347	0	0	0	0	0	0	0	0
K21348	0	0	0	0	0	0	0	0
K07310	1	1	2	61	39	2	131	5
K21349	5	6	3	40	167	27	271	11
K07311	0	0	0	0	0	0	0	0
K07312	0	0	0	0	0	0	0	0
K18690	0	0	0	0	0	0	0	0
K04290	0	0	0	0	0	0	0	0
K07313	56	37	6	71	159	37	572	20
K04291	0	0	0	0	0	0	0	0
K12610	0	0	0	0	0	0	0	0
K07314	0	0	0	0	0	0	0	0
K18691	21	14	9	87	67	83	853	19
K04292	0	0	0	0	0	0	0	0
K12611	1	0	0	0	0	0	0	0
K18692	0	0	0	0	8	0	2	0
K07315	91	221	72	909	1235	333	4705	156
K12612	0	0	0	0	0	0	0	0
K18693	7	1	0	0	1	0	0	0
K07316	20	22	18	137	432	17	921	32
K18694	0	0	0	1	1	1	5	0
K12613	0	0	0	0	0	0	4	0
K07317	6	4	5	15	52	3	97	8
K04295	0	0	0	0	0	0	0	0
K18695	0	0	0	0	2	0	3	0
K12614	1	1	0	1	1	0	2	1
K07318	8	4	2	44	48	8	120	6
K04296	0	0	0	0	0	0	0	0
K12615	0	0	0	0	0	0	3	0
K18696	3	1	1	1	4	0	12	1
K07319	4	5	2	41	72	7	200	7
K04297	0	0	0	0	0	0	0	0
K18697	13	9	1	5	13	0	67	1
K12616	10	9	0	0	0	0	2	0
K04298	0	0	0	0	0	0	0	0
K18698	0	0	0	1	0	0	1	0
K12617	3	0	0	0	0	0	2	0
K18699	0	0	0	1	0	0	1	0
K12618	1	0	0	0	2	0	7	0
K12619	2	0	0	0	2	0	6	0
K08180	0	0	0	0	0	0	0	0
K09960	6	4	0	6	1	1	28	1
K08181	0	0	0	0	0	0	0	0
K16500	0	0	0	0	1	0	0	0
K09961	13	6	2	8	10	3	52	1
K02100	5	18	3	9	10	8	87	2
K08182	0	0	0	0	0	0	0	0
K16501	0	0	0	0	0	0	0	0
K09962	21	17	3	27	24	8	121	3
K02101	0	0	0	1	3	0	9	0
K08183	0	0	0	0	0	0	0	0
K16502	0	0	0	0	0	0	0	0
K09963	2	0	0	1	2	0	1	0
K16503	0	0	0	0	0	0	0	0
K08184	0	0	0	0	0	0	0	0
K13480	1	0	0	2	2	0	6	1
K09964	14	13	0	18	16	3	72	4
K02103	2	1	3	6	20	0	30	4
K02104	0	0	0	0	0	0	0	0
K20020	0	0	0	0	0	0	0	0
K16504	0	0	0	0	1	0	0	0
K08185	0	0	0	1	0	0	0	0
K21800	0	0	0	0	0	0	0	0
K13481	101	97	2	86	165	36	719	9
K09965	6	5	1	14	10	9	126	1
K16505	0	0	0	0	0	0	0	0
K20021	0	0	0	0	0	0	0	0
K08186	0	0	0	0	2	0	0	0
K02105	0	0	0	0	0	0	0	0
K21801	2	9	0	83	64	20	328	10
K13482	149	132	9	141	221	76	1411	19
K09966	6	9	6	59	56	9	172	3
K21802	11	23	4	68	61	19	266	6
K20022	0	0	0	1	2	0	4	0
K16506	0	1	0	1	3	0	4	0
K13483	73	68	21	170	189	68	974	28
K09967	38	40	3	97	153	51	598	18
K08187	0	1	0	0	2	1	8	0
K02106	12	15	6	57	73	42	393	7
K08188	0	0	0	0	0	0	0	0
K21803	0	0	0	0	0	1	0	0
K02107	0	1	0	3	3	0	1	0
K20023	77	69	10	178	186	85	1019	21
K16507	3	0	0	1	1	0	5	2
K13484	0	1	0	1	2	0	5	0
K09968	0	0	0	4	9	0	26	1
K20024	0	0	0	0	0	0	2	0
K08189	0	0	0	2	2	0	1	0
K21804	1	1	0	1	1	0	1	0
K13485	9	4	5	35	34	10	196	9
K09969	92	61	14	170	188	113	1137	30
K02108	111	101	22	261	458	208	1776	40
K21805	0	0	0	0	0	0	0	0
K16509	0	0	0	1	7	0	4	0
K20025	0	0	0	1	0	2	1	0
K13486	7	24	3	21	40	8	218	4
K02109	93	101	28	275	380	86	1022	50
K21806	1	1	0	0	0	0	2	0
K20026	0	0	0	1	0	2	3	0
K13487	15	22	4	26	18	9	162	4
K00870	1	19	4	41	84	20	292	19
K20027	0	0	0	0	0	0	1	0
K13488	6	9	0	7	2	2	30	1
K00871	0	0	0	0	1	0	1	0
K20028	40	40	0	0	3	0	2	0
K13489	10	6	0	9	3	1	39	1
K00872	17	41	10	138	237	38	546	18
K20029	0	0	0	0	0	0	5	0
K00873	178	176	42	505	983	263	3360	91
K00874	107	107	24	241	305	66	1270	27
K04750	76	119	26	274	416	179	1933	62
K00875	26	17	0	18	16	6	108	1
K04751	64	59	25	205	299	128	1409	35
K00876	25	33	11	64	172	20	381	20
K04752	45	34	9	86	93	71	760	18
K00877	0	0	1	3	3	2	7	0
K04753	9	30	6	28	110	11	294	9
K00878	21	5	6	45	56	5	137	6
K04754	51	37	4	50	96	39	431	10
K00879	2	1	1	15	24	6	104	5
K04755	75	73	7	131	201	83	785	17
K04756	15	18	4	31	36	20	221	8
K04757	13	36	20	196	277	71	804	28
K04758	17	16	3	21	48	7	184	7
K04759	69	104	23	170	328	124	1865	30
K08640	2	0	1	8	19	2	18	2
K08641	21	39	9	140	129	70	859	17
K08642	5	4	2	10	37	2	46	2
K08643	0	0	0	0	9	0	10	0
K12160	1	0	0	1	0	0	2	0
K13940	21	38	7	109	146	22	279	12
K12161	0	0	0	0	0	0	0	1
K13941	33	24	7	110	110	40	365	11
K13942	0	0	0	0	0	0	0	0
K12162	0	0	0	0	0	0	1	1
K08646	9	13	1	1	5	7	60	0
K13943	0	0	0	0	0	0	0	0
K12163	0	0	0	0	0	0	0	0
K08647	1	1	0	0	7	0	6	2
K13944	0	0	0	0	0	0	0	0
K12164	0	0	0	0	0	0	1	0
K08648	0	0	0	0	0	0	0	0
K08649	0	1	0	0	0	0	1	0
K13945	0	0	0	0	0	0	0	0
K12165	0	0	0	0	1	0	0	0
K13946	28	44	0	0	0	0	1	0
K12166	0	0	0	0	0	0	2	1
K12167	0	0	0	0	0	0	1	0
K13947	12	7	0	0	0	0	3	0
K12168	0	0	0	0	0	0	1	0
K13948	0	0	0	1	1	0	14	0
K13949	0	0	0	0	0	0	2	0
K12169	0	0	0	1	1	0	2	0
K17830	2	0	0	19	64	12	63	2
K16050	2	5	6	42	54	10	136	5
K03430	12	11	5	63	132	39	458	13
K17831	5	1	0	4	1	1	17	1
K16051	0	5	1	41	25	2	80	6
K03431	132	122	36	477	707	185	2424	59
K17832	0	0	0	0	0	0	1	0
K16052	21	27	7	88	123	46	541	18
K03432	3	11	8	72	108	37	248	11
K17833	0	0	0	0	0	0	0	0
K16053	23	2	0	2	14	1	21	0
K03433	5	10	8	88	147	37	285	12
K17834	0	0	0	0	0	0	0	0
K21350	1	0	0	3	15	1	13	0
K16054	1	0	2	1	5	0	8	0
K03434	0	0	0	0	1	0	2	0
K21351	6	6	0	0	0	0	0	0
K17835	6	8	0	2	3	0	15	2
K16055	40	88	10	130	357	59	744	16
K03435	39	17	1	13	13	7	117	2
K16056	0	0	0	0	0	0	0	0
K17836	77	91	17	172	380	99	1377	25
K03436	12	45	8	86	101	19	237	4
K16057	0	0	0	0	0	0	0	0
K17837	25	40	11	152	177	112	1481	43
K03437	73	91	20	211	335	40	721	21
K21354	2	0	0	0	0	0	1	0
K16058	0	0	0	0	0	0	0	0
K17838	33	16	2	9	16	8	156	2
K03438	110	99	28	324	493	107	1511	48
K16059	0	0	0	0	0	0	0	0
K17839	0	0	0	3	0	0	3	0
K21355	0	0	1	1	1	1	4	1
K03439	96	77	6	121	205	53	883	25
K21356	0	0	0	0	0	0	3	0
K21357	1	0	0	0	0	0	0	0
K21358	1	1	0	0	2	0	1	1
K07320	46	39	2	44	40	31	421	8
K21359	0	0	0	0	1	0	3	0
K07321	9	9	0	12	30	0	20	3
K07322	26	18	2	52	111	25	373	12
K07323	30	25	7	78	145	64	522	22
K12620	0	0	0	0	0	0	0	0
K07324	0	0	0	0	0	0	1	0
K12621	0	0	0	0	0	0	0	0
K07325	0	0	0	1	1	0	6	0
K12622	0	0	0	1	0	0	0	0
K07326	11	7	1	2	4	2	19	0
K07327	0	0	0	0	0	0	0	0
K12623	0	0	0	0	1	0	1	0
K07328	0	0	0	0	0	0	0	0
K12624	0	0	0	0	0	0	0	0
K12625	0	0	0	0	0	0	0	0
K07329	0	0	0	0	2	0	1	0
K12626	0	0	0	0	0	0	0	0
K12627	0	0	0	0	0	0	1	0
K08190	0	0	0	0	0	0	0	0
K09970	81	56	2	114	191	41	523	12
K16510	0	0	0	0	0	0	3	0
K09971	76	46	7	131	203	61	696	14
K08191	73	99	28	217	171	116	1685	44
K02110	39	45	12	102	161	48	570	21
K16511	0	0	0	0	4	0	0	0
K08192	0	0	0	0	0	0	1	0
K09972	122	59	5	85	124	74	768	10
K02111	166	159	48	533	722	259	3405	79
K16512	0	0	0	0	0	0	0	0
K09973	91	78	10	37	132	43	637	11
K08193	41	35	0	6	2	2	30	0
K02112	153	144	59	484	637	285	3645	81
K16513	0	0	0	0	0	0	1	0
K13490	54	58	3	36	98	6	271	5
K09974	21	15	1	19	11	7	104	3
K08194	11	11	4	60	25	26	448	12
K02113	93	108	30	216	361	77	1002	43
K20030	0	0	0	0	0	0	2	0
K16514	27	24	1	41	44	18	228	2
K13491	12	21	2	12	21	4	93	1
K09975	27	20	1	13	13	4	136	0
K08195	24	33	11	176	115	65	959	21
K02114	62	79	18	135	206	77	844	31
K09976	0	0	0	1	2	0	0	0
K20031	0	0	0	0	0	0	0	0
K16515	21	11	4	44	38	16	128	3
K08196	0	0	2	51	6	18	178	8
K02115	101	109	30	380	590	203	2269	59
K13493	22	21	0	0	0	0	2	0
K08197	0	0	0	0	0	0	2	0
K20032	1	0	0	3	12	1	32	1
K16516	3	4	0	4	6	1	62	1
K09977	12	6	0	2	0	1	18	0
K02116	37	33	8	50	74	20	253	6
K08198	0	0	0	0	0	0	0	0
K20033	0	0	0	0	1	0	0	0
K16517	0	0	0	0	0	0	0	0
K21813	0	0	0	1	2	1	0	0
K13494	0	0	0	0	0	0	0	0
K09978	12	2	1	2	20	3	53	3
K02117	2	3	6	21	107	14	146	4
K08199	0	0	0	0	0	0	0	0
K16518	0	0	0	0	0	0	0	0
K21814	0	0	0	1	4	0	14	1
K20034	63	57	9	183	196	168	1751	22
K13495	1	3	0	0	0	0	0	0
K09979	0	0	0	6	8	4	18	1
K02118	2	0	6	24	98	19	144	2
K16519	0	0	0	0	0	0	0	0
K21815	2	8	0	2	0	0	13	0
K20035	76	69	17	190	279	115	1370	27
K13496	10	10	0	0	0	0	0	0
K02119	0	0	0	10	32	5	17	3
K21816	0	0	0	0	1	1	4	0
K20036	27	40	4	45	19	27	269	8
K13497	54	53	15	167	241	55	794	29
K00880	64	43	2	23	47	5	127	3
K21817	0	0	0	0	1	0	0	0
K20037	0	0	0	0	0	0	1	0
K13498	33	39	2	78	101	40	391	12
K00881	1	3	0	0	1	0	10	0
K06000	0	0	0	0	0	0	0	0
K21818	0	0	0	0	0	0	0	0
K13499	0	0	0	0	0	0	0	0
K20038	2	0	1	6	15	2	20	1
K00882	19	39	7	135	215	11	274	26
K20039	0	0	0	2	3	1	9	0
K06001	6	18	13	187	304	52	710	24
K00883	79	64	1	25	90	36	475	4
K06002	0	0	0	0	1	0	0	0
K00884	23	17	1	20	42	6	165	5
K04760	28	27	6	53	77	34	441	12
K00885	17	8	0	1	1	0	19	0
K11300	0	0	0	0	0	0	0	0
K06004	15	11	0	0	0	0	0	0
K04761	94	91	6	111	198	60	851	8
K00886	12	27	20	191	126	76	788	25
K11301	0	0	0	0	0	0	0	0
K06005	0	0	0	0	0	0	0	0
K17382	1	0	0	1	3	2	14	0
K04762	51	37	1	60	83	21	330	9
K00887	6	7	9	29	41	10	98	3
K17383	0	0	0	0	0	0	0	0
K06006	1	1	1	0	2	1	19	3
K04763	122	155	61	687	1042	179	2597	101
K00888	1	0	0	1	3	0	8	1
K06007	0	0	0	0	0	0	0	0
K11303	0	0	0	0	0	0	1	0
K04764	46	33	5	49	69	60	392	14
K00889	13	10	0	0	6	0	8	0
K17385	0	0	0	0	0	0	0	0
K06008	0	0	0	0	0	0	0	0
K11304	0	0	0	0	0	0	1	0
K04765	52	37	10	119	217	50	715	16
K17386	0	0	0	0	0	0	0	0
K11305	0	0	0	0	0	0	0	0
K06009	0	0	0	0	0	0	0	0
K04766	0	0	0	1	6	0	6	0
K11306	0	0	0	0	0	0	0	0
K17387	0	0	0	1	0	1	9	0
K04767	3	7	7	43	198	37	369	13
K11307	0	0	0	0	0	0	0	0
K17388	0	0	0	0	1	0	1	0
K04768	44	47	19	195	267	49	639	23
K11308	1	0	0	1	2	0	1	0
K04769	1	0	1	4	8	2	27	1
K11309	0	0	0	0	0	0	0	0
K08650	0	0	0	0	0	0	0	0
K08651	25	42	15	145	297	32	649	36
K08652	0	0	0	25	57	3	94	5
K08653	1	0	0	0	0	0	8	0
K13950	15	40	10	71	156	23	384	21
K08654	1	0	0	4	3	0	14	1
K13951	0	0	0	0	1	1	3	0
K12171	0	0	0	0	2	0	0	0
K08655	0	0	0	1	0	0	2	0
K13952	0	0	0	0	0	0	0	0
K12172	0	0	0	0	2	0	0	0
K08656	0	0	0	1	0	0	2	0
K12173	0	0	0	0	0	0	0	0
K13953	66	49	37	625	721	220	2447	59
K08657	0	0	0	0	0	0	0	0
K12174	0	0	0	0	0	0	0	0
K08658	0	0	0	0	0	0	0	0
K13954	46	47	9	108	133	35	682	16
K12175	0	0	0	0	0	0	3	0
K13955	0	0	0	7	3	0	8	0
K08659	0	0	0	0	0	0	7	0
K13956	0	0	0	0	0	0	0	0
K12176	0	0	1	0	0	1	2	0
K13957	0	0	0	1	2	0	3	0
K12177	0	0	0	0	0	0	3	0
K13958	0	1	0	0	1	0	3	0
K12178	1	0	0	0	0	0	1	0
K13959	0	0	0	1	4	3	16	0
K12179	6	5	0	0	0	0	0	0
K17840	2	1	4	19	74	24	190	10
K16060	0	0	0	0	0	0	0	0
K03440	0	0	1	2	4	0	5	1
K17841	0	0	0	0	1	0	1	0
K16061	0	0	0	0	0	0	0	0
K03441	0	0	1	2	3	0	16	1
K17842	1	0	0	0	1	0	6	0
K03442	48	51	2	46	98	26	446	13
K17843	0	0	0	0	0	0	0	0
K16063	561	516	0	0	0	0	1	0
K16064	0	0	0	0	0	0	0	0
K21360	0	0	0	0	0	1	1	0
K17844	0	0	0	0	0	0	0	0
K03444	3	12	0	4	3	3	43	2
K16065	0	0	0	0	0	0	0	0
K21361	0	0	0	0	0	0	0	0
K17845	0	0	0	0	0	0	0	0
K03445	57	42	0	7	9	6	70	0
K17846	0	0	0	0	0	0	0	0
K21362	6	1	0	0	0	0	3	0
K16066	30	35	4	23	44	13	187	7
K03446	146	153	36	923	223	424	4667	92
K17847	0	0	0	0	0	0	0	0
K16067	0	0	0	0	0	0	0	0
K21363	0	0	0	0	1	0	4	0
K03447	0	0	0	0	0	0	4	0
K21364	0	0	0	0	0	0	0	0
K03448	0	0	0	1	1	0	6	1
K17848	0	0	0	0	0	0	1	0
K16068	0	0	0	0	0	0	0	0
K16069	1	0	0	0	3	0	1	0
K21365	0	0	0	0	1	0	0	0
K17849	0	1	0	0	0	0	0	0
K03449	51	51	5	163	99	18	435	8
K21366	1	0	0	8	3	3	38	0
K21367	0	0	0	0	0	0	2	1
K07330	0	0	0	0	0	0	2	1
K21369	0	2	0	1	31	1	12	0
K07331	0	0	0	0	1	0	2	0
K07332	0	0	0	9	28	5	29	0
K07333	0	0	0	3	8	2	17	0
K07334	28	19	2	37	72	20	222	6
K07335	81	115	21	233	490	88	1237	45
K07336	39	45	3	52	70	39	571	15
K07337	8	9	0	10	25	13	84	3
K07338	51	32	2	2	16	7	68	3
K07339	2	1	0	4	21	6	41	2
K12637	0	0	0	0	0	0	1	0
K12638	0	0	0	0	0	0	1	0
K12639	2	0	0	0	0	0	1	0
K09980	12	10	0	0	2	1	14	0
K09981	21	28	0	11	87	20	110	4
K03900	0	2	0	0	2	1	0	0
K02120	0	0	2	8	45	6	38	1
K03901	0	0	0	0	0	0	0	0
K02121	0	0	1	2	22	4	14	0
K09982	16	10	0	1	3	1	15	0
K16522	0	0	0	0	0	0	0	0
K03902	0	0	0	0	0	0	1	0
K09983	55	52	7	80	48	63	658	17
K02122	0	0	1	1	15	2	5	1
K16523	0	0	0	0	0	0	0	0
K03903	0	0	0	0	0	0	0	0
K09984	13	11	1	33	16	20	190	7
K02123	1	1	3	23	98	14	123	5
K21820	0	0	0	0	0	0	3	0
K20040	0	1	0	0	1	1	1	0
K16524	0	0	0	0	0	0	0	0
K03904	0	0	0	0	0	0	0	0
K09985	23	19	4	38	51	30	205	1
K02124	1	0	2	8	27	1	29	0
K03905	0	0	0	0	0	0	0	0
K02125	1	0	0	0	0	0	0	0
K09986	27	17	4	46	60	33	244	5
K03906	0	0	0	0	0	0	0	0
K16526	0	0	0	0	1	0	2	0
K20042	0	0	0	0	0	0	3	1
K21822	7	5	0	8	18	2	81	1
K09987	45	23	1	65	51	32	310	6
K02126	12	3	0	2	2	2	6	1
K16527	0	0	0	0	0	0	0	0
K03907	0	0	0	0	0	0	0	0
K20043	52	47	0	0	0	0	4	0
K02127	0	0	0	0	0	0	1	0
K09988	3	5	2	4	31	11	84	0
K16528	0	0	0	0	0	0	0	0
K03908	0	0	0	0	0	0	0	0
K20044	49	47	0	0	0	0	3	0
K09989	44	33	8	123	126	73	801	18
K02128	7	3	2	0	0	0	0	1
K16529	0	0	0	0	0	0	0	0
K02129	0	0	0	0	0	0	0	0
K03909	0	0	0	0	0	0	1	0
K21825	13	7	0	2	0	0	16	0
K20045	0	0	0	0	0	0	0	1
K21826	55	26	0	25	47	16	144	1
K20046	0	1	0	0	3	0	6	0
K21827	0	0	0	0	0	0	1	0
K20047	0	0	0	2	1	0	0	1
K00891	74	61	18	178	268	69	875	25
K20048	0	0	0	0	0	0	0	0
K21828	0	0	0	1	6	0	4	0
K00892	1	2	0	1	4	1	16	0
K00893	0	1	0	0	0	0	3	0
K21829	8	3	0	2	3	1	11	0
K20049	2	2	0	1	2	0	2	1
K06012	1	0	0	1	5	0	0	0
K00894	1	0	0	0	1	0	1	0
K06013	31	49	18	180	286	97	1122	33
K04770	11	14	1	30	34	9	47	3
K00895	31	35	3	43	102	24	382	6
K17391	0	0	0	0	0	0	1	0
K11310	0	0	0	0	0	0	0	0
K04771	273	274	118	1232	1810	454	6108	241
K17392	0	0	0	0	0	0	0	0
K11311	0	0	0	0	1	0	4	0
K06015	47	71	58	689	1076	341	4708	115
K04772	32	29	12	108	157	68	766	25
K00897	2	6	1	17	14	0	21	1
K00898	0	0	0	0	0	0	4	0
K11312	9	6	6	23	50	18	123	3
K06016	128	106	30	486	561	118	1989	48
K04773	160	181	30	382	607	165	2126	64
K11313	0	0	0	0	1	0	1	1
K04774	37	26	6	128	120	26	325	14
K00899	10	16	0	27	36	16	161	4
K06018	0	0	0	0	0	0	1	0
K11314	1	0	0	0	1	0	3	0
K04775	3	12	0	17	31	7	100	3
K11315	0	0	0	0	0	0	0	0
K06019	0	3	7	34	76	9	106	7
K11316	0	0	0	0	0	0	1	0
K04778	0	0	0	1	0	0	3	0
K17398	0	0	0	0	0	0	8	0
K11317	0	0	0	0	0	0	1	0
K17399	0	0	0	0	0	0	0	0
K11318	0	0	0	0	0	0	0	0
K11319	0	0	0	0	0	0	0	0
K08660	0	0	0	1	1	1	13	0
K08661	0	0	0	0	0	0	0	0
K15200	1	0	0	1	1	0	0	0
K08662	0	0	0	0	0	0	0	0
K15201	2	0	0	0	1	0	12	0
K08663	0	0	0	0	0	0	1	0
K15202	0	0	0	1	0	0	1	1
K15203	0	0	0	0	0	0	0	0
K12180	8	9	0	0	1	0	0	0
K13960	0	0	0	0	0	0	1	0
K08664	1	0	1	1	2	0	4	0
K13961	0	0	0	0	0	0	0	0
K15204	0	0	0	0	0	0	0	0
K12181	0	0	0	0	1	0	0	0
K08665	0	0	0	1	2	0	1	0
K20500	2	4	0	1	7	1	4	0
K13962	0	0	0	0	0	0	0	0
K08666	0	0	0	0	1	0	0	0
K15205	0	0	0	0	1	0	0	0
K12182	0	0	0	0	1	0	1	0
K08667	0	0	0	0	0	0	0	0
K15206	0	0	0	0	2	0	1	0
K12183	0	0	0	0	0	0	2	0
K13963	109	144	16	93	149	20	397	16
K13964	0	0	0	0	0	0	0	0
K15207	0	0	0	0	0	0	0	0
K08668	0	0	0	0	2	0	0	0
K12184	0	2	0	0	0	0	0	0
K13965	0	0	0	0	0	0	0	0
K15208	0	0	0	0	0	0	0	0
K12185	0	1	0	0	0	0	1	0
K08669	0	2	0	3	3	2	19	1
K15209	0	0	0	0	0	0	0	0
K12186	0	0	0	0	0	0	0	0
K13966	0	0	2	4	2	0	23	0
K20506	0	0	0	0	0	0	0	0
K12187	0	0	0	0	0	0	0	0
K13967	16	9	3	9	16	4	66	0
K13968	0	0	0	0	0	0	0	0
K12188	0	1	0	0	0	0	1	1
K13969	0	0	0	0	0	0	0	0
K12189	1	0	0	0	1	0	0	0
K20509	0	0	0	0	0	0	1	0
K16070	0	0	0	0	0	0	1	0
K03450	0	0	0	0	0	0	3	0
K17850	38	20	0	5	12	5	58	5
K17851	0	0	0	0	0	0	5	0
K16071	0	0	0	0	0	0	0	0
K03451	19	5	0	0	19	1	10	0
K16072	0	0	0	0	0	0	0	0
K03452	0	0	0	0	0	0	0	0
K17852	0	0	0	0	1	0	1	0
K17853	0	0	0	0	0	0	0	0
K16073	1	0	0	1	3	0	7	0
K03453	77	80	6	99	121	68	699	26
K03454	0	0	0	0	0	0	0	0
K17854	0	0	0	0	0	0	1	0
K16074	50	38	4	20	65	34	344	11
K17855	0	0	0	0	0	0	0	0
K21371	36	39	0	0	0	0	1	0
K16075	0	0	0	0	0	0	2	0
K03455	370	362	30	426	1316	292	3951	72
K16076	0	1	0	0	0	0	0	0
K17856	0	0	0	0	0	0	1	0
K03456	1	0	0	2	0	0	5	0
K21373	1	0	0	0	0	0	0	0
K17857	0	0	0	0	0	0	1	0
K16077	4	0	0	0	1	0	4	0
K03457	47	59	35	347	293	108	1408	32
K16078	0	0	0	0	0	0	0	0
K17858	0	0	0	0	0	0	0	0
K21374	173	155	0	0	0	0	4	0
K03458	40	41	2	74	61	19	365	6
K17859	0	0	0	0	0	0	0	0
K03459	0	0	0	0	2	0	10	0
K21375	0	0	0	7	5	1	16	0
K16079	94	58	34	519	128	105	1602	78
K21377	0	1	2	6	29	5	60	2
K21378	3	6	0	6	16	1	16	0
K07340	42	24	3	30	90	17	243	9
K21379	0	1	0	4	9	3	40	0
K07341	24	19	8	36	99	12	203	7
K07342	1	1	1	0	5	1	2	0
K07343	39	27	2	25	55	27	258	15
K12640	1	1	0	0	0	1	1	0
K07344	49	14	1	20	14	10	140	1
K12641	0	0	0	0	0	0	0	0
K07345	5	1	0	2	0	3	35	0
K12642	0	0	0	0	0	0	0	0
K07346	4	12	2	20	35	10	160	6
K12643	0	0	0	0	0	0	2	1
K07347	49	27	1	47	76	18	428	6
K07348	0	0	0	0	0	1	2	0
K12644	4	3	0	0	0	0	0	0
K07349	0	0	0	0	0	0	2	0
K12645	1	1	0	1	6	0	5	0
K12646	0	0	0	0	0	0	0	1
K12647	0	0	0	0	0	0	0	1
K12648	0	0	0	0	0	0	0	0
K12649	0	0	0	0	0	0	0	0
K09990	24	21	13	121	89	36	482	24
K16530	0	0	0	0	0	0	0	0
K02130	0	0	0	0	0	0	0	0
K03910	0	0	0	0	2	0	4	0
K09991	29	20	2	35	32	10	138	7
K02131	0	0	0	0	0	0	0	0
K03911	0	0	0	1	2	0	2	0
K16531	0	0	1	2	3	4	13	0
K09992	144	177	27	286	390	101	2087	50
K09993	0	0	0	0	0	0	0	0
K03912	0	0	0	0	0	0	0	0
K16532	0	0	0	0	0	0	0	0
K02132	11	3	0	5	8	1	28	0
K03913	0	0	0	0	0	0	0	1
K16533	0	0	0	0	0	0	0	0
K09994	0	1	0	2	2	2	10	0
K02133	2	3	0	1	6	1	60	0
K16534	0	0	0	0	0	0	0	0
K03914	0	0	0	0	0	0	0	0
K09995	0	0	0	0	0	0	0	0
K02134	0	0	0	0	0	0	3	0
K21830	1	0	0	0	5	0	10	0
K20050	0	0	0	0	2	0	10	0
K03915	0	0	0	0	0	0	0	0
K02135	0	0	0	0	0	0	0	0
K16535	0	0	0	0	0	0	0	0
K21831	1	0	0	3	1	3	26	0
K20051	0	0	0	0	5	0	2	1
K09996	6	2	0	2	6	0	6	0
K03916	0	0	0	0	0	0	0	0
K02136	1	0	0	1	1	1	5	0
K16536	0	0	0	0	0	0	0	0
K21832	52	44	1	37	47	26	233	2
K20052	0	0	0	0	1	0	0	0
K09997	29	11	0	6	13	0	28	2
K16537	0	0	0	0	0	0	0	0
K09998	0	0	0	0	0	0	2	0
K03917	0	0	0	0	0	0	0	0
K21833	61	47	2	79	120	21	430	11
K20053	0	0	0	0	3	0	0	0
K02137	0	0	1	2	3	0	1	0
K02138	0	0	0	0	0	0	0	0
K20054	0	0	0	0	0	0	1	0
K16538	0	0	0	0	0	0	0	0
K21834	8	10	2	8	30	13	99	0
K09999	7	1	0	1	6	0	7	0
K03918	2	9	9	74	65	42	383	12
K16539	0	0	0	0	0	0	0	0
K02139	0	0	0	0	0	0	0	0
K20055	0	0	1	0	0	0	0	0
K21835	0	0	0	4	24	5	16	1
K03919	31	17	1	74	43	23	316	10
K21836	0	0	0	0	0	0	0	0
K20056	0	0	0	0	0	0	0	0
K20057	0	0	0	0	0	0	0	0
K07800	0	0	0	0	0	0	0	0
K20058	0	0	0	0	0	0	0	0
K06020	17	39	19	98	190	75	945	26
K20059	0	0	0	0	0	0	0	0
K06021	3	7	4	32	61	12	227	8
K06022	42	16	3	27	33	21	321	7
K07803	0	0	2	28	6	7	78	3
K06023	33	46	5	78	172	71	840	20
K04780	17	40	6	113	104	26	343	11
K11320	1	0	0	0	1	0	2	0
K07804	1	3	0	0	0	0	2	0
K06024	75	71	12	227	342	52	811	33
K04781	0	4	0	6	5	0	4	1
K11321	0	0	0	0	0	0	1	0
K04782	26	10	2	27	26	6	120	2
K11322	0	0	1	0	0	0	0	0
K07806	13	13	1	18	42	8	145	11
K04783	0	3	0	1	5	1	13	0
K11323	0	0	0	0	0	0	4	0
K07807	5	2	0	0	3	0	22	1
K06027	1	5	6	35	70	10	186	10
K04784	25	65	0	17	25	8	159	1
K04785	0	0	0	0	0	0	0	0
K07808	0	0	0	0	0	0	0	0
K11324	10	7	0	0	0	0	2	0
K07809	0	0	0	1	0	0	1	0
K11325	1	4	2	60	119	6	229	13
K04786	26	66	2	70	131	15	360	10
K11326	0	0	1	7	13	1	52	2
K04787	0	0	0	8	9	2	20	0
K11327	0	0	0	1	0	0	5	0
K04788	2	4	0	18	15	1	33	2
K11328	0	1	0	1	3	0	2	0
K04789	0	2	0	9	13	0	21	0
K11329	4	8	3	6	16	4	81	1
K08670	1	1	0	0	4	0	3	1
K08671	0	0	0	0	0	0	1	0
K15210	0	0	0	0	0	0	0	0
K15211	0	0	0	0	0	0	0	0
K08672	0	0	0	0	0	0	5	0
K08673	0	0	0	1	0	0	3	0
K15212	0	0	0	1	4	1	5	1
K15213	0	0	0	0	0	0	2	0
K13970	0	0	0	0	0	0	0	0
K08674	0	0	0	0	0	0	2	0
K12190	0	0	0	1	2	0	1	0
K15214	0	0	0	0	0	0	0	0
K20510	0	0	0	6	0	0	32	0
K12191	0	0	0	0	0	0	2	0
K08675	18	5	0	2	6	0	30	3
K15215	0	0	0	0	0	0	0	0
K12192	0	1	0	0	0	0	0	0
K20511	0	0	0	0	1	2	21	0
K08676	34	46	54	643	686	221	3048	89
K15216	0	3	0	0	1	0	3	0
K12193	0	0	0	0	0	0	0	0
K08677	3	16	27	345	49	16	472	33
K15217	0	0	0	0	0	0	1	0
K13974	0	0	0	0	0	0	0	0
K12194	1	0	0	0	1	0	1	0
K08678	132	121	20	241	564	109	1739	45
K15218	0	0	0	0	0	0	0	0
K12195	0	0	0	0	0	0	1	0
K13975	0	0	0	1	1	0	0	0
K08679	522	458	13	178	373	124	1610	32
K13976	0	0	0	0	0	0	0	0
K15219	0	1	0	0	0	0	0	0
K12196	0	1	0	1	1	0	9	0
K13977	0	0	0	0	0	0	0	0
K12197	0	0	0	0	0	0	1	0
K13978	0	0	0	0	0	0	0	0
K12198	1	1	0	0	0	0	1	0
K12199	0	0	0	0	0	0	0	0
K13979	47	57	5	95	147	108	1019	11
K03460	0	0	0	0	0	0	0	0
K17860	0	0	0	1	0	0	4	1
K16080	0	4	5	131	6	32	375	15
K10000	0	0	0	0	0	0	1	0
K17861	0	0	0	0	0	0	0	0
K16081	6	0	0	0	7	0	4	1
K16082	0	0	0	0	0	0	0	0
K17862	1	0	0	0	1	0	0	0
K10001	91	91	12	170	75	148	1421	25
K03462	30	23	2	29	15	8	114	3
K17863	1	0	0	0	1	0	2	1
K16083	0	0	0	0	0	0	0	0
K10002	26	21	2	48	39	48	427	10
K16084	0	0	0	0	0	0	0	0
K17864	1	0	0	0	1	0	2	1
K10003	16	10	4	42	33	33	307	6
K03464	7	5	0	19	9	6	63	2
K16085	0	1	0	0	0	0	0	0
K17865	6	10	3	40	68	23	209	3
K10004	25	20	2	47	31	46	528	11
K03465	4	14	12	98	208	34	427	11
K16086	0	0	0	0	0	0	0	0
K21382	0	0	0	0	0	0	2	0
K17866	0	0	0	0	0	0	1	0
K10005	9	25	2	28	71	5	76	7
K03466	361	441	111	1227	1784	326	5606	165
K17867	0	1	0	6	4	0	7	0
K16087	170	149	7	55	176	29	460	11
K10006	4	18	0	17	32	2	56	3
K03468	0	0	0	0	0	0	0	0
K21384	0	0	0	0	0	0	0	0
K17868	0	1	0	0	0	0	2	0
K16088	103	45	2	6	29	16	154	3
K10007	5	24	0	19	41	6	92	0
K17869	0	0	0	0	0	0	0	0
K16089	172	190	14	50	279	18	639	15
K10008	10	20	3	20	65	5	148	2
K03469	91	69	15	165	319	70	943	35
K10009	38	23	0	21	41	23	207	1
K21388	0	0	0	0	0	0	0	0
K07350	0	2	0	0	0	0	2	0
K07351	0	0	0	0	0	0	0	0
K21389	0	0	0	0	0	0	0	0
K07352	0	0	0	1	0	0	1	0
K07353	0	0	0	0	0	2	1	0
K12650	0	0	0	0	0	0	0	0
K07354	0	0	0	0	0	1	3	0
K12651	0	0	0	0	0	0	0	0
K07355	0	0	0	0	0	1	2	0
K12652	0	0	0	0	0	0	0	0
K07356	0	0	0	0	0	0	2	0
K12653	0	0	0	0	0	0	0	0
K07357	0	7	0	29	17	7	117	1
K12654	0	0	0	0	0	0	0	0
K07358	0	0	3	27	22	7	127	11
K12655	0	0	0	1	1	0	0	0
K07359	3	1	0	3	2	0	13	0
K12656	0	0	0	0	0	0	0	0
K12657	1	0	0	0	3	2	9	1
K12658	20	35	3	71	107	28	450	11
K12659	1	4	0	0	3	0	15	1
K02140	1	0	0	0	1	0	1	0
K16540	0	0	0	0	0	0	0	0
K02141	0	0	0	0	0	0	0	0
K03921	9	21	3	46	106	30	435	4
K16542	0	0	0	0	0	0	0	0
K02142	0	0	0	0	0	0	0	0
K03922	0	0	0	2	1	0	7	0
K16543	0	0	0	0	0	0	0	0
K02143	0	0	0	0	0	0	0	0
K03923	9	3	0	4	1	3	29	1
K16544	0	0	0	0	0	0	0	0
K20060	0	0	0	0	0	0	0	0
K21840	0	0	0	0	0	0	1	0
K02144	0	0	0	0	0	0	1	0
K03924	194	307	123	965	1718	344	6242	187
K20061	0	0	1	0	0	0	0	0
K16545	0	0	0	0	0	0	0	0
K21841	0	0	0	0	1	0	3	0
K03925	61	61	16	151	246	86	805	23
K02145	0	1	0	1	3	1	8	0
K20062	0	0	0	0	1	0	1	0
K21842	8	3	0	0	0	0	2	1
K16546	0	0	0	0	0	0	0	0
K03926	15	16	5	70	105	38	386	12
K02146	0	0	1	0	0	0	3	1
K20063	0	0	0	0	0	0	0	0
K21843	1	4	0	0	4	1	13	0
K16547	0	0	0	0	2	0	5	1
K03927	1	3	2	11	9	4	69	1
K02147	0	0	0	0	1	1	2	0
K20064	0	0	0	0	0	0	0	0
K16548	0	0	0	0	0	0	0	0
K21844	0	0	0	0	0	0	1	0
K03928	19	17	6	97	145	22	392	10
K02148	0	1	0	0	0	0	2	0
K20065	0	0	0	0	0	0	0	0
K16549	0	0	0	0	0	0	0	0
K21845	0	0	0	2	0	0	5	0
K03929	137	232	50	627	421	241	3607	119
K02149	1	0	0	0	0	0	3	0
K21846	0	0	0	0	0	0	0	0
K20066	0	0	0	0	0	0	0	0
K20067	0	0	0	0	0	0	0	0
K21847	5	0	0	0	0	0	0	0
K20068	0	0	0	0	0	0	0	0
K21848	0	1	0	0	0	0	2	0
K07810	4	1	1	2	7	0	31	1
K06030	0	0	1	0	0	0	4	0
K21849	0	0	0	0	0	0	0	0
K20069	0	0	0	0	1	1	6	0
K07811	0	0	0	4	1	0	12	0
K07812	5	3	5	78	69	26	405	5
K07813	1	0	0	0	2	0	0	0
K04790	0	3	0	3	1	0	5	1
K06033	0	1	1	13	12	13	68	4
K11330	0	0	0	1	1	0	2	0
K07814	44	55	23	178	399	98	1523	53
K06034	1	2	5	78	67	73	383	7
K04791	1	4	1	17	12	4	41	0
K11331	0	0	0	0	0	0	0	0
K06035	0	0	2	0	1	0	0	0
K04792	1	3	0	7	6	0	9	1
K11332	0	0	0	0	4	1	1	0
K07816	6	6	0	7	15	5	54	1
K04793	2	1	3	34	6	0	20	3
K11333	2	5	0	7	11	3	85	1
K07817	0	0	0	0	0	0	0	0
K04794	1	2	2	18	17	0	15	0
K07818	0	0	0	0	2	0	0	0
K11334	0	0	0	1	6	3	50	0
K06038	1	0	0	0	1	0	0	0
K04795	0	0	0	3	11	2	9	1
K07819	1	0	0	0	1	0	0	3
K11335	0	0	0	2	10	4	38	1
K06039	1	0	0	22	39	2	70	6
K04796	0	0	0	2	18	4	7	1
K11336	0	0	0	0	2	2	14	0
K04797	0	0	0	1	6	0	10	0
K11337	0	0	0	2	12	2	26	0
K04798	0	0	0	4	13	2	8	1
K11338	0	0	0	1	0	0	0	0
K04799	1	1	0	14	38	8	85	2
K11339	0	0	0	1	0	0	1	0
K08680	1	6	1	38	88	4	117	7
K15220	0	0	0	0	0	0	0	0
K08681	6	14	14	106	203	22	339	13
K02600	150	142	34	488	724	233	2844	69
K15221	0	0	0	0	0	0	0	0
K08682	7	0	0	1	7	2	10	0
K02601	90	66	24	235	386	126	1392	45
K15222	0	0	0	0	0	0	0	0
K02602	0	0	0	0	0	0	0	0
K08683	2	0	0	1	5	0	14	0
K15223	0	0	0	0	0	0	1	0
K13980	0	0	1	4	7	2	12	0
K02603	0	0	0	1	1	0	1	0
K13981	0	0	0	0	0	0	0	0
K20520	0	1	0	0	0	0	0	0
K15224	0	0	0	0	0	0	0	0
K08685	4	20	8	86	86	43	627	23
K02604	0	0	0	0	0	0	1	0
K15225	0	0	0	0	0	0	0	0
K20521	0	1	1	0	0	0	0	0
K19100	1	1	0	1	3	4	15	0
K13982	0	0	0	0	0	0	2	0
K02605	2	0	0	0	1	0	0	0
K15226	0	0	0	1	8	1	3	0
K20522	0	0	0	0	0	0	0	0
K13983	0	0	0	0	0	0	1	0
K02606	0	0	0	0	0	0	0	0
K19101	1	1	0	1	3	4	15	0
K08687	0	1	1	7	2	2	32	0
K19102	0	0	0	1	4	0	7	1
K02607	0	0	0	0	0	0	1	0
K15227	3	2	0	0	1	0	3	0
K20523	1	0	0	0	1	0	8	0
K13984	0	0	0	0	2	0	1	0
K08688	8	7	2	37	53	15	181	4
K20524	2	5	0	0	0	0	1	0
K19103	0	2	1	3	6	1	22	0
K15228	0	0	0	13	14	2	33	1
K13985	0	0	0	4	19	2	57	0
K08689	1	0	0	20	22	12	83	1
K02608	0	0	0	0	0	0	3	0
K19104	0	0	0	0	1	0	0	0
K13986	0	0	0	0	1	0	2	1
K20525	30	22	1	7	12	1	50	1
K15229	0	0	1	24	38	3	76	0
K02609	44	50	9	123	223	79	978	15
K13987	0	0	0	0	0	0	1	0
K19105	0	0	1	1	0	0	8	0
K20526	0	0	0	0	2	0	2	0
K19106	0	1	0	2	2	0	4	0
K20527	42	23	2	56	92	16	344	7
K13988	0	0	0	1	0	0	1	0
K13989	1	0	0	0	0	0	2	1
K20528	18	6	1	11	8	1	63	1
K20529	21	7	1	6	3	0	33	0
K17870	0	0	0	0	2	1	0	0
K16090	134	124	4	118	212	108	1491	53
K03470	93	89	19	240	407	72	1199	26
K17871	2	4	2	1	7	1	8	1
K16091	29	68	2	47	192	54	564	16
K10010	43	34	1	21	26	14	196	5
K03471	1	0	0	3	18	7	90	2
K17872	1	0	0	0	3	1	2	0
K16092	150	111	18	147	311	85	1174	41
K10011	3	4	1	18	33	15	185	6
K03472	4	0	0	2	3	2	6	0
K17873	0	0	0	0	1	0	1	0
K16093	2	2	0	2	4	1	9	1
K10012	4	19	12	108	131	59	721	21
K03473	14	2	0	1	13	1	17	0
K17874	0	0	0	0	0	0	0	0
K21390	0	0	0	0	0	0	0	0
K16094	1	7	0	3	1	0	9	0
K10013	1	2	0	7	3	2	40	1
K03474	80	82	10	138	248	77	971	39
K21391	0	0	0	0	0	0	0	0
K17875	0	0	0	0	0	0	0	0
K16095	3	8	1	5	7	1	17	1
K10014	4	1	1	4	11	0	22	1
K03475	3	2	0	2	10	0	6	0
K17876	1	3	0	5	2	1	12	0
K21392	0	0	0	0	0	0	2	0
K10015	3	1	0	3	0	1	8	0
K03476	7	3	0	3	7	1	34	1
K17877	0	0	0	3	6	1	13	0
K21393	96	64	3	19	42	30	322	3
K10016	1	1	0	3	1	1	8	0
K03477	29	28	1	3	17	11	91	0
K21394	49	44	3	10	24	18	205	2
K17878	0	0	0	1	2	0	2	0
K10017	2	1	0	3	0	1	24	0
K03478	11	17	17	128	183	60	728	36
K03479	0	0	0	0	0	0	0	0
K21395	152	109	7	98	163	81	972	15
K17879	0	0	0	0	1	0	2	1
K10018	9	7	0	8	13	1	97	0
K21396	1	1	0	1	2	0	1	0
K10019	19	17	0	5	28	5	91	1
K21397	23	51	11	174	121	8	306	13
K21398	4	5	0	1	0	0	5	0
K07360	2	0	0	0	0	0	0	1
K21399	0	0	0	0	0	0	0	1
K07363	0	0	0	0	0	0	0	0
K07364	2	0	0	0	0	0	2	2
K12660	3	13	4	16	27	11	118	6
K07365	0	0	0	0	0	0	0	0
K12661	16	4	3	19	42	17	153	5
K07366	0	0	0	0	0	0	0	0
K12662	1	1	0	1	4	0	16	1
K07367	0	0	0	0	0	0	0	0
K12663	0	1	0	1	4	0	11	1
K07368	0	0	0	0	0	0	0	0
K12664	0	0	0	1	0	0	2	0
K07369	0	0	0	0	0	0	1	0
K12665	0	0	0	0	0	0	1	0
K12666	1	1	0	0	1	0	2	0
K12667	1	0	0	0	1	0	0	1
K12668	0	0	0	0	1	0	0	0
K12669	0	0	0	0	0	0	0	0
K16550	0	0	0	0	0	0	0	0
K03930	1	2	0	2	9	3	34	4
K02150	1	0	0	0	0	0	1	0
K16551	0	0	0	0	0	0	0	0
K02151	0	1	0	0	0	0	0	0
K03931	11	12	3	10	27	6	57	2
K16552	38	32	1	15	15	1	75	2
K03932	76	124	18	145	183	30	882	28
K02152	0	0	0	0	0	0	0	0
K02153	0	0	0	0	0	0	0	0
K16553	20	8	0	1	3	0	10	0
K03933	28	26	3	25	74	3	126	6
K21850	0	0	0	1	0	0	3	0
K16554	168	152	35	350	651	107	2112	81
K03934	2	0	0	2	7	1	20	0
K02154	0	1	0	0	2	0	9	1
K21851	0	0	0	2	0	0	0	1
K20071	0	0	0	0	0	0	0	0
K16555	31	22	4	19	25	7	153	3
K03935	2	1	0	1	5	4	32	0
K02155	0	2	0	0	0	1	3	0
K20072	3	0	0	0	0	0	0	0
K21852	0	0	0	0	3	0	1	0
K16556	32	16	2	1	13	2	66	0
K03936	1	2	0	1	0	1	1	0
K02156	0	0	0	0	1	0	0	0
K20073	0	0	0	0	0	0	0	0
K02157	0	0	0	0	0	0	0	0
K21853	0	0	0	0	0	0	2	0
K16557	33	15	3	9	33	8	99	4
K03937	0	0	0	0	1	1	1	0
K02158	0	0	0	0	0	0	0	0
K03938	0	0	0	0	1	0	0	0
K20074	135	260	46	531	862	190	3115	80
K16558	22	9	0	6	13	4	37	1
K02159	0	0	0	0	0	0	0	0
K16559	28	23	1	2	4	1	46	1
K03939	0	0	0	1	0	0	1	0
K07820	1	0	0	0	0	0	0	0
K07821	0	0	0	1	0	1	15	0
K06041	71	68	17	199	301	140	1634	26
K07822	0	0	0	0	0	0	0	0
K06042	28	32	2	74	112	14	169	5
K07823	59	31	8	114	60	55	605	16
K07824	0	1	0	3	0	0	3	0
K11340	16	22	0	0	1	0	0	1
K06044	173	198	50	579	1047	198	2821	84
K11341	0	0	0	1	0	0	0	1
K07825	0	0	0	0	1	0	1	0
K06045	7	20	43	578	336	193	2019	80
K07826	0	0	0	0	0	0	0	0
K11342	0	0	0	0	0	0	0	0
K06046	1	1	0	10	12	0	37	1
K11343	0	0	0	0	0	0	1	0
K07827	0	0	0	1	1	0	3	0
K06047	0	0	1	0	0	0	1	0
K11344	0	0	0	0	0	0	0	0
K07828	0	0	0	0	1	0	0	0
K06048	56	126	29	431	705	130	1603	49
K11345	0	0	0	0	0	0	0	0
K07829	0	0	0	0	0	0	0	0
K06049	0	1	1	1	10	2	18	2
K11346	0	0	0	0	0	0	0	0
K11347	0	0	0	0	0	0	0	0
K11348	0	0	0	0	0	0	2	0
K11349	0	0	0	0	0	0	1	0
K08690	0	0	0	4	3	1	9	0
K15230	0	0	0	2	11	9	34	0
K08691	9	23	11	143	177	54	675	15
K02610	16	19	2	30	75	18	207	4
K15231	0	0	0	2	5	2	12	0
K08692	6	8	1	20	23	8	126	5
K02611	32	38	9	80	167	28	489	10
K15232	0	2	2	11	19	0	41	2
K08693	0	0	0	10	35	3	61	0
K02612	27	31	4	70	139	24	337	15
K08694	0	0	0	0	0	0	0	0
K15233	0	0	0	2	11	9	34	0
K13990	0	3	12	97	142	53	499	10
K02613	77	101	12	164	169	82	996	19
K08695	27	21	0	0	0	0	1	0
K20530	70	46	8	57	76	15	421	14
K15234	0	0	0	12	11	8	105	4
K13991	0	0	0	3	13	4	40	0
K02614	17	13	4	53	95	22	297	3
K08696	0	0	0	0	0	0	3	0
K20531	29	14	3	19	21	5	114	3
K15235	0	0	0	0	0	0	0	0
K13992	1	0	1	12	12	9	101	5
K02615	1	0	2	26	55	18	197	8
K15236	0	0	0	0	0	0	0	0
K20532	45	18	1	22	28	9	146	2
K13993	157	186	24	331	823	191	2057	53
K08697	0	1	0	2	20	3	57	5
K02616	26	47	8	167	113	13	303	13
K15237	0	0	0	0	0	0	1	0
K08698	0	0	0	2	15	0	2	1
K20533	52	26	1	23	19	8	187	1
K02617	6	12	5	38	47	14	259	2
K20534	63	65	41	297	368	181	2317	53
K19113	1	1	0	1	2	2	18	0
K15238	0	0	0	0	2	0	2	1
K13995	4	4	3	51	33	13	122	5
K08699	0	1	0	0	5	0	6	0
K02618	45	99	5	108	189	57	928	14
K13996	0	0	0	0	0	0	1	0
K20535	1	0	0	0	0	0	3	0
K19114	0	0	0	1	1	0	0	0
K02619	41	38	1	47	125	25	318	6
K13997	0	0	0	0	4	1	2	0
K20536	1	0	0	0	0	0	0	0
K19115	0	0	0	4	6	0	11	0
K20537	0	0	0	0	0	0	0	0
K19116	0	0	0	2	2	0	3	1
K13998	2	0	0	0	5	2	4	0
K13999	0	0	0	0	0	0	0	0
K20538	0	0	0	0	0	0	0	0
K19117	2	1	2	11	39	1	43	0
K06500	0	0	0	0	0	0	0	0
K06501	0	0	0	0	0	0	0	0
K20539	27	27	1	27	17	10	168	3
K19118	2	0	1	5	17	2	35	3
K06502	0	0	0	0	0	0	0	0
K19119	1	0	0	4	17	2	29	0
K06503	0	0	0	0	0	0	0	0
K03480	1	0	0	0	1	0	1	0
K17880	4	16	1	7	24	2	66	5
K06504	0	0	0	0	0	0	0	0
K03481	1	0	0	0	1	0	0	0
K11800	0	0	1	2	6	0	4	0
K10020	25	17	0	4	17	2	74	1
K06505	0	0	0	0	0	0	0	0
K17882	1	2	1	4	10	3	17	1
K11801	1	1	0	2	1	0	6	0
K10021	14	10	0	13	23	5	85	1
K03482	1	0	0	1	4	1	5	0
K11802	0	1	0	0	0	0	1	0
K17883	0	6	0	23	18	2	101	2
K10022	26	16	1	3	23	9	87	1
K03483	0	1	1	9	37	4	26	1
K11803	0	0	0	0	0	0	0	0
K17884	0	0	0	4	39	4	36	0
K10023	5	4	0	2	4	2	14	0
K03484	6	9	1	13	27	5	87	2
K03485	0	0	0	0	0	0	0	0
K06508	0	0	0	0	0	0	0	0
K11804	3	2	0	0	0	0	4	1
K17885	0	0	0	0	0	0	0	0
K10024	4	3	0	2	4	2	10	0
K17886	0	0	0	0	0	0	0	0
K06509	0	0	0	0	0	0	0	0
K11805	1	0	0	0	0	0	1	0
K10025	13	6	0	6	22	3	69	3
K03486	10	7	0	5	7	1	24	0
K17887	0	0	0	0	0	0	0	1
K11806	1	1	2	8	10	0	21	0
K10026	63	56	16	130	198	72	858	24
K03487	2	0	0	0	2	0	3	0
K03488	1	1	0	0	6	0	7	0
K17888	0	0	0	0	0	0	0	0
K11807	4	0	0	1	0	0	4	0
K10027	63	65	8	145	381	67	899	11
K17889	0	0	0	0	0	0	0	0
K10028	0	0	0	0	0	0	1	0
K11808	0	0	1	0	7	3	19	2
K03489	0	0	3	28	6	1	16	1
K11809	0	0	0	0	0	0	1	0
K07370	0	0	0	0	0	0	0	0
K07371	0	0	0	0	0	0	0	0
K07372	0	0	0	0	0	0	0	0
K07373	0	0	0	0	0	0	0	0
K12670	0	0	0	0	2	0	1	0
K07374	1	2	0	4	1	0	6	1
K07375	22	21	0	8	6	0	9	0
K07376	0	0	0	11	9	2	52	3
K07377	0	0	0	0	0	0	0	0
K12673	0	1	3	20	4	2	54	2
K12674	0	0	0	0	1	0	2	0
K07378	1	1	1	10	2	2	43	0
K07379	0	0	0	0	1	0	1	0
K12675	0	0	0	1	1	0	4	0
K12676	2	3	1	9	3	0	2	0
K12677	0	0	0	5	14	0	12	1
K12678	3	18	2	11	11	1	123	9
K12679	0	0	0	0	0	0	0	0
K16560	21	9	0	0	1	0	5	0
K03940	2	0	0	0	4	1	23	0
K02160	74	66	20	151	229	93	923	31
K02161	0	0	0	0	0	0	0	0
K16561	3	4	0	4	18	4	58	0
K03941	18	15	3	48	41	37	343	5
K02162	0	0	0	0	0	0	0	0
K16562	20	6	0	0	2	1	12	0
K03942	1	0	1	1	3	0	34	0
K02163	0	0	0	0	0	0	0	0
K16563	23	17	0	1	12	3	38	0
K03943	45	25	2	60	84	33	319	9
K03944	0	0	0	0	0	0	0	0
K16564	26	19	0	3	10	4	42	0
K02164	24	7	3	22	12	9	115	4
K03945	0	0	0	0	0	0	0	0
K02165	0	0	0	0	0	0	0	0
K16565	8	2	0	0	0	0	8	0
K02166	0	0	0	0	0	0	0	0
K21862	0	0	0	0	0	0	0	0
K03946	0	0	0	0	0	0	0	0
K16566	24	16	0	12	31	7	75	1
K03947	0	0	0	0	0	0	0	0
K21863	0	0	0	0	0	0	4	0
K16567	37	14	0	0	7	7	62	2
K02167	44	20	0	10	28	9	100	3
K03948	0	0	0	0	0	0	0	0
K21864	0	0	0	0	1	0	1	0
K16568	26	15	1	9	5	3	61	0
K02168	74	38	0	1	94	5	43	0
K03949	1	0	0	0	0	0	0	0
K16569	0	1	0	2	0	1	5	2
K02169	62	58	7	94	134	55	758	14
K20086	0	0	0	0	0	0	3	0
K21866	2	3	1	0	4	0	4	0
K21867	15	14	0	5	7	0	33	1
K20087	0	2	2	12	8	3	81	1
K20088	0	0	0	0	0	0	0	0
K21868	0	0	0	0	1	0	5	1
K07830	0	0	0	0	0	0	0	0
K06051	0	0	0	0	0	0	1	0
K21869	0	0	0	0	0	0	0	0
K20089	0	0	0	2	1	2	14	0
K07831	0	0	0	0	0	0	0	0
K07832	0	0	0	0	0	0	0	0
K06052	0	0	0	0	3	0	6	0
K07833	0	0	0	0	0	0	0	0
K06053	0	0	0	0	0	0	0	0
K06054	0	0	0	0	0	0	0	0
K11350	0	0	0	0	0	0	1	0
K07834	0	0	0	0	0	0	0	0
K06055	0	0	0	0	0	0	0	0
K11351	0	0	0	0	0	0	0	0
K07835	0	0	0	0	0	0	0	0
K06056	0	0	0	0	0	0	0	0
K11352	1	0	0	0	0	0	1	0
K07836	0	0	0	0	0	0	3	0
K06057	0	0	0	0	0	0	0	0
K11353	0	0	1	0	0	0	0	0
K07837	0	0	0	0	0	0	1	0
K11354	0	1	0	6	21	2	61	1
K07838	0	0	0	0	0	0	0	0
K06058	0	0	0	0	2	1	0	0
K06059	0	0	0	0	0	0	1	0
K11355	0	3	0	0	3	2	12	0
K07839	0	0	0	0	0	0	0	0
K11356	0	0	1	1	13	1	24	1
K11357	48	37	1	52	27	44	374	7
K11358	6	12	0	33	82	14	175	4
K11359	0	0	0	0	0	0	1	0
K15241	0	0	0	1	1	3	11	0
K02621	168	156	6	194	360	152	1805	29
K15242	1	1	1	6	11	5	46	0
K02622	137	153	25	269	432	158	2183	41
K02623	51	37	10	79	39	43	623	27
K20540	0	0	0	0	0	0	1	0
K02624	78	72	8	142	128	54	702	12
K19120	0	0	1	0	0	0	2	0
K20541	64	19	2	32	70	13	233	13
K02625	1	2	2	7	1	11	121	3
K19121	0	0	0	0	3	0	3	0
K20542	13	5	4	21	34	7	83	4
K02626	0	0	6	55	43	26	155	2
K02627	0	0	0	0	0	0	0	0
K19122	0	0	0	0	14	0	5	3
K20543	56	33	13	98	179	37	582	39
K02628	0	0	0	0	0	0	0	0
K20544	0	0	0	0	0	0	0	0
K19123	3	11	2	11	43	2	62	1
K02629	0	0	0	0	0	0	0	0
K19124	3	8	0	8	23	3	36	3
K19125	1	5	2	3	12	0	16	0
K20547	7	7	0	0	2	0	11	0
K19126	3	5	3	3	14	1	21	0
K20548	0	1	0	0	0	0	2	0
K19127	0	0	0	0	6	0	29	3
K06511	0	0	0	0	0	0	0	0
K20549	4	2	0	13	17	2	53	0
K19128	0	1	0	0	1	0	1	0
K06512	0	0	0	0	0	0	0	0
K19129	0	0	0	1	1	0	1	0
K17890	0	0	1	3	2	0	9	1
K03490	3	0	3	8	6	0	29	1
K10030	0	0	0	0	0	0	0	0
K06514	0	0	0	0	0	0	0	0
K17891	0	0	0	0	0	0	0	0
K11810	0	0	0	0	3	0	0	0
K03491	11	13	0	2	8	0	14	0
K17892	0	0	0	4	12	3	25	2
K11811	33	21	0	3	8	5	64	0
K06515	1	3	0	0	1	0	2	5
K03492	1	0	0	0	0	0	3	0
K06516	0	0	0	0	0	0	0	0
K03493	0	0	0	0	0	0	0	0
K17893	12	2	0	4	7	7	62	0
K11812	7	4	0	0	0	0	2	0
K17894	0	0	0	0	0	0	0	0
K03494	0	0	0	0	0	0	0	0
K11813	7	4	0	0	0	0	2	0
K17895	0	0	0	0	0	0	0	0
K11814	0	0	0	0	0	0	2	0
K06518	14	4	2	9	11	3	49	3
K03495	174	147	23	323	510	217	2520	56
K06519	1	0	0	0	0	0	0	0
K17896	0	0	0	0	0	0	0	0
K11815	0	0	0	1	1	0	0	0
K03496	363	303	86	814	1327	283	4074	106
K17897	0	0	0	0	0	0	0	0
K11816	8	16	1	8	9	6	96	1
K10036	18	7	1	8	11	10	69	1
K03497	259	231	58	551	949	189	2833	102
K17898	0	0	0	1	2	0	4	0
K11817	5	6	0	1	0	0	3	0
K10037	13	2	1	3	24	4	54	1
K03498	103	85	4	46	918	27	312	7
K17899	0	0	0	0	1	0	0	0
K11818	0	0	0	0	0	0	1	0
K10038	7	2	0	8	19	5	89	0
K03499	65	93	18	249	858	32	712	35
K10039	1	1	1	2	38	4	30	0
K11819	0	0	0	0	0	0	0	0
K07380	0	0	0	0	1	0	1	0
K15700	0	0	0	1	2	0	1	0
K01300	0	0	0	1	2	0	1	0
K15701	0	0	0	0	0	0	0	0
K01301	3	15	12	216	159	112	1144	27
K15702	0	0	0	0	0	0	0	0
K01302	0	0	0	5	11	5	69	1
K15703	0	0	0	0	0	0	1	0
K01303	12	15	13	181	337	44	728	30
K15704	0	0	0	0	0	0	0	0
K12681	0	0	0	0	0	0	1	0
K07385	0	0	0	0	0	0	0	0
K01304	9	15	4	41	44	16	239	8
K15705	0	0	0	0	0	0	0	0
K12682	0	0	0	0	0	0	0	0
K07386	136	190	45	535	354	377	4325	77
K01305	1	6	0	4	37	1	57	0
K15706	0	0	0	0	0	0	0	0
K12683	0	0	0	0	0	0	1	0
K07387	8	5	0	8	10	4	45	3
K01306	1	1	1	1	0	0	4	0
K07388	0	0	0	0	0	0	0	0
K15707	1	0	0	0	0	0	0	0
K12684	1	2	1	2	5	8	73	4
K01307	0	0	0	0	0	0	2	0
K15708	0	0	0	0	0	0	0	0
K12685	52	85	8	36	140	11	325	25
K07389	2	3	0	0	1	1	14	1
K01308	0	1	0	1	9	0	7	0
K15709	0	0	0	0	0	0	0	0
K12686	41	20	1	25	29	17	271	9
K12687	0	0	0	0	0	0	5	0
K12688	0	0	0	2	0	0	4	0
K03950	0	0	0	0	0	0	0	0
K16570	3	0	0	0	0	0	4	0
K02170	16	14	1	16	37	10	169	1
K03951	0	0	0	0	0	0	0	0
K16571	2	0	0	0	0	1	0	0
K02171	0	0	0	4	8	0	25	3
K03952	0	0	0	0	0	0	0	0
K16572	1	1	0	0	0	0	1	0
K02172	6	2	27	89	60	20	586	46
K16573	1	1	0	1	0	0	6	0
K02173	1	1	1	2	3	2	7	0
K03953	1	1	0	2	2	0	7	1
K16574	0	0	0	0	0	0	0	0
K21870	0	0	0	0	0	0	0	0
K02174	0	0	0	0	0	0	0	0
K03954	0	0	0	0	0	0	0	0
K20090	0	0	0	2	1	0	6	0
K02175	0	0	0	0	0	0	0	2
K21871	1	0	0	0	1	0	2	0
K20091	7	2	0	0	0	0	0	0
K16575	0	0	1	0	0	0	0	0
K03955	15	15	0	1	2	0	4	1
K03956	0	0	0	0	0	0	0	0
K21872	0	0	0	0	0	0	0	0
K02176	0	0	0	0	0	0	0	0
K16576	0	0	0	0	0	0	0	0
K20092	0	0	0	0	1	0	3	0
K21873	0	0	0	0	0	0	0	0
K03957	0	0	0	0	0	0	0	0
K20093	93	92	0	0	0	0	5	0
K02177	0	0	0	0	0	0	2	0
K03958	0	0	0	0	0	0	0	0
K21874	0	0	0	0	0	0	0	0
K16578	0	0	0	0	0	0	0	0
K02178	1	0	0	1	1	0	3	0
K16579	0	0	0	0	0	0	0	0
K21875	0	0	0	0	0	0	0	0
K03959	0	0	0	0	0	0	0	0
K20095	1	0	0	1	0	0	0	0
K02179	1	0	0	1	0	0	0	0
K21876	0	0	0	0	0	0	0	0
K20096	0	0	0	0	0	0	0	0
K21877	0	0	0	0	0	0	0	0
K20097	0	1	0	1	1	0	8	0
K06060	0	0	0	0	0	0	0	0
K21878	0	1	1	0	0	0	6	0
K20098	7	5	0	1	0	1	8	0
K07840	0	0	0	0	0	0	0	0
K06061	0	0	0	0	0	0	0	0
K21879	0	0	0	0	0	0	0	0
K20099	0	0	0	0	0	0	2	0
K07841	0	0	0	0	0	0	0	0
K07842	0	0	0	0	0	0	0	0
K06062	0	0	0	0	0	0	0	1
K07843	0	0	0	0	0	0	0	0
K06063	0	0	0	0	1	0	3	0
K06064	0	0	0	0	0	0	0	0
K11360	0	0	0	0	2	0	0	0
K07844	0	0	0	0	0	0	0	0
K11361	0	0	0	0	1	0	1	0
K06065	0	0	0	0	0	0	0	0
K07845	0	0	0	0	0	0	0	0
K11362	0	0	0	0	0	0	1	0
K06066	0	0	0	0	0	0	2	0
K07846	0	0	0	0	0	0	0	0
K11363	0	0	0	0	0	0	0	0
K07847	0	0	0	0	0	0	0	0
K06067	10	10	0	1	1	0	1	1
K11364	0	0	0	0	0	0	1	0
K07848	0	0	0	0	0	0	0	0
K06068	0	0	0	0	0	0	3	0
K07849	0	0	0	0	0	0	0	0
K06069	0	0	0	0	1	0	1	0
K11365	0	0	0	0	0	0	0	0
K11366	2	1	0	1	2	0	0	0
K11367	739	686	1	0	1	0	2	2
K11368	0	0	0	0	0	0	1	0
K11369	0	0	0	0	0	0	0	0
K02630	0	0	0	0	0	0	0	0
K02631	0	0	0	3	6	0	5	2
K02632	0	0	0	5	5	1	21	4
K02633	0	0	0	0	0	0	0	0
K15253	0	2	0	0	3	3	34	1
K15254	0	0	0	0	0	0	0	0
K02634	150	141	0	0	1	0	1	0
K20551	0	0	0	0	0	0	0	0
K19130	0	0	0	0	0	0	0	0
K15255	195	157	10	5	11	2	51	10
K02635	9	4	5	27	44	43	282	5
K20552	1	1	0	0	0	0	3	0
K19131	0	1	2	7	47	0	44	3
K15256	44	23	3	38	94	22	343	21
K02636	1	8	9	67	104	29	346	15
K20553	0	0	0	0	1	0	1	0
K19132	0	1	0	10	31	0	31	4
K15257	55	37	7	59	246	24	388	10
K02637	3	1	3	19	33	37	249	4
K19133	0	0	0	0	0	0	1	0
K15258	0	0	0	0	0	0	0	0
K02638	0	1	1	4	40	5	81	2
K20555	2	0	0	0	0	0	1	0
K19134	0	2	0	3	10	0	3	5
K15259	0	0	0	0	1	0	3	0
K02639	2	1	0	6	15	1	48	2
K20556	5	8	0	0	0	0	6	0
K19135	0	0	0	3	9	2	18	0
K20557	0	0	0	0	0	0	0	0
K19136	0	3	0	1	13	0	10	2
K19137	0	0	0	0	0	0	0	0
K06520	0	0	0	0	0	0	0	0
K20558	0	0	0	0	0	0	0	0
K20559	0	0	0	0	0	0	0	0
K06521	0	0	0	0	0	0	0	0
K19138	0	0	0	0	2	0	2	0
K06522	0	0	0	0	0	0	0	0
K19139	0	0	0	1	3	0	0	0
K06523	0	0	0	0	0	0	0	0
K06524	0	0	0	0	0	0	1	0
K11820	0	0	0	0	0	0	2	0
K10040	6	8	0	5	22	1	28	2
K06525	0	0	0	0	0	0	1	0
K11821	0	0	0	0	0	0	1	1
K10041	2	2	1	8	33	2	36	0
K10042	0	0	0	0	0	0	0	0
K06526	0	0	0	0	0	0	0	0
K11822	0	0	0	0	0	2	1	0
K10043	0	0	0	0	0	0	0	0
K06527	0	0	0	0	0	0	0	0
K11823	0	0	0	0	0	0	0	0
K10044	0	0	0	0	0	0	0	0
K06528	0	0	0	0	0	0	0	0
K11824	2	1	0	1	0	0	2	0
K06529	0	0	0	0	0	0	0	0
K11825	0	1	0	0	1	0	2	0
K10046	1	0	0	0	1	0	5	0
K11826	21	22	0	0	2	0	1	0
K11827	6	6	0	0	0	0	0	0
K10047	0	0	0	0	3	1	10	1
K10048	0	0	0	0	0	0	0	0
K11828	0	0	0	0	0	0	0	0
K10049	0	0	0	0	0	0	0	0
K11829	0	0	0	0	0	0	0	0
K07390	58	59	5	64	140	37	556	17
K15710	0	0	0	2	3	0	3	1
K07391	162	174	39	464	893	137	2286	86
K01310	0	0	0	2	3	0	7	0
K07392	0	0	0	0	0	0	0	0
K01311	0	0	0	0	2	0	2	2
K15711	0	0	0	0	0	2	6	0
K15712	0	0	0	0	1	0	0	0
K07393	53	55	17	167	183	70	601	14
K01312	2	10	0	12	45	4	48	4
K01313	0	0	0	0	0	0	0	0
K15713	0	0	0	0	0	0	0	0
K07394	10	6	1	6	27	5	79	3
K15714	0	0	0	0	0	0	0	0
K01314	0	0	0	0	0	0	0	0
K07395	33	36	3	70	54	70	692	12
K15715	0	0	0	0	0	0	0	0
K07396	17	29	0	4	18	3	94	0
K01315	0	0	0	1	3	0	9	1
K15716	0	0	0	0	0	0	0	0
K07397	42	56	10	146	263	102	1014	28
K01316	0	0	2	0	2	0	6	0
K07398	0	0	0	1	10	2	9	0
K15717	0	0	0	0	0	0	0	0
K01317	10	9	9	64	220	7	231	46
K15718	62	46	0	1	0	0	0	0
K07399	44	74	8	113	117	24	418	8
K01318	2	5	1	3	15	2	34	4
K01319	0	0	0	0	0	0	0	0
K15719	1	0	0	1	6	0	10	0
K16580	0	0	0	0	0	0	0	0
K03960	0	0	0	0	0	0	0	0
K02180	4	0	1	0	3	1	5	0
K16581	0	0	0	0	0	0	0	0
K10500	0	0	0	0	0	0	0	0
K02181	0	0	0	0	0	0	0	0
K03961	0	0	0	0	0	0	0	0
K10501	0	0	0	0	0	0	0	0
K03962	0	0	0	0	0	0	0	0
K16582	0	0	0	1	0	0	4	0
K02182	34	35	32	459	412	198	2391	43
K10502	0	0	0	0	0	0	0	0
K16583	0	0	0	1	0	0	0	0
K03963	0	0	0	0	0	0	0	0
K02183	2	2	1	2	6	0	22	0
K21880	0	0	0	0	0	0	0	0
K10503	0	0	0	0	0	0	0	0
K16584	0	0	0	0	0	1	1	0
K03964	0	0	0	0	0	0	0	0
K02184	2	3	0	2	0	0	3	0
K21881	0	0	0	0	0	0	0	0
K10504	0	0	0	0	0	0	0	0
K02185	0	0	0	0	0	0	0	0
K16585	0	0	0	0	0	0	0	0
K03965	0	0	0	0	0	0	0	0
K10505	0	0	0	0	0	0	0	0
K21882	0	0	0	0	0	0	0	0
K03966	0	0	0	0	0	0	0	0
K02186	0	0	0	0	0	0	0	0
K16586	0	0	0	0	0	0	3	0
K10506	0	0	0	0	0	0	0	0
K16587	0	0	0	0	0	0	0	0
K02187	0	0	0	0	0	0	1	0
K21883	37	33	8	125	99	58	734	15
K10507	0	0	0	0	0	0	0	0
K16588	0	0	0	0	0	0	0	0
K03968	0	0	0	0	0	0	0	0
K21884	0	0	0	0	4	1	2	0
K02188	22	10	7	66	91	10	123	6
K10508	0	0	0	0	0	0	0	0
K16589	0	0	0	0	0	0	0	0
K21885	4	7	0	6	9	1	12	0
K03969	39	68	21	208	344	82	875	30
K02189	16	10	0	32	39	7	65	1
K10509	0	0	0	0	0	0	0	0
K21886	5	4	0	12	8	0	15	0
K21887	8	16	0	28	49	3	63	1
K06070	0	0	0	0	0	0	0	0
K21888	0	0	0	0	0	0	0	0
K07850	0	0	0	0	0	0	0	0
K06071	0	0	0	0	0	0	0	0
K21889	1	0	0	0	0	0	0	0
K07851	0	0	0	0	0	0	0	0
K07852	0	0	0	0	0	0	0	0
K06072	0	1	0	2	19	2	14	0
K07853	0	0	0	0	0	0	0	0
K06073	0	0	0	3	12	3	36	0
K11370	0	0	0	0	0	0	0	1
K06074	0	0	0	0	1	0	4	0
K07854	0	0	0	0	0	0	0	0
K11371	0	0	0	0	0	0	0	0
K07855	0	0	0	0	0	0	0	0
K06075	30	24	7	58	48	17	256	9
K07856	0	0	0	0	0	0	1	0
K11372	2	2	0	0	1	0	0	2
K06076	69	61	10	75	217	47	715	23
K07857	0	0	0	0	0	0	1	0
K11373	2	1	1	0	0	0	4	0
K06077	16	15	0	7	12	3	101	1
K07858	0	0	0	0	0	0	0	0
K11374	2	0	2	1	2	0	5	0
K06078	2	3	0	0	1	2	22	0
K07859	0	0	0	0	0	0	0	0
K11375	0	0	0	0	0	0	0	0
K06079	3	2	1	2	2	1	21	2
K11376	0	0	0	0	0	0	1	0
K11377	0	0	0	0	0	0	0	1
K11378	0	0	0	0	0	0	0	0
K11379	0	0	0	0	0	0	0	0
K02640	0	0	0	0	0	0	0	0
K15260	0	0	0	0	1	0	0	0
K15261	0	0	0	1	2	0	3	0
K02641	13	12	1	23	19	15	187	3
K15262	0	0	0	0	0	0	1	0
K02643	0	0	0	0	0	0	0	0
K15263	0	0	0	0	1	0	0	0
K15264	1	0	0	0	0	0	1	0
K15265	0	0	0	0	0	0	0	0
K19140	0	0	0	7	15	1	40	1
K02646	0	0	0	0	0	0	0	0
K20562	0	1	0	0	0	0	0	0
K19141	0	1	0	0	3	2	2	0
K15266	0	0	0	0	0	0	0	0
K15267	0	0	0	0	0	0	1	0
K19142	0	1	0	1	8	0	12	1
K02647	7	0	1	10	23	1	12	2
K19143	0	0	0	0	0	2	4	0
K15268	45	46	4	57	85	37	387	7
K02649	0	0	0	0	0	0	1	0
K19144	0	1	0	1	12	3	19	1
K15269	40	26	0	15	28	4	140	2
K19145	0	0	0	0	0	0	0	0
K06530	0	0	0	1	1	0	9	0
K19147	6	10	2	26	77	2	206	9
K06531	0	0	0	0	0	0	0	0
K06532	0	0	0	0	0	0	1	0
K06533	0	0	0	0	0	0	0	0
K06534	0	0	0	0	0	0	0	0
K10050	0	0	0	0	0	0	0	0
K11830	0	0	0	0	0	0	0	0
K10051	0	0	0	0	0	0	0	0
K06535	0	0	0	0	0	0	0	0
K11831	0	0	0	0	0	0	0	0
K11832	0	0	0	0	0	0	0	0
K10052	0	0	0	0	0	0	0	0
K10053	0	0	0	0	0	0	0	0
K06537	0	0	0	0	0	0	0	0
K11833	0	0	0	0	0	0	0	0
K11834	0	0	0	0	0	0	0	0
K10054	0	0	0	0	1	0	0	0
K06539	0	0	0	0	0	0	0	0
K10055	0	0	0	0	0	0	0	0
K11835	0	0	0	0	0	0	2	0
K10056	0	0	0	0	0	0	0	0
K11836	0	1	0	0	0	0	4	0
K11837	0	0	0	0	0	0	0	0
K10057	0	0	0	0	1	0	1	0
K11838	26	23	0	0	3	0	4	0
K10058	0	0	0	0	0	0	1	0
K11839	3	3	1	0	1	0	1	0
K10059	1	0	0	1	1	0	2	0
K15720	0	0	0	0	0	0	1	0
K01320	0	0	0	0	0	0	0	0
K01321	0	0	0	0	0	0	0	0
K15721	10	4	0	0	2	0	24	0
K15722	0	0	0	0	0	0	0	0
K01322	146	191	54	530	745	215	3252	94
K15723	0	0	0	0	0	0	1	0
K01323	0	0	0	0	0	0	0	0
K15724	27	23	1	58	86	36	376	12
K01324	0	1	0	0	5	0	5	0
K05200	0	0	0	1	0	0	0	0
K19600	0	1	0	0	0	0	0	0
K15725	41	36	14	203	165	31	840	36
K01325	0	1	0	1	0	0	2	0
K05201	0	0	0	0	0	0	0	0
K01326	0	0	0	0	3	0	0	0
K19601	0	0	0	0	0	0	0	1
K15726	116	146	76	1279	560	457	6199	136
K19602	0	0	0	0	0	0	0	0
K01327	0	0	1	0	0	0	1	0
K05202	0	0	0	0	0	0	0	0
K15727	42	53	23	301	278	122	1713	45
K01328	0	0	0	0	0	0	1	0
K05203	0	0	0	0	0	0	0	0
K19603	0	0	0	0	0	0	4	0
K15728	1	0	0	1	1	0	2	0
K05204	0	0	0	0	0	0	0	0
K01329	0	0	0	0	0	0	0	0
K19604	0	0	0	0	0	0	0	0
K15729	0	0	0	0	1	0	4	0
K19605	0	0	0	0	0	0	0	0
K05205	0	0	0	0	0	0	0	0
K05206	0	0	0	0	0	0	0	0
K19606	0	0	0	0	0	0	4	0
K05207	0	0	0	0	0	0	0	0
K19607	0	0	0	1	3	0	1	0
K19608	0	0	0	0	0	0	0	0
K05208	0	0	0	0	0	0	0	0
K05209	0	0	0	0	0	0	0	0
K19609	7	2	0	7	12	0	23	1
K16590	0	0	0	0	0	0	0	0
K02190	1	0	0	0	1	0	0	0
K03970	9	3	0	0	21	4	46	0
K10510	0	0	0	0	0	0	0	0
K03971	0	0	0	0	0	0	0	0
K02191	1	0	0	5	18	3	16	0
K10511	0	0	0	0	0	0	0	0
K03972	3	0	1	0	5	2	18	0
K02192	19	17	0	6	19	6	103	4
K10512	0	0	0	0	0	0	0	0
K16593	0	2	2	3	13	0	20	0
K03973	28	37	2	52	136	19	348	9
K02193	65	45	10	118	204	32	558	21
K10513	0	0	0	0	0	0	0	0
K16594	0	0	0	0	0	0	0	0
K21890	0	0	0	0	0	0	0	0
K03974	12	8	1	7	58	6	158	2
K02194	58	53	11	174	307	57	849	23
K21891	0	0	0	0	0	0	1	0
K03975	32	74	15	198	199	82	996	32
K02195	76	66	14	191	300	105	1114	37
K21892	0	0	0	0	0	0	0	0
K10515	0	0	0	0	0	0	0	0
K03976	47	42	6	59	77	21	308	16
K02196	17	11	1	15	12	7	86	3
K10516	0	0	0	0	0	0	0	0
K21893	0	0	0	1	3	0	0	0
K03977	134	159	37	525	842	158	2336	79
K02197	44	38	7	101	189	55	596	16
K16598	0	0	0	0	0	0	0	0
K10517	0	0	0	0	0	0	0	0
K21894	0	1	0	0	0	0	0	0
K03978	67	52	9	87	198	50	668	22
K02198	157	132	37	535	839	262	3215	72
K10518	0	0	0	0	0	0	0	0
K16599	0	0	0	0	0	0	0	0
K03979	110	127	34	386	614	109	1608	52
K02199	48	35	11	128	248	57	746	19
K10519	0	0	0	0	0	0	0	0
K21898	0	0	0	0	0	0	2	0
K07860	0	0	0	0	0	0	0	0
K06080	0	0	0	0	0	0	1	0
K06081	0	0	0	0	0	0	0	0
K21899	0	0	0	0	0	0	0	0
K14400	1	0	1	0	0	0	6	0
K07861	0	0	0	0	0	0	2	0
K06082	0	0	0	0	0	0	0	0
K14401	1	0	0	0	0	0	6	0
K07862	3	2	0	1	3	0	16	0
K00001	281	262	77	1076	1032	372	4894	119
K06083	0	0	0	0	0	0	0	0
K14402	0	0	0	1	1	0	1	0
K07863	0	0	0	0	0	0	0	0
K00002	4	7	0	17	23	6	75	2
K07864	0	0	0	0	0	0	0	0
K06084	0	0	0	0	0	0	0	0
K14403	1	1	0	0	0	0	3	1
K11380	1	2	0	1	1	1	1	0
K00003	126	154	48	583	709	167	2348	64
K06085	0	1	0	0	0	0	1	0
K07865	0	0	0	0	0	0	0	0
K14404	10	11	0	1	0	0	0	1
K11381	69	100	47	501	902	262	3234	97
K00004	56	52	18	213	194	72	853	27
K11382	0	0	0	1	0	0	1	0
K06086	0	0	0	0	0	0	0	0
K14405	0	0	0	0	0	0	0	0
K07866	0	0	0	0	0	0	0	0
K00005	16	2	1	11	17	2	50	0
K06087	0	0	0	0	0	0	0	0
K14406	1	0	0	0	0	1	3	0
K11383	12	3	6	18	34	22	199	6
K00006	8	7	0	0	3	1	4	0
K07868	0	0	0	0	0	0	0	0
K14407	1	1	0	1	0	0	1	1
K11384	10	3	6	40	35	15	201	11
K00007	9	15	0	7	5	3	112	0
K06089	0	0	0	0	0	0	0	0
K07869	0	0	0	0	0	0	0	0
K14408	0	0	0	0	0	0	2	0
K11385	1	1	0	11	9	2	20	0
K00008	64	90	32	446	629	158	2016	62
K14409	4	0	0	0	0	0	0	0
K11386	0	1	2	22	14	0	39	1
K00009	12	36	1	13	54	5	114	2
K11387	0	1	2	37	22	1	62	3
K11389	0	0	0	0	2	1	2	0
K15270	192	133	6	98	164	78	843	13
K02650	25	42	25	77	205	56	938	29
K15271	3	0	0	0	0	0	1	0
K02651	69	53	7	146	166	99	1096	26
K15272	0	0	0	0	1	0	0	0
K02652	110	145	79	600	1262	487	5974	154
K15273	0	0	0	0	0	0	0	0
K02653	72	86	52	414	741	247	3228	108
K15274	0	0	0	0	0	0	0	0
K02654	58	68	31	210	362	81	1314	47
K15275	0	0	0	0	0	0	2	0
K02655	43	28	4	34	52	26	383	6
K15276	0	0	1	0	0	0	2	0
K02656	31	27	7	49	60	16	329	12
K15277	2	0	0	0	0	0	1	0
K02657	17	22	3	31	53	32	321	6
K15278	0	0	0	0	0	0	2	0
K02658	23	30	8	42	77	25	372	7
K15279	0	0	0	0	0	0	1	0
K02659	24	26	0	17	32	16	143	4
K19155	0	0	0	1	8	0	8	1
K19156	1	1	0	4	9	1	18	0
K06540	0	0	0	0	0	0	3	0
K19157	4	1	2	4	5	2	17	2
K06541	0	0	0	0	0	0	0	0
K19158	4	10	2	11	21	1	37	0
K06542	0	0	0	0	0	0	0	0
K19159	6	7	3	12	39	6	69	3
K06543	0	0	0	0	0	0	0	0
K11840	0	0	0	0	2	0	1	0
K10060	0	0	0	1	2	0	6	0
K06545	0	0	0	0	0	0	0	0
K11841	1	0	0	0	0	0	0	0
K10061	0	0	0	0	0	0	3	0
K06546	0	0	0	0	0	0	0	0
K10062	0	0	0	0	0	0	0	0
K11842	16	10	0	0	0	0	1	0
K06547	0	0	0	0	0	0	0	0
K10063	0	0	0	0	1	0	0	0
K11843	0	1	1	0	0	0	1	0
K06548	0	0	0	0	0	0	0	0
K10064	1	0	0	0	0	0	0	0
K11844	3	3	0	0	0	0	3	0
K06549	0	0	0	0	0	0	0	0
K11845	0	0	0	0	0	0	0	0
K10065	0	0	0	0	0	0	3	0
K11846	0	0	0	0	0	0	0	0
K10066	0	0	0	0	0	0	3	0
K11847	0	0	0	0	0	0	0	0
K10067	0	0	0	0	0	0	5	0
K11848	1	1	0	0	0	0	0	0
K10068	0	0	0	0	0	0	5	1
K10069	0	0	0	0	0	0	0	0
K11849	0	0	0	0	0	0	0	2
K15730	0	0	0	0	0	0	1	0
K01330	0	0	0	0	0	0	0	0
K01331	0	0	0	0	0	0	1	0
K15731	1	2	0	1	2	0	4	1
K15732	0	0	1	0	0	0	1	0
K01332	0	0	0	0	0	0	0	0
K01333	0	0	0	1	2	0	1	0
K15733	6	7	0	9	9	1	10	3
K01334	0	0	1	0	0	0	1	0
K15734	0	11	1	23	21	3	82	4
K01335	0	0	0	0	1	0	0	0
K05210	0	0	0	0	0	0	0	0
K19610	4	0	0	1	3	3	24	2
K15735	0	0	0	0	4	1	13	1
K05211	0	0	0	0	0	0	0	0
K01336	0	0	0	3	5	0	7	0
K19611	6	7	0	0	1	0	5	0
K15736	21	27	7	124	194	38	465	25
K05212	0	0	0	0	0	0	0	0
K19612	0	0	0	0	0	0	2	0
K15737	0	0	0	0	1	0	0	0
K01337	33	66	14	73	117	12	455	25
K05213	0	0	0	0	0	0	0	0
K19613	11	4	0	1	1	0	5	0
K15738	218	219	37	408	585	176	2503	56
K01338	300	356	149	1550	2421	729	9003	227
K19614	0	0	0	1	0	0	0	0
K05214	0	0	0	0	0	0	0	0
K15739	0	8	0	8	8	0	21	0
K01339	0	0	0	0	0	0	0	0
K19615	0	1	1	3	8	1	26	1
K05215	0	0	0	0	2	0	0	0
K05216	0	0	0	0	0	0	0	0
K19616	2	1	2	2	6	0	30	1
K05217	0	0	0	0	0	0	0	0
K19617	1	0	0	1	1	1	13	1
K19618	0	0	0	0	1	0	0	0
K05218	0	0	0	0	1	0	0	0
K05219	0	0	0	0	1	0	0	0
K19619	3	4	0	0	2	0	2	0
K03980	155	198	51	646	994	242	3373	111
K10520	0	0	0	1	0	0	2	0
K03981	33	23	3	19	33	22	294	3
K09100	0	0	0	0	0	0	0	0
K10521	0	0	0	1	0	0	1	0
K03982	0	0	0	0	0	0	2	0
K10522	0	0	0	0	0	0	0	0
K03983	0	0	0	0	0	0	0	0
K09102	0	0	0	0	0	0	0	0
K10523	248	221	1	1	1	0	3	0
K03984	0	0	0	0	0	0	1	0
K03985	0	0	0	0	0	0	0	0
K09103	0	0	0	0	0	0	0	0
K10524	0	0	0	0	1	0	1	0
K09104	0	0	0	0	0	0	0	0
K03986	0	0	0	0	0	0	0	0
K10525	0	0	0	0	0	0	0	0
K03987	0	0	0	0	0	0	0	0
K09105	0	0	0	0	0	0	0	0
K10526	4	6	0	4	2	0	2	0
K09106	0	0	0	0	0	0	0	0
K03988	0	0	0	0	0	0	0	0
K10527	3	3	1	4	3	0	11	0
K10528	1	0	0	0	0	0	0	0
K09107	0	0	0	0	0	0	0	0
K03989	0	0	0	0	1	0	1	0
K09108	0	0	0	0	0	0	0	0
K10529	1	1	0	1	1	0	2	0
K09109	0	0	0	0	1	0	0	0
K06090	0	0	0	0	0	0	0	0
K07870	1	0	0	0	1	0	2	0
K07871	0	0	0	0	0	0	0	0
K14410	0	0	0	0	0	0	0	0
K06091	0	0	0	0	1	0	0	0
K00010	88	88	19	260	415	81	1333	28
K06092	0	0	0	0	0	0	0	0
K07872	0	0	0	0	0	0	0	0
K14411	8	4	1	0	3	0	3	0
K00011	6	8	0	8	8	6	116	1
K07873	0	0	0	0	0	0	0	0
K06093	0	0	0	0	0	0	1	0
K14412	4	4	0	0	0	1	1	0
K00012	198	217	54	659	1145	323	4069	113
K06094	0	0	0	0	0	0	0	0
K14413	1	1	0	0	0	0	1	0
K11390	0	0	1	1	12	1	10	3
K07874	1	0	1	2	3	1	13	1
K00013	129	156	31	432	632	119	1927	48
K07875	0	0	0	0	0	0	1	0
K06095	0	0	0	0	0	0	0	0
K14414	34	33	0	17	34	16	190	2
K11391	12	14	0	4	12	1	24	1
K00014	171	174	28	354	530	151	2045	45
K07876	0	0	0	0	0	0	0	0
K14415	89	132	35	295	658	128	1707	60
K11392	0	0	0	2	10	0	9	0
K06096	0	0	0	0	0	0	0	0
K00015	82	56	27	316	505	126	1593	49
K06097	0	0	0	0	0	0	0	0
K11393	0	0	0	1	0	0	1	0
K14416	0	1	0	0	1	1	1	0
K07877	2	0	0	0	0	0	2	0
K00016	19	31	13	142	216	39	698	16
K06098	0	0	0	0	0	0	0	0
K07878	0	0	0	0	0	0	0	0
K11394	0	0	0	0	0	0	0	0
K11395	0	0	0	2	0	0	0	0
K07879	0	0	0	0	0	0	0	0
K06099	0	0	0	0	0	0	1	0
K00018	32	28	19	209	176	88	875	22
K11396	0	0	0	0	0	0	0	0
K00019	89	98	18	278	399	167	2051	39
K11397	0	0	0	0	0	0	0	0
K11398	0	0	0	0	0	0	0	0
K11399	0	0	0	0	0	0	1	0
K15280	0	0	0	0	0	0	0	0
K02660	82	116	18	129	256	87	875	30
K15281	0	0	0	0	0	0	0	0
K02661	8	1	0	0	2	0	4	0
K15282	0	0	0	0	0	0	0	0
K02662	45	53	26	200	416	97	1355	40
K15283	10	15	0	1	0	0	1	0
K02663	25	23	5	54	76	48	318	10
K15284	0	0	0	0	0	0	0	0
K02664	31	25	5	49	91	33	373	14
K19160	1	0	0	0	0	0	0	0
K15285	6	2	0	0	0	0	1	0
K02665	24	21	0	24	38	31	252	3
K15286	0	0	0	0	0	0	0	0
K19161	0	0	0	0	0	0	1	0
K02666	69	73	9	177	321	98	1255	41
K19162	0	0	0	0	0	0	0	0
K15287	1	1	0	0	0	0	1	0
K02667	42	50	16	130	245	103	1161	40
K15288	0	0	0	0	0	0	0	0
K19163	4	6	0	2	16	2	24	0
K02668	70	68	17	104	305	87	1101	24
K15289	0	1	0	0	0	0	1	0
K19164	4	7	0	4	15	2	38	1
K02669	57	68	64	579	1045	308	4340	127
K19165	0	0	0	0	0	0	1	0
K19166	7	14	1	9	31	2	89	4
K19167	0	0	0	0	0	0	0	0
K06550	0	0	0	0	0	0	1	0
K06551	0	0	0	0	0	0	0	0
K19168	18	5	0	6	21	6	84	1
K19169	3	1	2	8	24	4	64	1
K06553	0	0	0	0	0	0	0	0
K06554	0	0	0	0	0	0	0	0
K10070	0	0	0	0	0	0	0	0
K11850	0	0	0	0	0	0	0	0
K06555	0	0	0	0	0	0	0	0
K11851	0	0	0	0	0	0	0	0
K10071	0	0	0	2	2	0	0	0
K06556	0	0	0	0	0	0	0	0
K11852	0	0	0	0	0	0	0	0
K10072	0	0	0	2	2	0	0	0
K06557	0	0	0	0	0	0	0	0
K10073	0	0	0	0	0	0	0	0
K11853	1	0	0	1	1	1	13	0
K10074	0	0	0	0	0	0	0	0
K11854	0	0	0	0	0	0	1	0
K10075	0	0	0	0	0	0	0	0
K06559	0	0	0	0	0	0	0	0
K11855	112	68	0	0	1	0	2	0
K10076	0	0	0	0	0	0	0	0
K11856	0	0	0	0	0	0	0	0
K10077	0	0	0	0	0	0	0	0
K11857	0	0	0	0	0	0	0	0
K10078	0	0	0	0	0	0	0	0
K11858	1	0	0	0	1	0	1	0
K10079	0	0	0	0	0	0	0	0
K11859	0	0	0	0	0	0	0	0
K15740	0	0	0	0	0	0	0	0
K01340	0	0	0	1	0	0	3	2
K15741	0	0	0	0	0	0	0	0
K01341	1	2	0	1	2	0	17	0
K15742	0	0	0	0	0	0	0	0
K01342	4	11	9	76	157	14	322	18
K15743	1	1	1	7	3	3	19	0
K01343	0	0	0	3	0	0	8	0
K01344	0	0	0	0	1	0	0	0
K15744	0	1	0	0	1	0	1	0
K05220	0	0	0	0	0	0	0	0
K01345	0	0	0	0	1	0	2	1
K19620	2	3	0	10	13	3	55	2
K15745	0	0	1	5	15	3	21	0
K05221	0	0	0	0	0	0	0	0
K19621	3	2	0	3	1	1	21	0
K15746	16	14	0	4	11	6	44	0
K01346	1	1	0	0	8	0	6	2
K05222	0	0	0	0	0	0	0	0
K15747	0	0	0	1	0	0	0	0
K19622	7	3	0	10	15	4	65	2
K01347	2	1	0	4	2	0	22	2
K15748	0	0	0	0	0	0	1	0
K01348	0	0	0	0	0	0	0	0
K19623	1	2	0	1	0	0	13	0
K19624	0	0	0	0	0	0	2	0
K01349	0	0	0	0	3	0	7	1
K19625	0	0	0	0	0	0	0	1
K05226	0	0	0	0	0	0	0	0
K19626	0	0	0	0	0	0	5	0
K19627	0	0	0	0	0	0	0	0
K19628	0	3	0	2	1	0	2	0
K03990	0	0	0	0	1	0	5	0
K10530	0	0	2	9	11	0	42	1
K03991	0	0	0	0	0	0	5	0
K03992	0	0	0	0	0	0	0	0
K10531	17	15	0	13	14	0	32	3
K09111	0	0	0	0	0	0	0	0
K03993	0	0	0	0	0	0	1	0
K10532	49	62	0	1	0	0	1	0
K10533	0	0	5	22	15	5	150	4
K03994	0	0	0	0	1	0	0	0
K03995	0	0	0	0	0	0	0	0
K09113	0	0	0	1	0	0	0	0
K10534	4	4	0	1	2	2	10	2
K03996	0	0	0	0	0	0	0	0
K09114	0	0	0	0	0	0	0	0
K10535	0	0	2	12	5	4	40	0
K09115	0	0	0	0	0	0	0	0
K03997	0	0	0	0	0	0	0	0
K10536	53	34	19	154	230	74	805	24
K03998	0	0	0	0	0	0	0	0
K10537	13	6	1	4	5	8	77	2
K09116	0	0	0	0	1	0	1	0
K03999	0	0	0	0	0	0	0	0
K10538	16	7	0	13	12	7	118	2
K09117	52	56	14	158	285	78	933	20
K10539	23	21	2	31	42	10	241	4
K09118	18	78	25	379	727	167	1851	62
K09119	0	0	0	0	0	1	2	0
K07880	0	0	0	0	0	0	0	0
K07881	0	0	0	0	0	0	0	0
K00020	160	162	69	946	940	381	4592	106
K01800	54	42	5	86	103	64	585	15
K07882	0	0	0	0	0	0	0	0
K00021	19	15	5	57	125	22	288	8
K01801	49	37	7	75	106	51	520	11
K07883	0	0	0	0	0	0	0	0
K00022	0	3	1	14	24	6	78	1
K01802	287	293	42	500	778	271	3586	110
K07884	0	0	0	0	0	0	0	0
K14423	78	57	0	0	0	0	0	0
K00023	76	72	12	200	215	105	1291	25
K01803	101	121	33	426	693	142	1945	63
K07885	0	0	0	0	0	0	0	0
K14424	0	0	0	0	2	1	10	1
K00024	108	104	32	423	671	206	2540	63
K01804	27	56	11	122	111	29	537	14
K07886	0	0	0	0	0	0	0	0
K14425	0	0	0	0	1	0	0	0
K18300	23	16	5	53	49	11	149	10
K00025	1	0	0	0	2	0	5	0
K01805	94	125	26	238	383	96	1667	48
K14426	0	0	0	0	0	0	0	0
K07887	0	0	0	0	1	0	1	0
K18301	37	20	0	7	8	11	107	3
K00026	0	1	0	0	1	0	4	0
K07888	0	0	0	0	0	0	1	0
K18302	20	12	1	17	27	13	131	1
K14427	3	1	0	0	0	0	1	0
K00027	53	85	37	455	653	158	1839	43
K01807	50	64	13	165	169	61	656	15
K14428	0	0	0	0	0	0	0	0
K18303	49	68	6	41	62	60	674	6
K07889	25	17	0	0	4	0	5	0
K00028	1	2	0	0	0	0	3	0
K01808	38	43	16	169	313	74	993	32
K14429	1	0	0	0	0	0	4	0
K18304	5	5	0	0	4	2	15	0
K00029	270	254	33	455	656	351	3964	60
K01809	49	38	10	140	247	33	659	15
K18305	9	1	0	0	0	0	2	0
K18306	20	13	1	44	30	9	180	1
K18307	33	15	3	107	128	68	702	9
K18308	3	1	2	5	18	2	21	1
K18309	0	0	0	0	1	0	3	0
K15290	0	0	0	0	0	0	0	0
K02670	67	79	4	61	107	123	1070	9
K15291	0	0	0	0	0	0	0	0
K02671	38	25	2	17	44	13	277	9
K15292	2	0	0	0	0	1	3	1
K02672	56	53	1	37	70	27	372	9
K15293	0	0	0	0	0	0	0	0
K02673	23	17	3	8	21	6	68	4
K15294	0	0	0	0	0	0	0	0
K02674	168	141	13	132	402	115	1732	43
K15295	0	0	0	0	0	0	0	0
K02675	1	0	0	0	0	0	0	0
K19170	4	5	2	9	26	1	64	1
K19171	3	1	7	27	38	7	90	9
K15296	1	0	0	0	0	0	2	0
K02676	25	19	0	20	26	29	214	1
K15297	0	0	0	0	0	0	0	0
K02677	0	0	0	0	2	0	3	1
K19172	4	12	6	16	62	3	94	5
K15298	0	0	0	0	0	0	0	0
K02678	0	0	0	0	0	0	0	0
K19173	0	0	0	0	0	0	0	0
K15299	0	0	0	0	0	0	0	0
K19174	0	0	0	0	1	0	0	0
K02679	0	1	12	17	74	6	254	17
K19175	7	0	2	7	21	0	51	3
K19176	1	5	0	9	19	2	33	1
K19177	0	0	0	0	0	0	0	0
K06560	0	3	0	0	3	0	11	0
K19178	0	0	0	0	1	0	1	0
K20599	0	0	0	0	0	0	11	0
K06561	0	0	0	0	0	0	1	0
K06562	0	0	0	0	0	0	0	0
K19179	0	0	0	0	2	0	1	0
K06563	0	0	0	1	2	0	3	0
K06564	0	0	0	0	0	0	0	0
K11860	0	0	0	0	0	0	0	0
K10080	0	0	0	0	0	0	3	0
K06565	0	0	0	0	0	0	0	0
K10081	0	0	0	0	0	0	0	0
K11861	0	0	0	0	0	0	0	0
K06566	0	0	0	0	0	0	0	0
K11862	0	0	0	0	0	0	0	0
K10082	0	0	0	0	1	0	0	0
K10083	0	0	0	0	1	0	0	0
K11863	1	1	0	0	0	0	1	0
K10084	4	2	0	0	1	0	2	0
K11864	0	0	0	0	0	0	0	0
K06568	0	0	0	0	0	0	0	0
K06569	0	0	0	0	0	0	0	0
K11865	0	0	0	0	0	0	0	0
K10085	2	0	0	10	9	8	98	4
K11866	0	0	0	1	1	0	4	0
K10086	0	0	0	0	1	0	0	0
K10087	0	0	0	0	0	0	0	0
K11867	0	0	0	1	1	0	0	0
K11868	0	0	0	0	2	0	1	0
K10088	0	0	0	0	0	0	1	0
K10089	0	0	0	0	2	0	9	0
K11869	0	0	0	0	3	0	1	0
K01350	0	0	1	0	0	0	1	0
K15750	0	0	2	9	7	4	27	0
K01351	0	0	0	0	0	0	0	0
K15751	0	0	0	4	6	0	17	1
K01352	0	0	0	0	0	0	1	0
K15752	0	0	2	9	2	1	17	2
K15753	1	1	1	0	6	0	4	0
K01353	0	0	0	0	0	0	0	0
K15754	0	0	0	0	0	1	2	0
K01354	175	160	25	413	526	177	2224	47
K05230	0	0	0	0	0	0	0	0
K01355	0	0	0	1	3	0	4	0
K15755	0	2	1	7	12	2	60	0
K19631	0	0	0	0	0	0	0	0
K15756	3	1	0	2	28	3	28	1
K01356	88	72	24	292	495	124	1511	44
K01357	0	0	0	0	0	0	0	0
K19632	0	0	0	0	2	1	2	0
K15757	1	0	0	0	4	0	1	0
K15758	0	0	0	1	0	0	0	0
K19633	1	0	0	1	1	0	9	0
K01358	144	171	47	433	591	195	2373	59
K15759	0	0	0	0	0	0	1	0
K19634	0	0	0	0	0	0	0	0
K01359	0	0	0	0	1	0	4	0
K19635	0	0	0	0	0	0	0	0
K19636	1	0	0	0	0	0	0	0
K05236	2	1	0	0	3	0	5	0
K19638	0	0	0	0	0	0	0	0
K10540	7	6	0	1	6	0	13	0
K10541	0	3	0	10	6	2	24	1
K09120	1	4	0	6	24	3	21	2
K10542	4	21	2	12	33	4	126	5
K09121	10	13	14	162	352	53	909	27
K10543	73	116	9	142	170	59	782	18
K09122	11	19	2	37	72	18	190	6
K10544	77	83	9	123	168	36	651	17
K09123	31	25	7	86	150	29	375	11
K10545	75	96	20	187	238	59	909	22
K09124	1	0	2	4	25	0	48	4
K10546	50	57	3	32	53	25	330	5
K09125	72	61	8	60	189	59	645	15
K10547	53	61	4	36	60	29	356	5
K09126	0	0	0	0	0	0	0	0
K10548	63	74	6	50	90	26	403	9
K09127	0	2	1	3	9	0	10	1
K10549	0	1	0	5	6	0	24	1
K09128	2	7	1	35	54	13	119	1
K09129	0	0	2	24	27	12	76	2
K07890	0	0	0	0	0	0	1	0
K14430	2	0	0	0	1	0	0	0
K07891	1	0	0	0	0	0	0	0
K01810	147	188	46	674	871	253	3648	113
K00030	21	38	15	192	403	110	1264	28
K14431	176	153	0	0	0	0	0	0
K01811	85	221	21	253	374	114	1878	36
K00031	197	179	52	464	670	315	3682	74
K14432	3	2	0	0	0	0	0	0
K07893	0	0	0	0	0	0	1	0
K01812	94	76	15	133	162	55	912	25
K00032	4	5	0	5	9	3	45	2
K14433	0	0	0	0	0	0	0	0
K07894	0	0	0	0	0	0	0	0
K01813	5	3	2	25	44	10	196	5
K00033	99	120	50	586	625	180	2817	86
K14434	0	0	0	0	0	0	0	0
K07895	0	0	0	0	0	0	0	0
K01814	92	100	26	275	415	71	1233	43
K00034	46	63	18	165	273	72	1030	26
K07896	0	0	0	0	0	0	0	0
K18310	0	0	2	4	12	0	7	2
K14435	1	0	0	0	0	1	2	0
K01815	68	59	0	21	26	21	193	9
K00035	42	30	0	12	56	16	222	3
K18311	0	0	0	0	0	0	0	0
K14436	0	0	0	0	1	1	1	1
K07897	0	0	0	0	0	0	1	0
K01816	105	121	12	190	287	92	1389	25
K00036	207	226	109	1096	979	371	4896	130
K00037	0	0	0	0	1	0	0	0
K07898	0	0	0	0	0	0	0	0
K18312	0	0	0	0	0	0	1	0
K14437	0	0	1	1	3	1	3	3
K01817	107	119	17	241	371	108	1304	33
K07899	0	0	0	0	0	0	0	0
K18313	0	2	4	45	59	10	173	3
K14438	0	0	0	0	3	1	2	1
K01818	3	7	3	26	42	3	109	5
K00038	27	25	11	125	143	38	595	24
K18314	1	0	7	36	79	6	79	4
K14439	1	0	0	0	1	0	5	1
K01819	2	0	1	3	9	1	14	0
K00039	21	21	1	9	7	11	95	2
K18315	0	0	0	0	0	0	5	0
K18316	0	0	0	5	10	2	15	2
K18317	1	0	0	0	0	0	4	0
K18318	0	0	0	0	0	0	0	0
K18319	0	1	0	0	0	0	0	0
K02680	2	0	0	0	3	0	8	1
K02681	2	3	2	3	4	2	20	1
K02682	0	5	0	0	4	0	29	0
K02683	0	0	0	3	23	3	10	0
K02684	1	0	0	0	0	0	3	0
K02685	0	0	1	0	0	0	2	1
K19180	10	9	3	14	39	12	207	5
K19181	26	14	1	41	47	13	320	7
K13100	1	0	0	0	2	0	4	0
K02686	4	9	1	1	7	2	41	1
K19182	1	0	0	1	0	0	2	0
K13101	0	1	0	1	1	1	1	0
K02687	94	80	27	150	328	73	1126	39
K19183	0	0	0	0	0	0	0	0
K13102	0	0	0	1	0	0	2	0
K02688	5	14	0	14	12	5	102	3
K19184	0	0	0	0	0	0	0	0
K13103	4	5	0	2	1	0	2	0
K02689	3	2	1	1	2	1	10	1
K13104	0	0	0	0	1	0	6	0
K19185	0	0	0	2	5	1	9	0
K13105	0	0	0	0	0	0	0	0
K19186	0	1	1	8	15	0	25	2
K19187	0	1	2	39	32	7	63	1
K13106	0	0	0	0	1	0	1	0
K06571	0	0	0	0	0	0	0	0
K19188	0	0	0	19	17	6	63	5
K13107	0	0	0	0	1	0	0	1
K06572	0	0	0	0	0	0	0	0
K19189	1	1	1	27	33	1	40	1
K13108	0	0	0	1	0	0	1	0
K06573	0	0	0	0	0	0	0	0
K13109	0	1	0	0	0	0	0	0
K06574	0	0	0	0	0	0	0	0
K10090	0	0	0	0	0	0	0	0
K11870	0	0	1	0	0	0	1	0
K11871	0	0	0	0	0	0	0	0
K10091	0	0	0	0	0	0	0	0
K06576	0	0	0	0	0	0	0	0
K10092	0	0	0	0	0	0	0	0
K11872	0	0	0	0	0	0	1	0
K06577	0	0	0	0	0	0	0	0
K10093	0	0	0	0	0	0	0	0
K11873	0	0	0	0	0	0	0	0
K06578	0	0	0	0	0	0	0	0
K10094	0	0	0	0	1	0	1	0
K11874	0	0	0	0	0	0	1	1
K06579	0	0	0	0	0	0	0	0
K11875	0	0	0	0	0	0	0	0
K10096	0	0	0	0	0	0	0	0
K11876	0	0	0	0	0	0	0	0
K10097	0	0	0	0	0	0	0	0
K11877	0	0	0	0	0	0	0	0
K11878	3	0	0	0	0	0	1	0
K10098	0	0	0	0	0	0	0	0
K11879	0	0	0	0	0	0	0	0
K10099	0	0	0	0	0	0	0	0
K15760	2	3	2	28	23	4	85	3
K01360	0	0	0	0	0	0	3	0
K15761	0	0	0	3	4	0	1	1
K01361	1	3	2	64	123	6	258	11
K01362	0	0	0	0	1	0	3	1
K15762	6	18	7	35	76	21	155	10
K15763	0	1	0	2	4	0	7	0
K01363	0	0	0	0	1	0	4	1
K15764	7	2	1	18	12	2	24	2
K01364	0	0	0	0	0	0	0	0
K05240	0	0	0	0	0	0	0	0
K19640	12	7	5	80	23	18	185	5
K15765	2	4	2	15	36	5	90	3
K01365	8	6	2	5	7	0	31	3
K19641	2	2	2	21	57	12	175	7
K01366	0	1	0	0	0	0	4	0
K05242	0	0	0	0	0	0	0	0
K19642	0	0	0	0	0	0	0	0
K01367	0	0	0	0	0	0	2	0
K05243	0	0	0	0	0	0	0	0
K01368	0	0	0	0	2	0	2	1
K01369	29	35	0	0	0	0	4	0
K05245	0	0	0	0	0	0	0	0
K05247	0	0	0	0	0	0	0	0
K19647	0	0	2	6	7	3	53	0
K05249	0	0	0	0	0	0	0	0
K10550	1	0	0	2	0	0	0	0
K10551	0	0	0	1	2	0	14	1
K10552	46	53	1	54	86	30	392	6
K09131	19	13	9	58	94	22	292	10
K10553	53	59	4	53	74	28	393	8
K09132	1	2	0	0	5	0	1	0
K09133	0	0	0	0	0	3	6	1
K10554	35	39	2	30	37	13	235	8
K09134	0	1	0	1	6	1	7	0
K10555	5	13	1	7	7	0	30	0
K09135	0	0	0	0	0	0	0	0
K10556	27	26	1	8	22	5	74	2
K10557	3	4	0	1	4	1	12	1
K09136	65	108	10	195	227	68	747	39
K10558	3	5	0	2	6	0	10	0
K09137	3	4	1	102	85	37	364	7
K10559	36	52	12	132	123	39	690	22
K09138	0	0	0	2	0	0	6	1
K09139	0	0	0	0	1	0	10	0
K14440	1	0	3	3	4	3	19	1
K01820	42	60	15	127	131	45	617	16
K00040	131	84	4	73	123	46	597	6
K14441	90	103	27	320	534	193	2273	55
K01821	47	40	6	94	60	41	445	11
K00041	35	48	2	23	32	11	147	2
K14442	0	2	0	0	2	0	7	1
K01822	7	11	1	25	33	17	176	8
K00042	110	101	18	291	438	159	1798	31
K14443	0	0	0	0	0	0	0	0
K01823	21	29	6	81	153	23	268	10
K00043	54	51	3	45	121	19	413	9
K14444	0	0	0	0	1	0	0	0
K00044	0	0	0	0	0	0	5	0
K01824	2	2	0	0	0	0	2	0
K18320	8	35	2	18	44	5	78	2
K14445	25	25	6	41	385	56	581	19
K05700	0	0	0	1	1	0	0	0
K01825	40	27	8	106	123	38	583	11
K00045	77	56	2	64	78	24	367	7
K05701	0	0	0	0	0	0	0	0
K18321	1	0	0	0	3	0	11	0
K14446	9	17	5	104	152	37	468	14
K01826	40	27	4	77	62	45	412	14
K00046	131	133	35	377	406	121	1923	43
K01827	0	0	0	0	0	0	0	0
K05702	0	0	0	0	0	0	0	0
K18322	5	6	3	4	3	6	44	0
K14447	17	41	20	272	309	65	1007	27
K05703	0	0	0	0	0	0	0	0
K18323	2	5	0	0	2	1	19	1
K14448	5	12	9	110	178	40	622	20
K00048	2	3	0	4	15	3	53	1
K05704	0	0	0	0	0	0	0	0
K18324	0	0	0	0	2	2	12	0
K14449	6	15	4	79	85	38	304	11
K01829	6	11	1	15	27	5	114	4
K00049	0	2	0	6	6	2	21	0
K05705	0	0	1	2	0	0	1	1
K18325	0	0	0	0	0	0	4	0
K05706	0	0	0	0	0	0	0	0
K18326	0	0	0	1	2	5	16	0
K05707	0	0	0	0	0	0	0	0
K18327	3	1	0	0	0	0	0	0
K18328	1	1	0	0	2	0	1	0
K05708	2	2	3	75	76	29	237	8
K18329	0	0	0	0	0	0	0	0
K05709	0	0	1	2	3	0	8	0
K02690	3	1	1	3	14	0	17	0
K02691	2	1	0	0	0	0	0	0
K02692	0	0	0	0	1	0	0	0
K02693	0	0	0	0	0	0	0	0
K02694	0	0	0	0	2	0	1	0
K02695	0	0	0	0	0	0	0	0
K19190	6	13	7	70	75	19	159	6
K19191	90	70	22	328	344	82	1362	27
K13110	0	0	0	0	0	0	0	0
K02696	2	0	0	0	0	0	1	0
K19192	0	0	0	0	0	0	0	0
K13111	0	1	0	0	3	0	4	1
K02697	0	0	0	0	1	0	0	0
K13112	0	0	0	0	0	0	0	0
K02698	0	0	0	0	1	0	0	0
K02699	1	1	0	0	0	0	0	0
K19194	0	0	0	0	0	0	2	0
K13113	21	15	0	0	0	0	0	0
K19195	0	0	0	0	0	0	2	0
K13114	0	0	0	0	0	0	1	0
K19196	0	0	0	0	0	0	0	0
K13115	0	1	0	0	0	0	0	0
K19197	0	0	1	0	0	0	0	0
K13116	0	0	0	0	0	0	2	1
K06580	8	9	1	4	5	8	119	1
K06581	0	0	0	0	0	0	0	0
K19198	0	0	0	0	0	0	0	0
K13117	1	0	0	2	3	0	6	0
K00500	60	71	8	68	141	80	793	7
K06582	0	0	0	0	0	0	0	0
K19199	2	0	0	1	0	0	8	0
K13118	0	0	1	0	0	0	0	0
K00501	0	0	0	0	1	2	8	0
K00502	0	0	0	0	1	2	5	0
K13119	0	1	0	0	0	0	4	0
K06583	0	0	0	2	1	0	3	0
K11880	0	0	0	0	0	0	0	0
K06584	0	1	0	1	5	0	7	1
K00503	0	0	0	0	1	0	3	2
K11881	0	0	0	0	0	0	0	0
K06585	0	0	0	0	2	0	3	1
K00504	1	2	1	5	26	4	67	5
K11882	0	0	0	0	0	0	0	0
K06586	0	0	0	0	0	0	1	0
K00505	21	19	10	87	141	30	517	22
K00506	0	0	0	0	0	0	0	0
K06587	0	0	0	0	0	0	0	0
K11883	3	0	0	0	1	0	0	0
K06588	0	0	0	0	0	0	0	0
K11884	0	0	0	0	1	0	0	1
K00507	84	120	34	332	407	166	2127	43
K06589	0	0	0	0	0	0	0	0
K11885	0	1	0	1	1	0	1	0
K00508	36	62	6	68	131	48	751	18
K00509	1	0	0	0	2	0	0	0
K22300	0	0	0	0	1	0	4	0
K11886	3	0	0	0	4	0	2	1
K11887	0	0	0	0	2	1	5	0
K22301	0	0	0	0	3	0	1	0
K11888	0	0	0	0	0	0	0	0
K22302	0	0	0	0	0	0	2	0
K11889	4	2	0	0	0	0	4	0
K22303	12	23	11	124	93	33	607	23
K22304	0	0	0	0	0	0	0	0
K22305	2	9	7	33	79	4	122	6
K01370	0	0	0	0	0	0	0	0
K22306	7	14	3	43	67	0	86	1
K15770	15	46	3	41	137	15	238	9
K22307	0	9	0	3	10	0	4	1
K15771	26	64	12	141	457	39	870	27
K01371	0	0	1	5	5	2	33	4
K22308	0	2	0	2	14	1	11	1
K15772	12	30	0	28	112	10	181	5
K01372	7	3	4	22	29	4	87	2
K22309	0	0	0	3	2	2	16	1
K15773	13	11	3	7	26	2	69	2
K01373	0	0	0	0	1	0	2	0
K01374	0	0	0	0	0	0	0	0
K01375	0	0	0	0	0	0	0	0
K01376	2	0	0	1	1	0	0	0
K05252	0	0	0	0	0	0	0	0
K01377	0	0	0	0	0	0	1	0
K15777	55	47	8	113	164	45	779	8
K19653	0	0	0	4	4	2	18	0
K15778	79	85	16	233	375	134	1587	26
K01378	0	0	0	0	0	0	0	0
K19654	0	0	1	1	2	0	0	0
K15779	1	0	0	0	1	0	1	0
K01379	14	10	0	0	1	0	2	1
K19656	0	0	0	2	1	0	5	0
K19657	0	0	0	0	0	0	0	0
K19658	0	0	0	0	0	0	3	0
K19659	0	0	0	0	1	0	1	0
K10560	33	42	11	88	97	13	410	14
K10561	40	39	9	106	125	37	653	22
K09140	1	0	0	6	21	0	11	3
K10562	53	58	20	172	202	31	764	30
K09141	1	3	3	26	62	13	140	7
K10563	113	142	43	590	868	143	2119	78
K09142	2	0	0	6	15	1	9	0
K10564	24	13	0	6	5	5	53	0
K09143	0	0	1	32	35	9	62	4
K10565	24	11	1	13	9	11	77	1
K09144	5	1	0	5	16	3	58	1
K09145	4	3	1	9	12	0	24	4
K09146	0	7	1	6	1	0	13	0
K10567	0	0	0	0	0	0	0	0
K09147	0	0	0	0	4	1	5	0
K10568	0	0	0	0	0	0	0	0
K10569	0	0	0	0	0	0	2	0
K09148	0	0	0	2	7	1	2	0
K09149	0	0	0	0	2	0	0	0
K01830	0	0	0	0	0	0	0	0
K00050	10	10	0	4	18	4	52	0
K01831	0	0	0	0	0	0	1	0
K00051	0	0	0	0	1	0	0	0
K14451	4	4	1	57	33	20	190	6
K14452	0	0	0	0	0	0	0	0
K01832	0	0	0	2	2	0	7	2
K00052	146	141	38	549	704	266	3014	88
K14453	0	0	0	0	0	0	2	0
K01833	0	0	0	0	0	0	0	1
K00053	112	113	26	370	511	201	2309	49
K14454	0	0	0	1	1	0	3	1
K01834	79	96	19	224	312	63	990	25
K00054	27	29	1	30	117	15	220	5
K18330	0	0	1	0	5	0	13	0
K14455	0	0	0	1	0	0	2	0
K05710	32	45	17	199	306	83	756	39
K01835	114	185	31	419	519	205	2568	62
K00055	15	17	6	97	86	29	354	6
K14456	0	0	0	0	0	0	0	0
K01836	3	0	0	2	0	0	0	1
K18331	17	23	5	39	89	32	325	8
K05711	0	1	2	23	10	4	37	0
K01837	0	0	0	0	0	0	0	0
K18332	3	0	0	5	11	1	50	0
K14457	0	0	0	0	0	0	3	0
K05712	73	115	16	366	338	111	1978	48
K00057	124	145	26	356	546	118	1778	54
K18333	7	17	3	25	10	9	129	1
K14458	0	0	0	0	0	0	3	0
K05713	3	7	5	38	39	18	180	3
K01838	18	26	5	106	203	36	464	14
K00058	294	325	113	1359	1894	579	7248	191
K18334	63	78	8	106	133	33	637	8
K14459	0	0	2	7	1	1	30	1
K05714	1	4	2	24	54	23	179	7
K01839	36	44	6	126	267	47	791	18
K00059	573	683	214	2829	3369	987	13785	400
K18335	54	44	6	78	80	39	497	8
K05715	0	1	2	25	87	6	106	1
K18336	18	21	4	32	39	28	294	4
K05716	0	0	6	42	118	6	94	6
K18337	12	8	3	35	14	17	122	2
K05717	0	0	0	0	3	0	1	0
K05718	0	0	0	0	0	0	0	0
K18338	0	0	0	0	0	0	0	0
K18339	0	0	0	1	0	0	0	0
K05719	0	0	0	0	1	0	0	0
K09600	0	0	0	0	0	0	0	0
K09601	0	0	0	0	0	0	0	0
K09602	3	2	0	0	0	0	1	1
K09603	0	0	0	0	0	0	0	0
K13120	0	0	0	0	1	0	1	0
K09604	1	1	1	1	1	0	4	0
K09605	0	0	0	1	3	0	2	0
K13121	0	0	0	0	0	0	0	0
K09606	0	0	0	0	3	0	2	0
K13122	0	0	0	0	0	0	0	0
K13123	0	1	0	0	1	0	0	0
K09607	17	48	4	57	171	16	344	15
K13124	0	0	1	9	7	0	9	0
K09608	0	0	0	0	1	0	0	0
K13125	0	0	0	0	1	0	1	0
K09609	0	0	0	0	0	0	0	0
K06590	0	0	0	0	0	0	0	0
K13126	20	20	1	1	1	0	15	2
K06591	0	0	0	0	0	0	0	0
K00510	0	0	0	0	0	0	0	0
K13127	5	5	0	0	0	0	1	1
K06592	0	0	0	0	0	0	0	0
K13128	0	1	0	0	0	0	0	0
K00511	0	1	0	7	7	0	20	0
K13129	0	0	0	0	0	0	0	0
K06593	0	0	0	0	2	0	10	0
K00512	250	199	0	2	4	3	19	0
K00513	0	0	0	0	0	0	0	0
K06594	0	0	0	0	0	0	0	2
K11890	40	36	0	20	29	6	145	2
K11891	185	204	12	165	246	92	1408	26
K06595	0	0	0	0	5	0	4	0
K00514	0	0	2	58	23	6	109	2
K00515	0	0	0	0	0	0	5	0
K11892	74	86	1	58	74	13	375	8
K06596	155	173	15	202	318	148	1824	34
K00516	0	0	0	0	0	0	0	0
K11893	73	64	7	83	132	34	572	13
K06597	16	14	0	1	2	6	69	0
K00517	0	0	0	0	0	1	2	0
K11894	26	15	5	63	86	17	296	10
K06598	13	7	0	5	10	5	42	0
K06599	3	0	0	0	0	0	1	0
K11895	56	78	7	50	72	28	356	9
K00518	6	4	3	24	52	5	90	3
K22310	21	9	0	19	13	18	116	2
K11896	91	120	3	119	181	54	773	16
K22311	6	7	4	100	92	9	236	11
K11897	24	29	3	35	36	20	224	4
K22312	279	274	0	0	1	0	4	3
K11898	14	16	1	29	42	7	184	11
K22313	0	2	0	0	6	0	1	0
K11899	12	5	0	6	10	0	27	1
K22314	0	0	0	1	0	0	8	0
K22315	0	0	1	1	0	0	2	0
K01380	0	0	0	0	0	0	0	0
K22316	13	26	9	110	107	4	164	10
K15780	0	2	3	11	63	7	101	5
K22317	10	21	2	33	56	8	215	0
K15781	1	7	6	37	49	19	185	2
K01381	112	85	0	0	1	0	1	1
K22318	10	11	3	45	105	19	382	10
K15782	19	3	0	1	17	1	24	0
K01382	1	1	0	0	0	0	2	0
K01383	0	0	0	0	0	0	0	0
K22319	18	30	5	55	112	22	421	9
K15783	49	24	7	72	129	43	388	10
K01384	0	0	0	0	0	0	0	0
K15784	20	12	1	29	41	5	173	7
K19660	0	0	0	0	0	0	1	0
K15785	29	31	2	20	61	17	155	3
K01385	1	0	0	1	3	0	2	0
K19661	21	18	1	9	17	5	90	4
K15786	21	11	1	5	31	9	71	0
K19662	0	0	0	0	1	0	1	1
K15787	0	1	0	0	0	0	2	0
K01387	14	11	11	52	60	4	222	15
K19663	0	0	0	0	1	0	0	1
K01388	0	0	1	1	9	0	18	0
K19664	0	0	0	9	8	9	58	1
K15789	0	0	0	1	2	0	6	0
K01389	8	29	6	66	56	14	299	3
K19665	0	0	0	0	0	0	0	0
K05266	0	0	0	0	0	0	0	0
K19666	6	3	0	0	2	0	6	1
K19667	0	0	0	0	0	0	0	0
K05268	0	0	0	0	0	0	0	0
K19668	42	48	7	74	99	6	221	12
K10570	27	18	0	2	1	0	5	0
K09150	0	0	0	0	1	2	6	0
K10571	1	0	0	0	0	0	0	0
K10572	0	1	0	0	0	0	1	0
K09152	0	0	0	4	11	1	3	1
K10573	1	0	0	0	0	0	1	0
K10574	0	0	0	0	0	0	0	0
K09153	0	5	2	23	49	7	118	10
K10575	0	0	1	1	2	1	13	2
K09154	2	4	6	29	30	16	166	2
K10576	0	1	0	0	1	0	1	0
K09155	0	0	2	3	19	3	15	1
K09156	0	0	0	0	0	0	0	0
K10577	0	0	0	2	0	0	4	6
K10578	0	0	0	0	0	0	0	0
K09157	3	1	7	53	58	11	198	8
K10579	0	0	0	0	0	0	1	0
K09158	12	13	2	9	20	13	130	2
K09159	37	28	1	33	49	30	244	4
K00060	51	54	12	198	268	81	1200	27
K01840	137	173	45	522	946	145	2727	68
K14461	0	0	0	0	0	0	0	0
K00061	0	0	0	2	0	0	2	0
K01841	19	24	3	52	121	38	449	15
K00062	0	0	0	0	0	0	1	0
K14462	0	0	0	1	0	0	2	1
K00063	0	0	0	0	0	0	0	0
K14463	0	0	0	0	0	0	0	0
K01843	40	69	18	188	279	68	926	32
K14464	0	0	0	1	1	0	0	0
K00064	79	109	8	137	163	43	827	18
K01844	1	11	4	57	48	10	137	5
K18340	0	0	0	0	0	0	0	0
K14465	0	0	0	3	3	2	3	0
K05720	0	0	0	0	0	0	0	0
K00065	73	79	16	260	279	97	1267	42
K01845	130	177	70	997	1414	282	4807	137
K05721	0	0	0	0	0	0	0	0
K14466	0	0	0	0	0	0	1	1
K18341	0	0	0	0	0	0	0	0
K00066	15	22	7	124	242	58	938	22
K01846	2	0	0	6	1	1	29	1
K14467	0	0	0	0	0	10	12	0
K05722	0	0	0	0	0	0	0	0
K18342	0	0	0	0	0	0	0	0
K00067	150	151	30	319	716	115	1852	54
K01847	146	176	35	430	565	174	2784	55
K18343	0	0	0	0	0	0	0	0
K14468	0	0	0	0	4	0	1	0
K05723	0	0	0	0	0	0	0	0
K00068	18	33	5	144	124	20	471	15
K01848	50	70	75	713	1243	211	3687	110
K00069	0	0	1	1	1	0	2	0
K18344	0	0	1	4	10	0	24	0
K14469	0	0	0	1	10	0	10	0
K05724	0	0	1	0	1	0	1	0
K01849	7	8	11	121	185	52	746	33
K18345	0	0	0	2	1	0	5	0
K05725	0	0	0	0	1	0	1	1
K05726	0	0	0	0	0	0	1	0
K18346	9	24	1	12	45	3	86	5
K18347	1	2	0	4	3	0	20	1
K05727	1	0	0	1	2	0	7	1
K05728	0	0	0	0	0	0	0	0
K18348	1	0	0	4	2	3	20	0
K05729	0	0	0	0	0	0	0	0
K18349	0	0	0	2	2	1	18	0
K09610	0	1	3	7	0	4	52	1
K09611	0	0	0	2	3	0	6	0
K09612	0	0	0	1	2	0	9	2
K09613	0	0	0	0	0	0	2	0
K13130	0	0	0	0	0	0	2	0
K09614	0	0	1	0	1	0	9	1
K13131	0	0	0	0	0	0	0	0
K09615	0	0	0	2	1	0	2	0
K13132	0	0	0	0	0	0	0	0
K09616	0	0	0	0	0	0	0	0
K09617	0	0	0	0	0	0	0	0
K13133	0	0	0	1	1	0	2	0
K13134	0	0	0	0	0	0	0	0
K09618	0	0	0	0	0	0	1	0
K09619	0	0	0	0	0	0	0	0
K13135	0	0	0	0	0	0	0	0
K13136	0	0	0	0	0	0	0	0
K13137	0	2	2	12	8	0	27	2
K00520	14	14	13	135	144	48	500	9
K13138	0	0	0	0	1	0	3	0
K00521	21	15	0	1	0	0	4	0
K13139	0	0	0	0	0	0	0	0
K00522	0	1	0	0	0	0	0	0
K00523	62	57	4	80	145	63	747	7
K00524	0	0	0	0	15	0	2	0
K04400	0	0	0	0	0	0	0	0
K18800	40	12	1	13	25	11	128	3
K00525	402	374	108	1072	1909	685	8244	163
K04401	0	0	0	0	0	0	0	0
K18801	0	0	0	0	0	0	1	1
K00526	75	80	5	96	165	97	970	19
K04402	0	0	0	0	0	0	0	0
K18802	3	0	0	0	7	0	10	1
K00527	0	0	1	1	3	0	4	0
K18803	0	0	0	0	0	0	0	0
K04403	0	0	0	0	0	0	0	0
K00528	126	125	20	298	380	127	1548	32
K04404	0	0	0	0	0	0	0	0
K18804	0	0	0	0	0	0	0	0
K22320	13	17	5	50	80	11	237	4
K00529	126	142	35	479	507	81	1341	38
K04405	0	0	0	0	0	0	0	0
K22321	0	0	0	0	0	0	1	1
K18806	0	0	0	0	0	0	2	0
K22322	3	3	1	15	10	8	39	2
K04406	0	0	0	0	0	0	2	0
K18807	0	0	0	0	0	0	1	0
K04407	0	0	0	0	0	0	1	0
K04408	0	0	0	0	0	0	0	0
K18808	0	0	0	0	2	0	3	0
K22324	0	1	0	0	0	0	4	0
K18809	0	0	0	0	1	0	1	0
K22325	9	4	1	16	5	8	99	2
K04409	0	0	0	1	0	0	4	0
K01390	0	0	0	0	5	0	1	0
K15790	1	0	1	1	1	0	4	0
K15791	0	0	0	0	2	1	3	0
K22328	195	167	2	0	1	0	3	0
K15792	69	58	6	128	135	57	696	17
K01392	14	44	3	98	138	53	530	22
K15793	2	0	0	0	0	0	0	0
K22329	0	0	0	1	1	0	4	0
K01393	1	0	1	3	16	6	47	4
K01394	0	0	0	0	7	0	14	0
K01395	0	0	0	0	0	0	1	0
K15795	0	0	0	0	0	0	4	0
K19670	16	13	3	57	58	27	365	3
K01396	0	0	0	0	7	0	5	0
K19671	0	0	1	0	1	0	2	0
K05271	0	0	0	0	0	0	1	0
K15797	1	1	0	0	0	0	0	0
K19672	0	0	0	0	1	0	0	0
K01397	0	0	0	1	0	1	2	0
K01398	0	0	0	0	0	0	0	0
K19673	0	0	0	0	3	1	9	0
K05273	0	0	0	0	0	0	1	0
K15799	0	0	0	0	0	0	4	0
K05274	0	0	0	1	1	0	0	0
K19674	0	0	0	1	2	0	1	0
K01399	9	10	0	2	14	23	196	2
K19675	0	0	0	0	0	0	0	0
K05275	60	94	37	487	321	130	1682	57
K19676	0	0	0	1	2	1	1	0
K05277	1	1	0	0	0	0	1	0
K19677	0	0	0	0	1	0	1	0
K05278	1	2	0	1	0	0	2	0
K19678	0	0	0	0	0	0	2	1
K19679	0	0	0	0	0	0	1	0
K10580	0	0	0	1	1	0	3	0
K10581	83	50	0	0	0	0	1	1
K09160	33	11	4	30	46	18	186	3
K10582	0	0	0	0	0	0	0	0
K09161	0	3	0	3	6	0	10	1
K10583	0	1	0	0	1	0	0	0
K09162	0	0	0	0	8	6	10	0
K10584	0	0	0	0	0	0	0	0
K09163	0	3	9	39	99	27	195	4
K10585	0	0	0	0	0	0	0	0
K09164	11	30	8	102	133	36	497	15
K21000	4	14	7	80	99	10	205	9
K10586	0	0	0	0	1	0	1	0
K09165	19	18	6	103	190	74	657	17
K21001	6	3	3	14	32	5	94	2
K10587	0	0	0	0	0	0	0	1
K09166	17	17	11	67	222	26	401	5
K21002	0	0	0	1	0	0	4	0
K10588	2	0	0	0	0	0	0	0
K09167	13	19	0	24	58	3	50	1
K09168	0	0	0	0	0	0	0	0
K21003	1	1	0	2	16	8	58	1
K10589	1	1	0	0	0	0	2	0
K09169	0	0	0	0	0	0	0	0
K21004	1	0	1	4	4	0	22	0
K21005	0	0	0	0	3	2	7	0
K21006	0	1	0	16	19	2	49	4
K14470	2	6	4	36	33	4	107	4
K01850	0	0	0	0	1	0	2	0
K00070	0	1	0	11	8	2	33	0
K00071	0	0	0	0	0	0	0	0
K21007	1	4	1	12	16	8	54	3
K14471	8	13	4	12	20	11	128	3
K01851	2	1	2	6	10	0	12	2
K00072	0	0	0	0	0	0	0	0
K21008	1	3	1	6	13	1	16	1
K14472	8	14	4	13	18	11	132	3
K01852	1	8	4	33	47	6	107	7
K21009	2	11	7	75	175	48	476	16
K01853	1	1	0	1	5	0	8	1
K00073	15	9	7	87	110	33	515	10
K14474	0	0	0	0	1	0	0	0
K01854	68	89	13	197	427	90	1286	32
K00074	133	154	41	592	955	253	3308	103
K05730	0	0	0	1	0	0	0	0
K18350	7	18	7	58	95	3	95	5
K14475	8	8	1	27	44	5	115	1
K01855	1	0	0	0	0	0	5	0
K00075	129	139	20	380	571	150	1921	50
K18351	2	21	7	64	46	10	204	13
K05731	0	0	0	0	0	0	0	0
K01856	25	30	9	117	149	43	576	18
K00076	21	34	5	65	81	16	389	10
K14477	0	0	0	0	0	0	0	0
K05732	0	0	0	0	0	0	0	0
K18352	4	12	3	46	18	6	131	11
K01857	85	69	26	326	241	93	1275	29
K00077	94	119	50	563	743	209	2813	79
K05733	0	0	0	1	0	0	1	0
K00078	0	0	0	1	1	0	6	0
K18353	5	6	2	9	18	0	47	2
K01858	48	90	36	286	525	154	1845	41
K05734	0	0	0	0	1	0	1	0
K00079	50	50	0	1	2	2	7	0
K18354	2	7	2	10	26	1	45	2
K01859	1	0	0	0	0	0	0	0
K05735	0	0	0	0	1	0	1	0
K18355	0	0	0	3	5	1	21	0
K05736	0	0	0	0	1	0	1	0
K18356	0	0	0	16	14	12	170	0
K18357	0	0	2	18	22	3	84	1
K05737	0	0	0	0	1	0	3	0
K05738	0	0	0	0	0	0	0	0
K18358	0	0	1	5	6	0	10	0
K05739	1	0	0	0	1	0	0	0
K18359	6	1	1	36	18	18	183	0
K09620	0	0	0	0	0	0	0	1
K09621	0	0	0	0	0	0	1	0
K09622	0	0	0	1	2	0	0	1
K09623	0	0	0	0	0	0	1	0
K09624	0	0	0	0	0	0	3	0
K13140	0	0	0	0	1	0	1	0
K09625	0	0	0	0	1	0	0	0
K13141	3	0	0	0	1	0	3	0
K13142	0	0	0	0	0	0	0	0
K09626	0	0	0	0	1	0	1	0
K09627	0	0	0	0	0	0	0	0
K13143	0	0	0	0	1	0	1	0
K13144	0	0	0	0	0	0	1	0
K09628	1	1	1	3	6	0	9	0
K13145	0	0	0	0	0	0	1	0
K09629	0	1	0	0	2	0	1	0
K13146	0	0	0	0	1	0	0	0
K13147	0	0	0	0	0	0	0	0
K00531	0	0	0	0	0	0	0	0
K13148	0	1	0	0	0	0	2	0
K13149	0	0	0	0	0	0	0	0
K00532	0	0	0	0	0	0	1	0
K00533	1	0	0	0	1	0	1	0
K00534	0	0	0	1	2	1	13	0
K04410	0	0	0	1	0	0	1	0
K18810	3	0	0	0	0	0	0	0
K18811	134	108	0	0	0	0	0	0
K04411	0	0	0	0	1	0	1	0
K18812	0	0	0	0	0	0	0	0
K14937	0	0	0	0	0	0	0	0
K04412	0	0	0	2	0	1	1	0
K00537	83	67	7	73	104	53	603	12
K18813	0	0	0	0	0	0	0	0
K04413	0	0	0	0	0	0	0	0
K14938	0	0	0	0	1	0	5	0
K04414	0	0	0	0	0	0	0	0
K14939	0	0	0	0	0	0	0	0
K22330	0	0	0	1	2	0	6	0
K18814	1	0	4	26	72	9	175	15
K04415	0	0	0	0	0	0	0	0
K18815	1	2	4	11	42	23	166	7
K04416	0	0	0	0	0	0	0	0
K18816	19	12	3	30	56	15	201	8
K22333	0	0	0	0	0	0	2	0
K18817	3	5	0	5	21	0	37	1
K04417	0	0	0	0	1	0	1	0
K18818	0	0	0	0	1	0	0	0
K22334	0	0	0	0	0	0	2	0
K04418	0	0	0	0	0	0	1	0
K22335	0	0	0	0	0	0	1	0
K04419	0	0	0	0	0	0	2	0
K18819	0	1	0	0	0	0	1	0
K22336	2	5	3	28	63	27	192	9
K22337	1	0	0	0	0	0	2	0
K22338	0	0	0	0	2	0	4	0
K08300	166	150	20	308	450	233	2287	29
K22339	0	0	1	11	15	3	45	0
K08301	82	139	32	399	599	218	2487	60
K08302	9	7	4	48	36	4	97	5
K05280	0	1	0	0	0	0	0	0
K19680	0	0	0	0	0	0	0	0
K08303	94	45	10	78	163	23	575	19
K19681	0	0	0	0	1	0	1	0
K13600	0	0	0	0	1	0	0	0
K08304	62	46	7	138	162	67	679	16
K05281	15	20	6	52	96	29	369	11
K19682	0	0	0	0	0	0	0	0
K05282	0	0	0	0	0	0	1	1
K13601	1	1	1	6	7	1	24	0
K08305	131	119	13	227	217	150	1569	26
K05283	1	1	0	0	0	0	1	0
K19683	0	0	0	1	0	0	1	0
K13602	1	1	1	6	7	0	26	0
K08306	3	10	0	8	13	6	31	1
K19684	0	0	0	0	0	0	0	0
K08307	78	116	18	159	365	96	1274	41
K05284	0	1	0	0	0	0	2	0
K08308	0	0	1	3	3	6	22	0
K19685	0	0	0	0	0	0	1	0
K13604	2	0	0	9	15	22	98	3
K05285	3	2	0	0	0	0	7	0
K13605	0	0	0	0	0	0	0	0
K19686	44	19	2	27	60	9	119	3
K08309	193	227	29	456	655	206	2626	81
K05286	1	0	0	0	7	1	22	0
K13606	1	0	0	0	0	0	0	0
K05287	0	1	0	0	0	0	0	0
K19687	27	11	3	18	45	2	84	5
K19688	0	0	0	0	0	0	0	0
K13607	0	0	0	5	5	1	19	0
K05288	0	1	0	2	1	0	7	0
K19689	49	48	30	295	417	74	1165	39
K05289	45	43	0	0	2	0	2	0
K13609	27	14	2	15	23	12	142	4
K10590	1	0	0	0	2	0	4	0
K09170	0	0	0	0	0	0	0	0
K10591	6	0	0	1	0	0	2	1
K09171	0	0	0	0	0	0	0	0
K10592	20	12	0	2	2	0	10	1
K09172	0	0	0	0	0	0	0	0
K10593	0	0	0	0	0	0	0	0
K09173	0	0	0	0	0	0	0	0
K10594	0	1	0	6	2	0	11	3
K09174	0	0	0	0	0	0	1	0
K10595	0	0	0	1	3	0	0	0
K09175	0	0	0	0	0	0	1	0
K10596	2	0	0	0	0	0	2	0
K21010	1	5	0	6	8	1	16	3
K09176	0	0	0	0	0	0	0	0
K21011	28	28	5	47	115	15	235	11
K10597	2	0	0	0	1	0	5	1
K09177	0	0	0	0	0	0	0	0
K21012	9	5	4	27	48	4	80	3
K10598	0	1	0	0	3	0	6	0
K09178	0	0	0	0	0	0	0	0
K21013	0	0	0	0	0	0	2	0
K10599	7	0	0	5	5	0	8	3
K09179	0	0	0	0	0	0	0	0
K21014	0	2	1	9	29	3	94	5
K14480	0	0	0	0	0	0	0	0
K21016	0	0	0	1	1	0	3	0
K01860	4	1	0	20	13	3	58	4
K00081	0	0	0	1	1	1	2	0
K14481	0	0	0	4	0	0	3	0
K14482	0	0	0	1	2	0	2	0
K00082	14	23	10	135	139	21	320	14
K21019	28	29	2	14	12	17	188	3
K00083	11	15	0	0	0	0	7	0
K00084	0	0	0	1	0	0	1	0
K14484	4	2	0	4	0	0	1	0
K00085	0	0	0	0	0	0	1	0
K18360	3	9	0	6	2	2	31	0
K14485	0	0	0	0	0	0	0	0
K05740	0	0	0	1	4	0	2	0
K01865	0	0	1	8	2	2	35	1
K18361	0	0	2	26	39	15	149	1
K14486	6	4	0	0	0	0	1	0
K05741	0	0	0	0	0	0	0	0
K01866	306	304	25	411	722	223	2642	71
K00086	1	1	1	17	26	5	64	4
K05742	0	0	0	0	0	0	0	0
K18362	0	0	3	44	4	7	76	0
K14487	17	14	0	1	1	0	7	0
K01867	193	205	35	449	742	225	2609	69
K00087	12	7	8	121	164	100	646	12
K05743	2	0	0	0	0	0	2	0
K18363	0	0	1	6	5	2	16	1
K14488	7	4	0	0	0	0	1	0
K01868	195	213	59	734	1239	341	4321	97
K00088	161	210	65	714	1068	313	3944	94
K00089	0	0	0	0	1	0	0	0
K14489	1	0	0	1	1	0	4	0
K05744	0	0	0	0	0	0	2	0
K18364	3	1	0	11	19	4	69	1
K01869	260	272	77	985	1587	460	6199	139
K18365	4	1	1	6	7	4	60	0
K05745	0	0	0	0	0	0	0	0
K18366	1	1	0	4	5	5	47	0
K05746	0	0	0	0	1	0	1	0
K18367	0	0	0	0	0	1	9	0
K05747	0	2	0	0	2	1	2	0
K18368	0	0	0	0	0	0	0	0
K05748	0	0	0	0	0	0	0	0
K18369	11	6	5	101	130	57	623	12
K05749	0	0	0	1	0	0	2	0
K09630	0	0	0	0	5	0	4	0
K09631	0	0	0	0	0	0	2	0
K09632	0	0	0	0	3	0	1	0
K09633	0	0	0	0	0	0	2	0
K09634	0	0	0	0	0	0	0	0
K13150	149	138	0	0	0	0	0	0
K09635	1	0	0	0	1	0	3	0
K13151	2	2	0	0	0	0	0	0
K13152	0	0	0	0	0	0	0	0
K09636	0	0	0	0	0	0	1	0
K13153	0	0	0	0	0	0	1	0
K09637	0	0	0	1	1	0	1	0
K09638	1	1	0	0	2	0	0	0
K13154	0	0	0	0	1	0	0	0
K09639	0	0	0	0	0	0	0	0
K13155	0	0	0	0	0	0	0	0
K13156	0	0	0	0	0	0	0	0
K14940	0	4	5	52	45	8	134	7
K13157	1	1	0	0	0	0	0	0
K13158	0	0	0	0	3	1	0	0
K00541	0	1	1	0	0	0	2	0
K14941	4	9	5	83	128	12	189	12
K14942	0	0	0	0	0	0	0	0
K13159	0	0	0	0	0	0	0	0
K00542	0	0	0	0	1	0	1	0
K14943	0	0	0	0	0	0	0	0
K00543	0	1	0	14	39	8	71	3
K14944	0	0	0	0	0	0	1	0
K00544	23	16	8	97	130	19	311	14
K04420	0	0	0	0	0	0	0	1
K18820	3	1	0	0	19	1	38	0
K14945	0	0	0	0	0	0	2	0
K00545	0	1	0	12	10	3	37	1
K00546	0	0	0	0	0	0	0	0
K14946	0	0	0	0	0	0	0	0
K18821	0	0	0	0	2	0	0	0
K04421	0	1	1	0	0	0	0	0
K18822	0	0	0	0	0	0	0	0
K14947	0	0	0	0	0	0	0	0
K04422	0	0	0	0	0	0	2	0
K00547	44	54	23	307	559	96	1404	50
K18823	0	0	0	0	0	0	0	0
K04423	0	0	0	0	0	0	0	0
K17043	0	0	0	0	0	0	0	0
K14948	5	6	0	0	0	0	0	0
K00548	381	402	121	1423	2229	615	8655	220
K17044	0	0	0	0	0	0	0	0
K22340	0	0	0	0	0	0	3	0
K18824	3	1	3	72	20	20	179	6
K14949	23	57	15	153	70	13	232	14
K04424	1	0	0	0	3	0	8	1
K00549	124	120	115	1556	1369	626	6235	266
K04425	0	0	0	0	0	0	0	0
K17045	0	0	0	0	0	0	0	0
K22341	0	1	0	1	14	2	24	2
K04426	0	0	0	0	1	0	2	1
K22342	9	13	0	8	40	6	82	2
K18826	0	0	0	0	0	0	0	0
K17046	0	0	0	0	0	0	0	0
K17047	0	0	0	0	0	0	0	0
K22343	12	7	1	4	8	6	47	1
K18827	6	15	7	68	162	24	362	12
K04427	1	0	0	1	3	0	11	1
K17048	0	0	0	11	25	10	85	1
K04428	0	0	0	0	0	0	0	0
K22344	3	1	0	0	2	2	25	1
K18828	29	29	7	54	182	8	263	17
K04429	0	0	0	0	3	0	2	1
K22345	4	1	2	7	11	2	56	1
K18829	22	15	1	20	62	3	95	6
K17049	0	2	0	1	2	1	31	0
K22347	0	3	1	38	31	6	133	0
K22348	41	50	10	154	425	104	1323	27
K08310	14	12	6	13	53	9	168	7
K22349	1	22	6	54	261	78	478	21
K08311	45	42	2	82	88	39	516	14
K08312	15	3	0	2	7	4	52	0
K19690	1	0	0	0	7	0	19	1
K08313	3	1	1	3	5	2	32	0
K05290	1	0	0	0	0	0	4	0
K19691	1	0	0	3	7	2	45	0
K08314	10	18	2	7	15	3	84	0
K05291	1	0	0	0	1	0	1	0
K19692	0	0	0	0	1	1	10	1
K13611	25	57	4	87	159	17	225	18
K08315	2	0	0	0	3	0	2	0
K05292	1	1	0	0	0	0	0	0
K05293	0	0	0	0	0	0	2	0
K19693	4	1	2	22	28	2	59	2
K13612	17	17	2	21	55	0	73	7
K08316	61	54	11	136	223	33	505	18
K08317	0	0	0	0	1	0	2	0
K05294	1	0	0	2	1	0	3	0
K19694	17	8	7	43	80	26	309	5
K13613	19	21	4	46	159	7	200	17
K19695	0	0	0	0	1	0	0	0
K05295	0	0	0	0	0	0	0	0
K13614	29	66	2	67	205	14	286	27
K08318	0	2	0	4	8	3	39	1
K19696	10	12	0	4	20	10	92	0
K13615	1	4	0	2	8	0	9	2
K08319	43	20	2	63	63	24	394	11
K05296	5	2	0	1	10	4	60	1
K19697	0	0	1	2	5	0	13	0
K13616	0	0	0	0	0	0	0	0
K05297	61	46	8	174	123	104	1017	26
K13617	0	0	0	0	2	0	2	0
K05298	0	0	0	0	0	0	3	0
K13618	0	0	0	0	0	0	0	0
K05299	0	0	5	35	146	18	273	6
K13619	0	0	0	0	0	0	0	0
K09180	0	0	0	0	0	0	0	0
K17500	6	5	0	1	1	0	5	0
K09181	99	86	32	528	551	173	2710	47
K03100	142	157	46	435	670	217	2619	86
K09182	0	0	0	0	0	0	0	0
K17501	0	0	0	0	0	0	0	0
K03101	64	70	15	165	276	77	996	24
K03102	0	0	0	0	0	0	1	0
K09183	0	0	0	0	0	0	0	0
K17502	0	0	0	0	0	0	0	0
K17503	0	0	0	0	0	0	0	0
K09184	0	0	0	0	0	0	1	0
K03103	0	0	0	0	0	0	1	0
K17504	0	0	0	0	0	0	0	0
K09185	0	0	0	0	0	0	0	0
K21020	12	3	2	2	11	1	32	0
K03104	0	0	0	0	0	0	0	0
K17505	0	0	0	0	0	0	0	0
K21021	14	6	0	9	16	7	65	1
K09186	7	7	0	3	4	1	12	0
K03105	0	0	0	3	13	1	3	1
K21022	3	2	0	7	17	1	29	2
K17506	95	99	0	0	1	0	6	0
K09187	0	0	0	3	7	1	28	2
K03106	153	159	38	552	873	222	2940	68
K17507	0	0	0	0	0	0	0	0
K21023	61	83	5	101	195	49	759	17
K09188	0	1	0	2	2	1	8	0
K03107	0	0	0	0	2	0	2	0
K17508	1	1	0	0	0	0	2	0
K21024	11	4	1	13	8	1	63	1
K09189	0	0	0	2	1	0	13	0
K03108	0	0	0	0	0	0	0	0
K03109	0	0	0	0	0	0	0	0
K21025	39	29	1	26	57	25	308	4
K17509	0	0	0	2	3	0	8	0
K14490	2	2	0	0	0	0	1	0
K21026	90	56	0	0	0	1	3	0
K01870	267	301	83	1142	1875	413	5576	167
K00090	37	44	1	24	59	25	309	7
K21027	0	1	0	1	2	0	5	0
K14491	10	9	0	1	1	1	8	0
K00091	44	69	18	285	386	94	1340	37
K21028	1	3	1	13	32	7	98	1
K14492	1	0	0	0	1	1	3	0
K01872	329	314	85	984	1551	435	5681	171
K14493	0	0	0	0	0	0	0	0
K21029	72	90	19	255	434	92	1256	40
K01873	249	276	99	985	1634	402	5286	139
K14494	0	1	0	1	0	0	1	0
K01874	192	214	57	677	1132	287	3839	90
K00094	0	1	0	1	2	0	4	0
K14495	0	0	0	0	0	0	0	0
K18370	1	5	1	6	6	4	68	0
K05750	0	1	0	0	1	0	1	0
K01875	179	182	39	485	793	229	2901	77
K05751	0	0	0	0	0	0	1	0
K14496	4	3	0	0	0	0	1	0
K18371	0	0	2	36	12	6	166	3
K01876	194	224	54	733	1092	319	4107	115
K00096	11	9	4	64	127	19	276	4
K18372	1	4	4	67	59	23	300	13
K14497	2	1	0	0	0	0	2	0
K05752	0	0	0	0	2	0	2	0
K00097	138	122	18	211	338	122	1443	30
K05753	0	0	0	0	0	0	0	0
K14498	1	1	0	0	0	0	1	0
K18373	5	1	0	0	0	0	2	0
K01878	74	64	11	142	189	105	1146	28
K00098	54	37	3	47	52	23	344	5
K14499	0	0	0	0	0	0	0	0
K05754	0	0	0	0	0	0	1	0
K18374	2	0	0	0	0	0	1	0
K01879	155	154	17	337	448	175	2070	56
K00099	80	97	31	354	558	143	2061	50
K05755	0	0	0	0	0	0	0	0
K18376	4	3	0	0	9	1	22	0
K05756	3	0	0	0	0	0	0	0
K18377	0	0	0	0	0	0	0	0
K05757	0	0	1	1	1	0	1	0
K05758	0	0	0	0	0	0	1	0
K05759	0	0	0	0	0	0	0	0
K18379	0	0	0	0	0	0	0	0
K09640	0	2	2	3	15	0	23	1
K09641	0	0	0	0	0	0	1	0
K09642	0	1	0	0	0	0	0	0
K09643	0	0	0	0	0	0	0	0
K13160	0	0	0	0	0	0	0	0
K09644	0	0	0	0	0	0	1	0
K13161	1	0	0	0	0	0	2	0
K09645	1	1	0	0	1	0	2	0
K13162	0	0	0	0	0	0	0	0
K09646	2	3	0	0	1	0	0	0
K09647	0	0	0	0	2	0	5	2
K13163	0	0	0	0	0	0	1	0
K13164	0	0	0	0	0	0	0	0
K09648	0	0	0	0	0	1	3	0
K13165	0	0	0	0	0	0	0	0
K09649	0	0	0	0	0	0	0	0
K13166	0	0	0	0	0	0	0	0
K13167	0	0	0	0	0	0	0	0
K00550	0	0	0	2	1	0	3	1
K14950	1	0	0	2	1	0	4	1
K13168	0	0	0	3	0	1	7	1
K00551	0	0	0	1	0	0	0	0
K14951	1	0	0	0	0	0	3	3
K00552	0	0	0	0	0	0	2	0
K13169	2	0	0	0	1	0	10	0
K14952	9	12	3	56	45	5	145	8
K00553	0	0	0	0	0	0	1	0
K14953	0	0	1	5	2	0	4	0
K14954	2	10	0	13	34	1	36	1
K00554	103	104	19	261	434	97	1331	40
K18830	2	1	0	0	2	0	0	1
K17050	32	13	8	43	186	71	537	9
K14955	0	2	0	2	8	0	13	0
K04430	0	0	0	0	0	0	1	0
K00555	0	0	0	9	24	4	18	1
K18831	10	12	4	37	85	14	245	8
K17051	11	9	0	19	67	18	219	3
K14956	0	1	0	3	5	1	5	0
K04431	0	0	0	0	0	0	1	0
K00556	13	27	7	44	84	0	156	5
K18832	0	0	0	0	0	0	0	0
K14957	0	0	0	0	0	0	0	0
K04432	0	0	0	0	1	0	2	0
K17052	0	2	0	14	44	19	155	4
K00557	47	36	0	78	50	25	267	8
K14958	0	0	0	0	0	0	0	0
K17053	0	0	0	0	0	0	0	1
K04433	0	0	0	0	1	0	2	0
K18833	43	49	1	3	70	7	108	7
K00558	258	212	27	147	376	22	1297	45
K18834	0	0	0	0	0	0	2	0
K04434	0	0	0	0	0	0	0	0
K22350	1	12	3	34	131	13	255	6
K14959	0	0	0	0	2	1	5	0
K00559	11	10	2	6	10	4	41	2
K04435	0	0	0	0	0	0	0	0
K18835	0	0	0	0	0	0	0	0
K22351	0	0	1	0	1	0	2	0
K22352	2	0	0	0	0	0	4	0
K04436	0	0	0	0	0	0	0	0
K18837	0	0	0	0	0	0	0	0
K22353	0	0	0	5	11	1	28	1
K04437	0	0	0	0	2	0	5	0
K18838	0	0	0	0	0	0	0	0
K04438	0	0	0	0	0	0	0	0
K22354	0	0	0	0	1	0	2	0
K04439	0	0	0	0	0	0	0	0
K22355	0	0	0	1	1	0	1	0
K22356	0	0	0	1	1	0	1	0
K22357	0	0	0	7	11	1	24	1
K22358	1	0	0	0	0	0	1	0
K08320	0	1	0	0	6	1	17	0
K22359	0	0	0	0	0	0	0	0
K08321	6	5	1	26	42	24	115	5
K08322	16	20	3	65	83	13	199	9
K08323	32	48	11	137	186	68	938	19
K13620	0	0	0	0	1	0	0	0
K08324	12	6	2	20	14	5	78	2
K13621	0	0	0	0	0	0	2	0
K08325	16	7	1	7	3	2	57	0
K08326	0	0	0	1	4	2	13	1
K13622	38	17	1	26	55	19	233	7
K08327	0	0	0	0	0	0	0	0
K13623	25	12	0	14	19	11	82	4
K13624	0	0	0	5	2	3	29	0
K08328	0	0	0	0	0	0	0	0
K13625	0	0	0	0	0	0	0	0
K08329	1	0	0	0	0	0	1	0
K13626	5	1	3	18	52	3	131	8
K13627	2	0	0	0	0	0	1	0
K13628	66	71	16	173	277	74	937	41
K13629	0	0	0	0	1	1	3	0
K09190	5	9	1	10	19	5	68	0
K17510	0	0	0	0	0	0	1	0
K09191	0	0	0	0	0	0	0	1
K03110	115	123	28	338	540	124	1704	58
K17511	0	0	0	0	0	0	1	0
K03111	82	85	36	261	460	79	1129	37
K09193	0	0	0	0	0	0	0	0
K17512	1	0	0	0	1	0	4	1
K03112	18	10	2	33	23	3	79	3
K09194	0	0	0	0	0	0	0	0
K17513	1	0	0	1	3	0	8	0
K03113	12	12	2	22	51	11	120	8
K09195	0	0	0	0	0	0	0	0
K21030	0	0	0	2	0	0	6	1
K17514	0	0	0	0	1	0	0	0
K03114	1	0	0	0	0	0	2	0
K09196	0	0	0	0	0	0	0	0
K17515	0	0	0	0	0	0	0	0
K21031	0	0	0	0	0	0	0	0
K03115	11	8	0	0	0	0	0	0
K17516	0	0	0	0	0	0	0	0
K09197	0	0	0	0	0	0	0	0
K21032	0	0	0	0	0	0	0	0
K03116	44	48	16	134	242	87	821	29
K09198	0	0	0	0	0	0	0	0
K17517	0	0	0	0	0	0	0	0
K21033	2	3	0	9	4	3	42	2
K03117	46	54	5	79	98	30	377	10
K17518	0	0	0	0	0	0	0	0
K09199	0	0	0	0	0	0	0	0
K21034	2	3	0	28	11	17	192	2
K03118	87	97	21	340	525	151	1778	59
K17519	0	0	0	0	0	0	1	0
K21035	1	0	0	3	1	0	15	0
K03119	27	47	33	459	249	179	2448	82
K21036	0	0	1	13	3	0	8	1
K01880	29	70	41	239	491	104	1436	47
K01881	165	182	52	628	997	266	3703	75
K07000	20	18	0	36	52	23	248	3
K21039	2	0	0	0	1	0	0	1
K07001	261	307	68	1240	1343	566	6369	166
K01883	175	193	54	664	1048	235	3333	103
K07002	68	80	4	26	50	23	381	5
K01884	14	12	2	15	7	6	69	3
K18380	0	0	0	0	0	0	1	0
K07003	156	215	75	800	1014	281	3836	138
K05760	0	0	0	0	0	0	1	0
K01885	192	208	50	636	1167	269	3638	107
K12300	0	0	0	2	0	0	2	0
K18381	1	0	0	0	0	0	2	0
K07004	140	202	72	440	1199	122	2781	197
K05761	0	0	0	0	0	0	2	0
K01886	75	89	40	293	420	206	2457	42
K05762	0	0	0	0	0	0	0	0
K18382	1	2	5	85	103	21	210	10
K12301	1	0	0	4	1	1	13	0
K07005	31	39	20	313	340	72	873	23
K01887	178	236	68	661	1092	260	3234	93
K05763	0	0	0	0	0	0	0	0
K12302	0	0	0	0	1	0	4	0
K18383	10	18	5	31	43	28	264	5
K07006	120	123	18	301	289	137	1557	40
K05764	0	0	0	0	0	0	0	0
K18384	0	0	0	3	2	0	11	1
K12303	1	0	0	1	0	0	8	0
K07007	139	118	10	115	205	66	1159	31
K01889	98	107	37	443	684	186	2373	65
K18385	0	0	0	0	0	0	0	0
K12304	0	0	0	0	0	0	2	0
K07008	5	5	4	78	24	1	51	4
K05765	1	4	0	0	0	0	2	0
K12305	0	0	0	0	0	0	0	0
K18386	1	0	0	0	0	0	0	0
K07009	7	10	12	90	108	5	152	8
K05766	0	0	0	0	1	0	0	0
K18387	0	0	0	0	0	0	0	0
K12306	0	0	0	0	0	0	0	0
K05767	1	0	0	0	2	0	3	0
K18388	0	0	0	0	0	0	0	0
K12307	0	0	0	0	0	0	1	0
K05768	0	0	0	0	0	0	3	0
K05769	0	0	0	0	0	0	0	0
K18389	0	0	0	0	0	0	0	0
K12308	146	273	25	307	379	75	1262	23
K12309	0	0	0	0	0	0	9	0
K09650	6	14	1	8	19	6	88	3
K09651	0	0	0	0	0	0	0	0
K09652	0	0	0	0	0	0	0	0
K09653	0	0	0	0	0	0	0	0
K13170	0	0	0	0	0	0	0	0
K09654	0	0	0	0	0	0	0	1
K13171	0	0	0	0	0	0	2	0
K09655	0	0	0	1	0	1	4	1
K09656	0	0	0	0	0	0	0	0
K13172	0	0	0	0	0	1	2	0
K13173	0	0	0	0	0	0	1	0
K09657	0	0	0	0	0	0	0	0
K13174	0	0	0	0	3	0	0	0
K09658	0	0	0	0	0	0	0	0
K09659	0	0	0	0	0	0	2	0
K13175	1	0	0	0	1	0	1	0
K13176	0	0	0	0	1	0	0	0
K14960	0	0	0	0	1	0	2	0
K13177	0	0	0	0	0	0	1	0
K00560	96	81	23	138	275	101	1226	41
K14961	0	0	0	2	2	0	3	0
K13178	0	0	0	0	0	0	2	0
K00561	2	3	2	32	29	2	64	1
K00562	0	0	1	0	1	0	6	0
K14962	0	1	1	2	1	0	2	1
K13179	1	1	0	0	0	0	5	0
K14963	93	79	3	21	22	1	71	10
K00563	16	9	1	24	51	6	110	7
K14964	21	15	0	0	0	0	1	0
K00564	75	48	4	44	82	16	248	10
K04440	0	0	0	0	0	0	0	0
K17060	7	4	0	0	1	0	5	0
K14965	0	0	0	0	1	0	0	0
K00565	0	2	1	2	0	0	4	1
K04441	0	0	0	0	0	0	0	0
K18841	1	5	0	3	4	1	11	0
K17061	5	0	0	2	1	2	11	0
K14966	0	0	0	0	0	0	1	0
K00566	103	108	22	384	579	141	1802	70
K04442	0	0	0	0	0	0	0	0
K17062	0	0	0	3	4	1	11	0
K18842	2	4	0	4	14	2	46	2
K14967	0	0	0	0	0	0	0	0
K00567	122	143	30	458	505	123	1630	71
K14968	0	0	0	0	0	0	0	0
K17063	0	0	0	1	2	0	2	0
K18843	4	2	2	3	46	4	45	2
K04443	0	0	0	0	0	0	1	0
K00568	110	118	26	260	494	147	1905	45
K14969	0	0	0	0	0	0	0	0
K17064	0	0	1	1	3	1	2	0
K22360	0	0	0	0	1	0	3	0
K18844	0	7	4	53	62	3	105	7
K04444	0	0	0	0	0	0	1	0
K00569	14	5	1	13	15	6	89	1
K22361	0	1	0	0	1	0	1	0
K18845	0	2	2	28	28	1	34	1
K17065	9	4	0	0	3	0	8	2
K04445	0	0	0	0	1	0	1	0
K04446	0	0	0	0	0	0	0	0
K22362	0	0	0	0	0	0	0	0
K17066	0	0	0	1	1	0	3	0
K18846	1	1	1	7	32	0	45	0
K17067	0	0	1	14	18	3	35	1
K22363	5	12	9	164	113	59	687	31
K18847	3	2	2	8	8	0	16	0
K04447	0	0	0	0	0	0	0	0
K04448	0	0	0	1	0	0	0	0
K18848	0	0	0	0	0	0	3	0
K22364	1	0	0	4	4	1	9	0
K04449	0	0	0	1	0	0	0	0
K18849	0	0	0	0	0	0	0	0
K17069	0	0	0	9	5	3	18	1
K22366	1	1	0	0	0	0	2	0
K22367	0	0	0	0	0	0	0	0
K22368	0	0	0	1	0	0	2	0
K08330	1	1	0	0	2	1	2	0
K08331	0	1	0	0	0	0	0	0
K22369	5	1	0	23	10	1	75	0
K08332	21	20	0	1	4	1	8	0
K08333	1	0	1	0	1	0	4	0
K13630	0	0	0	0	0	0	0	0
K08334	0	0	0	0	0	0	0	0
K08335	0	0	0	0	0	0	0	0
K13631	0	0	0	0	1	0	1	0
K13632	0	0	0	0	0	0	1	0
K08336	0	0	0	0	1	0	0	0
K13633	27	43	2	31	23	12	150	1
K08337	4	2	0	0	0	0	3	0
K08338	0	0	0	0	0	0	0	0
K13634	29	29	1	20	49	30	305	3
K08339	0	1	0	0	1	0	0	0
K13635	18	25	0	7	17	11	141	0
K13636	2	4	0	3	4	2	11	0
K13637	15	17	1	4	14	3	56	3
K13638	2	1	0	7	12	0	27	0
K13639	41	38	5	66	90	15	260	12
K04900	0	0	0	0	0	0	0	0
K17520	0	0	0	0	0	0	0	0
K03120	3	1	0	6	12	2	7	0
K04901	0	0	0	0	0	0	0	0
K17521	0	0	0	0	0	0	0	0
K03121	0	0	0	0	0	0	2	0
K04902	0	0	0	0	0	0	0	0
K17522	0	0	0	0	0	0	0	0
K03122	0	0	0	0	0	0	1	0
K04903	0	0	0	0	0	0	0	0
K03123	0	0	0	0	0	0	0	0
K17523	0	0	0	0	1	0	3	1
K17524	0	0	0	0	0	0	1	0
K04904	0	0	0	0	0	0	0	0
K03124	952	954	3	63	197	42	175	5
K17525	2	1	0	0	0	0	2	0
K04905	0	0	0	0	0	0	0	0
K03125	2	1	0	1	2	0	7	0
K17526	0	0	0	0	0	0	0	0
K04906	0	0	0	0	0	0	1	0
K03126	0	1	0	0	1	0	0	0
K04907	0	0	0	0	0	0	1	0
K03127	0	0	0	0	1	0	1	0
K17527	0	0	0	0	0	0	0	0
K17528	0	0	0	0	0	0	0	0
K04908	0	0	0	0	0	0	0	0
K03128	0	0	0	0	1	0	6	0
K17529	0	0	0	1	2	0	0	0
K04909	0	0	0	0	0	0	0	0
K03129	0	1	0	0	0	0	1	0
K01890	250	236	68	795	1457	305	4122	104
K07010	80	69	23	277	423	68	1110	35
K01892	137	158	32	476	750	184	2298	73
K07011	92	109	38	340	776	129	2448	85
K01893	28	49	18	230	325	151	1529	39
K07012	15	21	10	95	270	13	350	21
K01894	102	76	7	97	144	52	668	10
K07013	1	3	0	1	47	2	30	3
K05770	21	20	1	14	73	28	365	1
K01895	321	357	116	1612	2084	654	8803	193
K05771	0	0	0	0	0	0	0	0
K18391	0	0	0	0	0	0	0	0
K12310	0	0	0	0	2	0	1	0
K07014	14	18	3	32	52	11	213	10
K01896	8	2	3	17	24	2	65	5
K12311	0	0	0	0	2	0	1	0
K07015	0	0	1	2	14	0	22	2
K05772	14	20	2	96	149	85	750	15
K01897	527	666	162	2452	3435	1006	13307	341
K12312	0	0	0	0	0	0	0	0
K07016	0	0	1	14	15	2	38	4
K05773	7	12	2	58	94	31	339	11
K12313	0	0	0	0	2	0	0	0
K07017	32	31	10	40	111	48	536	16
K05774	38	13	2	12	10	6	80	2
K01899	2	0	0	2	7	3	35	0
K05775	4	0	0	0	3	0	0	0
K12314	0	0	0	0	2	0	0	0
K07018	69	53	9	145	176	69	791	8
K12315	0	0	0	0	1	0	0	0
K07019	41	51	4	113	191	70	812	28
K05776	13	54	5	21	46	10	150	5
K12316	0	0	0	0	0	0	5	1
K05777	15	16	0	3	42	4	55	1
K18398	0	0	0	0	0	1	11	2
K12317	0	0	1	0	0	0	2	0
K05778	9	12	0	6	54	2	51	0
K18399	0	0	0	6	5	0	19	1
K12318	0	0	0	0	0	0	1	0
K05779	2	2	0	2	10	0	16	2
K12319	0	0	0	0	0	0	2	0
K09660	0	0	0	0	0	0	1	0
K09661	0	0	0	0	0	0	1	0
K16200	0	0	0	6	13	0	18	1
K09662	0	0	0	0	1	0	0	0
K16201	3	1	0	1	10	5	29	2
K09663	0	0	0	0	0	0	4	0
K16202	4	2	0	5	8	2	46	0
K09664	0	0	0	0	0	0	0	0
K16203	12	14	10	128	160	28	418	14
K13180	0	0	0	0	1	0	0	0
K16204	0	0	0	0	0	0	0	0
K09665	0	0	0	0	0	0	0	0
K13181	2	3	0	0	2	0	1	0
K16205	0	0	0	0	0	0	0	0
K13182	0	0	0	0	0	0	0	0
K09666	0	0	0	0	0	0	0	0
K16206	0	0	0	0	0	0	0	0
K13183	0	0	0	0	0	0	0	0
K09667	0	1	0	7	15	6	72	1
K16207	0	0	0	0	0	0	0	0
K13184	0	5	0	0	0	0	0	1
K09668	0	0	0	1	0	0	0	0
K09669	0	0	0	0	0	0	0	0
K16208	0	0	0	0	0	0	3	0
K13185	0	0	0	0	1	0	2	0
K13186	0	0	0	0	0	0	0	0
K16209	2	0	0	0	1	0	0	0
K14970	0	0	0	0	0	0	0	0
K13187	0	0	0	0	0	0	0	0
K00570	39	23	3	118	113	53	473	17
K13188	0	0	0	0	0	0	0	0
K14971	0	0	0	0	0	0	0	0
K00571	52	62	18	229	567	53	1246	39
K13189	0	0	0	0	0	0	0	0
K00572	0	0	0	0	0	0	0	0
K14972	5	1	0	3	7	0	26	2
K14973	0	0	0	0	0	0	0	0
K00573	177	188	28	422	757	152	2449	71
K14974	3	2	6	62	13	36	284	8
K00574	257	242	40	611	668	310	3963	61
K17070	0	0	0	0	0	0	1	0
K04450	0	0	0	0	0	0	2	0
K18850	39	35	2	18	26	27	311	5
K00575	254	257	64	476	897	256	3058	127
K04451	0	0	0	0	0	0	0	0
K18851	0	4	1	30	8	6	79	0
K17071	0	0	0	1	8	0	5	0
K04452	0	0	0	0	0	0	0	0
K18852	0	0	0	0	0	0	1	0
K17072	0	0	0	0	0	0	0	0
K14977	36	29	1	21	24	13	193	3
K00577	0	0	0	8	15	0	8	1
K04453	0	0	0	0	0	0	0	0
K00578	0	0	0	0	0	0	0	0
K18853	0	0	0	0	0	0	0	0
K17073	8	8	4	45	93	6	105	11
K14978	1	3	0	12	19	14	118	3
K00579	0	0	0	0	0	0	0	0
K22370	0	0	0	0	0	0	0	0
K17074	0	0	0	2	8	2	8	0
K14979	5	0	0	9	13	7	52	1
K04454	2	0	0	0	0	0	0	0
K04455	0	0	0	0	0	0	0	0
K22371	0	0	0	0	0	0	1	0
K18855	0	0	0	7	24	3	39	0
K18856	0	0	0	0	6	0	7	0
K04456	0	0	0	0	1	0	1	0
K22372	0	1	0	0	2	0	3	0
K17076	4	9	2	14	43	4	110	4
K22373	4	0	2	20	52	7	149	6
K18857	96	101	1	4	7	2	10	0
K04457	12	13	0	0	0	0	0	0
K22374	1	0	0	0	0	0	1	0
K04458	0	0	0	0	0	0	0	0
K18858	1	0	0	0	0	0	1	0
K22375	0	0	0	0	0	0	0	0
K17079	0	0	0	0	0	0	0	0
K04459	1	0	1	1	4	1	16	1
K22376	0	2	0	0	0	0	0	0
K22377	2	1	2	0	0	0	0	1
K08340	0	0	0	0	0	0	0	0
K22378	15	14	0	1	0	0	7	1
K22379	1	0	0	0	0	0	0	0
K08341	4	1	0	0	1	0	0	0
K08342	0	1	0	0	0	0	0	0
K08343	0	0	0	1	0	0	3	0
K13640	6	10	6	98	154	30	419	18
K08344	17	19	4	46	42	27	314	12
K13641	66	52	8	112	148	33	519	16
K13642	0	0	2	10	10	6	37	0
K13643	22	20	4	98	92	22	278	10
K13644	0	0	0	0	0	0	1	0
K08348	4	5	1	7	10	12	53	1
K08349	0	0	0	0	0	1	5	0
K13645	0	0	0	0	3	0	3	0
K13646	0	0	0	0	3	0	4	0
K13647	0	0	0	0	3	0	4	0
K13648	4	7	0	0	0	0	1	0
K13649	0	0	0	0	0	0	0	0
K04910	0	0	0	0	0	0	0	0
K17530	0	0	0	0	3	0	2	0
K03130	0	1	1	6	8	0	22	3
K17531	0	0	0	0	0	0	0	0
K04911	0	0	0	0	0	0	2	0
K03131	1	0	0	1	2	0	2	0
K17532	0	0	0	0	0	0	0	0
K04912	0	0	0	0	0	0	0	0
K03132	0	0	0	0	0	0	2	1
K17533	0	0	0	0	0	0	0	0
K04913	0	0	0	0	0	0	0	0
K03133	1	1	0	0	0	0	1	0
K04914	0	0	0	0	0	0	0	0
K03134	0	0	0	0	0	0	1	0
K17534	0	0	0	0	0	0	1	0
K04915	0	0	0	0	0	0	0	0
K03135	0	0	0	0	1	0	0	0
K17535	1240	1156	1	5	4	1	15	6
K04916	0	0	0	0	0	0	0	0
K21052	0	0	0	0	0	0	0	0
K17536	0	0	0	0	1	0	1	0
K03136	2	0	0	2	7	3	16	1
K17537	0	0	0	0	0	0	0	0
K04917	0	0	0	0	0	0	0	0
K03137	1	0	0	0	0	0	2	0
K21053	35	28	3	62	57	24	353	6
K04918	0	0	0	0	0	0	0	0
K17538	0	0	0	2	0	0	0	1
K03138	1	3	0	0	0	0	1	0
K21054	31	18	0	13	17	8	100	2
K17539	0	0	0	0	0	0	4	0
K04919	0	0	0	0	0	0	0	0
K03139	2	0	0	0	0	0	0	0
K21055	1	1	0	2	2	1	2	0
K21056	0	0	0	0	0	0	1	0
K21057	0	0	0	2	4	1	4	0
K21058	0	0	0	0	0	0	0	0
K08800	0	0	0	0	1	0	0	0
K07020	42	50	8	168	206	51	740	16
K08801	0	0	0	0	0	0	0	0
K21059	5	4	1	14	12	0	44	1
K07022	0	1	0	2	7	1	16	0
K08802	0	0	1	0	0	0	1	0
K08803	144	141	0	0	0	0	1	1
K07023	10	15	7	39	91	15	177	1
K05780	33	21	0	19	15	2	94	1
K12320	0	0	0	0	0	0	0	0
K08804	0	0	0	0	0	0	0	0
K07024	1	0	0	0	4	0	4	0
K05781	27	19	0	19	16	8	104	2
K12321	0	0	0	0	0	0	2	0
K08805	0	0	0	0	1	0	2	0
K07025	202	212	47	524	726	211	2443	72
K05782	89	50	3	19	46	6	248	4
K08806	0	0	0	0	0	0	0	0
K12322	0	0	0	1	0	0	2	0
K07026	3	0	0	6	17	6	37	1
K05783	7	3	0	15	18	5	86	1
K12323	0	0	0	1	1	0	3	0
K08807	0	0	0	1	0	0	2	1
K07027	141	157	65	462	786	142	2554	64
K05784	6	8	1	20	29	8	138	2
K12324	0	0	0	0	0	0	0	0
K08808	0	0	0	0	1	0	0	0
K07028	27	16	9	183	315	72	1010	19
K05785	10	6	4	61	60	24	270	17
K12325	0	0	0	0	0	0	0	0
K08809	0	0	0	0	1	0	2	0
K07029	5	15	5	75	133	13	257	8
K05786	89	95	8	60	169	24	434	13
K12326	0	0	0	0	0	0	0	0
K05787	3	0	0	0	3	1	3	0
K12327	0	0	0	0	0	0	0	0
K05788	43	37	12	86	142	61	500	12
K05789	11	0	1	2	9	5	23	1
K12329	0	0	0	0	0	0	0	0
K09670	0	0	0	0	1	0	0	0
K09671	0	0	0	0	1	0	0	0
K16210	16	7	6	44	42	16	171	6
K09672	0	0	0	0	0	0	0	0
K16211	59	48	10	33	103	48	526	16
K16212	4	7	0	4	6	13	72	4
K09673	0	0	0	0	0	0	0	0
K09674	0	0	0	0	0	0	0	0
K16213	18	19	2	19	54	12	213	8
K13190	0	0	0	0	1	0	0	0
K09675	0	0	0	0	1	0	0	0
K13191	0	0	0	0	0	0	0	0
K16214	0	0	0	0	1	0	4	0
K09676	0	0	0	0	0	0	0	0
K21511	2	0	0	0	1	0	5	0
K16215	0	0	0	4	7	1	12	1
K13192	1	1	0	0	0	0	2	1
K09677	0	0	0	0	0	0	0	0
K13193	0	1	0	0	0	0	0	1
K21512	8	0	0	8	31	0	27	1
K16216	3	0	0	4	13	0	28	1
K13194	0	0	0	0	0	0	0	0
K09678	0	0	0	0	0	0	1	0
K16217	2	4	0	4	4	0	17	1
K09679	0	0	0	0	0	0	1	0
K16218	4	7	1	7	4	0	7	1
K13195	0	0	0	1	1	0	2	0
K21514	0	3	2	26	15	0	19	2
K13196	0	0	0	0	0	0	0	0
K21515	0	0	0	15	37	6	48	3
K16219	0	0	0	0	1	0	2	0
K00580	0	0	0	0	0	0	0	0
K13197	0	0	0	0	0	0	0	0
K14980	83	84	13	146	174	62	668	22
K00581	0	0	0	0	0	0	0	0
K13198	0	0	0	0	0	0	0	0
K14981	45	32	5	82	82	48	471	9
K00582	0	0	0	0	0	0	0	0
K13199	0	0	0	1	2	0	3	0
K14982	0	0	0	4	4	1	10	1
K00583	0	0	0	0	0	0	0	0
K14983	0	0	0	2	1	0	3	0
K00584	0	0	0	0	1	0	1	0
K18860	0	0	0	0	0	0	1	0
K17080	0	0	0	0	2	0	1	0
K14985	4	2	0	0	0	0	0	0
K04460	0	1	2	5	8	4	22	0
K18861	0	0	0	0	0	0	0	0
K17081	2	1	0	9	1	2	17	1
K14986	58	68	10	152	193	106	1275	24
K11000	195	150	0	0	0	0	13	1
K04461	0	0	0	0	0	0	0	0
K00586	1	0	0	0	0	0	0	0
K18862	0	0	0	0	0	0	0	0
K04462	0	0	0	0	0	0	0	0
K17082	0	0	0	0	0	0	0	0
K11001	0	0	0	0	0	0	1	0
K14987	30	17	7	98	70	62	631	6
K00587	0	0	2	39	1	9	93	2
K11002	0	0	0	0	0	0	0	0
K17083	0	0	0	0	0	0	0	0
K14988	0	0	0	0	14	0	10	0
K04463	0	0	0	0	0	0	0	0
K00588	12	26	9	93	147	32	390	15
K17084	0	0	0	0	0	0	0	0
K22380	0	0	0	0	0	0	0	0
K14989	0	6	0	1	0	0	1	0
K11003	29	21	6	107	42	41	467	14
K04464	177	158	0	0	0	0	0	0
K00589	0	0	0	0	2	0	2	0
K04465	0	0	0	0	0	0	0	0
K17085	1	1	0	0	2	0	0	1
K22381	2	0	0	0	0	0	1	0
K11004	55	50	7	181	84	84	932	19
K18866	0	1	0	1	1	0	1	0
K04466	0	0	0	0	0	0	0	0
K22382	8	10	2	2	5	0	13	1
K17086	12	6	0	1	1	1	6	0
K11005	17	34	0	20	36	7	181	8
K04467	0	0	0	0	0	0	0	0
K22383	0	0	0	0	0	0	0	0
K17087	0	1	0	0	0	0	3	0
K22384	1	0	0	0	0	0	0	0
K04468	0	0	0	0	0	0	0	0
K22385	0	0	0	0	0	0	0	0
K11008	0	0	0	0	0	0	0	0
K17089	0	0	0	0	0	0	0	0
K04469	0	0	0	1	0	0	4	0
K22386	0	0	0	0	0	0	0	0
K11009	1	0	2	10	2	0	9	0
K22387	0	0	0	1	0	0	1	0
K22388	0	0	0	0	0	0	0	0
K08350	1	0	0	3	7	2	21	0
K22389	1	1	0	0	0	0	3	0
K08351	12	8	5	145	85	33	506	8
K08352	0	12	3	58	162	33	405	10
K08353	0	0	0	0	1	0	3	0
K13650	0	0	0	0	0	0	0	0
K08354	0	0	2	7	21	12	76	5
K13651	6	0	1	1	2	1	8	1
K08355	1	0	0	4	8	5	57	0
K13652	62	61	4	53	72	28	432	11
K08356	6	7	1	25	36	19	167	2
K13653	51	38	3	30	42	15	255	4
K08357	2	1	3	16	41	7	93	2
K13654	0	0	0	0	0	1	3	0
K08358	5	1	0	3	12	2	47	0
K08359	1	0	0	0	3	0	1	0
K13655	6	2	1	1	5	1	12	1
K13656	6	5	0	1	2	1	11	1
K13657	12	12	1	9	12	2	67	1
K13658	3	8	1	1	1	0	13	1
K13659	18	9	0	5	24	1	38	2
K04920	0	0	0	0	0	0	0	0
K03140	0	0	0	0	1	0	0	0
K17540	1	1	0	0	1	0	7	0
K04921	0	0	0	0	0	0	0	0
K17541	0	0	0	1	1	0	4	0
K03141	15	14	1	0	0	0	4	0
K17542	0	0	0	0	0	0	0	0
K04922	0	0	0	0	0	0	0	0
K03142	0	1	0	0	0	0	2	0
K04923	0	0	0	0	0	0	0	0
K17543	0	0	0	0	0	0	0	0
K03143	0	0	0	0	0	0	0	0
K17544	0	0	0	0	0	0	0	0
K04924	0	0	0	0	0	0	0	0
K21060	2	6	0	3	8	3	52	0
K03144	1	1	0	0	0	0	3	0
K04925	0	0	0	0	0	0	0	0
K21061	10	11	1	36	31	18	213	10
K17545	2	0	0	1	2	0	4	0
K03145	0	0	0	1	0	0	3	0
K04926	0	0	0	0	0	0	0	0
K21062	44	55	5	76	92	49	569	12
K17546	0	0	0	2	0	0	0	0
K03146	0	0	0	6	21	10	41	0
K17547	0	0	0	0	0	0	0	0
K04927	0	0	0	0	0	0	6	0
K21063	0	0	0	3	9	1	20	1
K03147	133	130	25	280	419	230	2724	55
K17548	0	0	0	0	0	0	0	0
K04928	0	0	0	0	0	0	0	0
K21064	0	0	0	4	14	0	13	0
K03148	1	1	3	32	81	13	156	6
K04929	0	0	0	0	0	0	6	0
K21065	6	10	2	18	10	9	109	4
K03149	56	74	19	247	365	88	1243	33
K21066	0	0	0	0	0	0	0	0
K21067	0	0	0	0	0	0	0	0
K08810	0	0	0	1	0	0	0	0
K21068	0	0	0	0	0	0	0	0
K07030	12	28	12	179	308	31	522	17
K08811	0	0	0	0	0	1	2	0
K07031	8	24	11	185	211	78	949	29
K08812	0	0	0	0	0	0	0	0
K07032	78	86	12	115	231	65	714	23
K08813	0	0	0	0	0	0	0	0
K05790	3	0	0	1	0	0	2	0
K07033	4	2	15	66	214	37	388	17
K12330	0	0	0	0	0	0	0	0
K08814	0	0	0	0	0	0	0	0
K07034	3	0	5	88	24	12	107	6
K05791	8	13	0	17	18	2	37	2
K07035	0	0	0	0	1	0	0	0
K12331	0	0	0	0	0	0	0	0
K08815	0	0	0	0	1	0	3	0
K05792	9	13	1	15	10	0	22	0
K08816	0	0	0	0	1	0	0	0
K05793	5	4	0	3	5	0	10	1
K12333	0	0	0	0	0	0	0	0
K08817	0	0	0	0	0	0	4	0
K07037	0	14	5	68	221	38	608	26
K05794	84	106	13	178	531	98	1155	35
K08818	11	9	0	0	1	0	3	0
K07038	53	41	11	72	223	28	458	15
K05795	8	22	2	14	22	4	64	1
K05796	4	0	0	2	4	8	36	0
K08819	752	665	0	2	2	0	4	0
K07039	22	29	3	31	36	13	262	7
K05797	13	22	2	43	61	23	280	13
K12337	0	0	0	0	0	0	1	0
K05798	0	0	0	0	2	0	5	1
K12338	36	39	0	0	0	0	1	0
K05799	142	135	13	216	269	64	977	20
K12339	37	48	18	178	337	68	1024	28
K09680	1	1	0	3	8	1	29	0
K16220	0	0	0	0	0	0	0	0
K09681	6	5	3	30	24	3	77	2
K03600	24	20	0	13	27	10	137	3
K09682	0	0	0	1	2	0	0	0
K16221	0	0	0	0	0	0	0	0
K03601	133	138	30	378	552	131	1872	59
K16222	0	0	0	0	0	0	0	0
K09683	0	0	0	1	3	0	0	0
K03602	45	36	4	76	124	47	461	18
K16223	4	2	0	0	0	0	0	0
K09684	39	59	16	175	246	5	278	19
K03603	1	1	1	8	6	6	64	0
K16224	0	0	0	0	0	0	2	0
K09685	0	0	0	6	5	1	5	1
K03604	13	5	2	12	27	1	52	2
K16225	0	0	0	0	0	0	0	0
K03605	3	3	17	89	78	23	290	11
K16226	0	0	0	0	0	0	3	0
K03606	83	98	15	166	273	102	1421	36
K16227	0	0	0	0	0	0	2	0
K09688	32	14	1	25	50	24	232	6
K03607	10	20	0	7	1	0	50	2
K16228	0	0	1	43	4	0	48	2
K09689	22	12	13	79	193	59	892	17
K03608	26	20	2	28	34	19	146	3
K16229	0	0	1	48	4	0	55	2
K03609	72	62	12	135	212	81	700	24
K14990	0	0	0	0	0	0	0	0
K00590	22	15	20	185	433	46	857	23
K14991	0	0	0	0	0	0	0	0
K21527	0	0	0	0	1	0	0	1
K00591	1	4	0	4	4	2	15	0
K00592	0	0	0	0	0	0	1	0
K14992	1	0	0	0	1	0	2	0
K14993	1	0	0	0	1	0	2	0
K14994	0	0	0	0	1	0	0	0
K00594	34	46	5	101	104	26	379	9
K17090	0	0	0	0	0	0	0	0
K14995	0	0	0	0	0	0	1	0
K00595	57	38	10	155	135	14	364	8
K17091	0	0	0	0	0	0	0	0
K14996	0	0	0	0	0	1	0	0
K00596	9	11	7	85	118	22	324	12
K17092	0	0	0	0	0	0	0	0
K00597	0	0	0	0	1	0	0	0
K14997	0	0	0	0	1	0	1	1
K18873	0	0	0	0	0	0	0	0
K17093	0	0	0	0	1	0	0	0
K14998	91	54	2	71	112	35	468	7
K00598	26	34	13	158	192	24	522	25
K11013	0	0	0	0	0	0	0	0
K17094	0	0	0	0	0	0	0	0
K22390	69	58	1	6	36	6	89	4
K18874	0	0	0	0	0	0	0	0
K14999	1	0	1	8	4	2	29	1
K00599	0	0	0	0	0	1	1	0
K17095	0	1	0	1	1	0	0	0
K22391	1	1	1	6	19	4	54	6
K18875	0	0	0	0	0	0	0	0
K11014	0	0	0	0	2	0	1	0
K17096	0	0	0	0	0	0	1	0
K18876	0	0	0	1	3	2	9	0
K17097	0	0	0	0	0	0	0	0
K22393	0	0	0	2	1	0	3	0
K11016	1	5	0	3	9	0	31	0
K04477	10	25	16	122	207	22	408	12
K22394	0	0	0	1	0	0	1	0
K11017	0	0	0	0	0	0	1	0
K17098	0	0	0	0	0	0	0	0
K04478	0	0	0	2	5	0	7	0
K17099	0	0	0	0	0	0	1	0
K11018	0	0	0	0	2	1	9	0
K22395	3	3	0	0	1	0	5	0
K18879	0	0	0	0	0	0	0	0
K04479	0	0	0	14	41	8	29	3
K22396	2	7	8	107	132	28	617	14
K22397	1	0	2	10	24	6	68	3
K22398	0	0	0	0	0	0	0	0
K08360	0	1	0	0	0	0	0	0
K22399	0	0	0	1	1	0	1	0
K08362	0	0	0	0	0	0	0	0
K08363	3	1	1	6	8	0	13	0
K13660	8	14	0	5	22	1	75	1
K08364	5	6	1	7	8	3	73	2
K20200	1	2	0	1	12	0	4	0
K13661	3	11	1	30	48	5	170	12
K08365	22	10	0	31	44	5	103	2
K08366	0	0	0	0	0	0	0	0
K20201	0	0	1	10	34	1	48	2
K13662	13	12	0	5	3	0	15	0
K08367	0	0	0	0	0	0	0	0
K20202	0	0	1	5	7	13	31	2
K13663	5	10	0	1	3	0	6	0
K20203	0	0	0	1	0	0	3	0
K13664	3	8	0	0	0	0	0	0
K08368	2	3	4	46	16	12	108	5
K20204	1	2	0	2	1	0	5	0
K13665	5	9	0	1	3	0	7	0
K08369	44	55	12	398	226	119	1306	32
K20205	0	0	0	0	0	0	0	0
K13666	0	0	0	0	0	0	1	0
K13667	2	0	0	0	0	0	4	0
K20207	0	2	0	1	10	3	27	2
K13668	14	35	12	100	210	17	396	14
K13669	6	5	3	9	19	3	57	5
K04930	0	0	0	0	0	0	8	0
K17550	3	1	0	0	2	0	1	0
K03150	3	14	5	24	24	9	129	1
K04931	0	0	0	0	0	0	0	0
K17551	0	0	0	0	0	0	0	0
K03151	12	4	6	54	146	28	296	7
K04932	0	0	0	0	0	0	0	0
K17552	0	0	0	0	0	0	0	0
K03152	13	7	0	4	19	4	59	1
K17553	1	0	0	0	1	0	1	0
K04933	0	0	0	0	0	0	0	0
K03153	71	49	7	197	247	32	674	27
K04934	0	0	0	0	0	0	0	0
K17554	0	0	0	0	0	0	2	0
K03154	25	22	6	58	91	21	268	10
K17555	0	0	0	0	0	0	0	0
K04935	0	0	0	0	0	0	0	0
K03155	2	2	0	0	0	0	0	0
K21071	94	110	37	473	818	211	2816	65
K21072	0	0	0	0	0	0	0	0
K04936	0	0	0	0	0	0	0	1
K03157	0	0	0	0	0	0	0	0
K21073	0	0	0	0	1	0	0	0
K03158	0	0	0	0	0	0	0	0
K17558	0	0	0	0	0	0	0	0
K04938	0	0	0	0	0	0	0	0
K17559	0	0	0	0	0	0	0	0
K03159	0	0	0	0	0	0	0	0
K08820	0	0	0	0	0	0	0	0
K07040	45	45	9	145	225	58	598	25
K08821	0	0	0	0	0	0	1	0
K07041	0	0	2	19	69	17	61	3
K08822	0	0	0	0	0	0	0	1
K07042	78	68	13	125	222	52	697	20
K08823	2	0	0	1	0	0	0	0
K07043	96	77	10	112	207	32	764	19
K12340	125	150	29	297	451	82	1391	62
K08824	0	0	0	0	3	0	3	0
K07044	23	32	0	31	71	26	313	3
K12341	0	0	0	2	1	0	2	1
K08825	0	0	0	0	0	0	1	0
K07045	93	125	107	1538	1647	740	6417	228
K08826	0	0	0	0	0	0	0	0
K12342	0	0	0	0	0	0	2	0
K07046	33	52	9	195	167	52	959	25
K12343	2	1	0	4	7	0	33	0
K08827	1	0	0	1	1	0	1	0
K12344	1	0	0	0	1	0	5	0
K08828	0	0	0	0	1	0	0	0
K07048	22	21	7	149	225	40	712	21
K07049	0	0	0	0	1	1	2	0
K12345	0	0	0	0	0	0	1	0
K08829	1	1	0	1	1	0	0	0
K12346	2	5	0	0	0	0	1	0
K12347	0	0	0	1	0	0	0	0
K12348	0	0	0	0	1	0	0	1
K12349	8	6	3	60	74	3	172	8
K09690	33	40	21	244	563	167	2353	45
K16230	0	0	0	0	0	0	0	0
K09691	34	71	36	342	732	222	3230	69
K03610	54	49	3	45	56	31	243	6
K16231	0	0	0	1	0	0	0	0
K09692	7	7	5	51	47	5	131	6
K03611	34	31	4	53	92	41	409	7
K16232	0	0	0	3	1	0	2	0
K09693	7	25	8	100	224	39	668	21
K03612	9	0	0	2	20	1	38	2
K16233	0	0	0	4	6	0	31	2
K09694	13	40	15	129	272	41	608	14
K03613	9	0	0	0	26	0	22	0
K16234	1	2	0	2	0	0	11	0
K09695	16	32	11	113	308	60	818	26
K03614	12	7	5	65	155	25	496	15
K16235	0	0	0	2	2	5	11	0
K09696	28	62	4	100	133	35	662	22
K03615	14	8	2	18	113	5	134	10
K16236	0	0	0	1	3	0	3	0
K09697	15	20	4	58	108	37	606	16
K03616	27	23	2	38	103	23	292	6
K16237	2	8	0	14	18	1	56	2
K09698	3	6	6	46	120	20	326	9
K03617	13	1	2	12	62	13	123	6
K16238	62	78	5	74	198	46	523	12
K09699	63	50	8	119	257	47	725	10
K03618	1	2	0	0	5	2	47	0
K16239	0	0	4	34	88	24	283	3
K03619	0	0	0	12	27	1	29	2
K07500	0	0	0	1	0	0	1	0
K07501	18	16	7	56	95	61	553	14
K07502	11	13	3	55	100	13	270	15
K18880	0	0	0	0	1	0	0	0
K04480	0	0	0	3	6	0	18	1
K07503	6	15	4	67	98	18	211	13
K11020	0	0	0	0	0	0	0	0
K18881	0	0	0	0	0	0	2	0
K12800	0	0	0	0	1	0	1	0
K07504	12	1	2	8	31	2	48	1
K12801	0	0	0	0	0	0	0	0
K18882	0	0	0	5	24	5	17	1
K11021	17	12	3	34	119	14	248	14
K07505	6	0	8	36	17	11	258	7
K04482	1	0	0	1	12	0	4	1
K12802	0	0	0	0	0	0	0	0
K18883	0	0	0	0	0	0	1	0
K11022	6	0	0	2	6	0	2	0
K07506	113	109	10	131	178	64	819	34
K04483	0	0	0	37	71	11	44	5
K12803	0	0	0	0	0	0	0	0
K11023	0	0	0	0	0	0	0	0
K18884	0	0	0	0	0	0	0	0
K04484	0	0	0	1	0	0	1	0
K07507	72	67	10	123	247	49	653	18
K18885	0	0	0	0	0	0	1	0
K12804	0	0	0	0	0	0	0	0
K07508	0	3	1	32	80	20	183	2
K04485	135	110	35	360	684	114	1707	47
K18886	0	0	0	0	0	0	1	0
K12805	0	0	0	0	0	0	0	0
K07509	0	0	0	0	2	1	2	0
K04486	7	9	12	59	90	11	151	4
K12806	0	0	0	0	0	0	0	0
K18887	0	0	0	1	1	0	7	0
K04487	154	157	50	632	1077	259	3584	90
K12807	0	0	0	0	0	0	0	0
K18888	0	0	0	2	2	0	11	1
K04488	20	35	14	184	286	87	892	30
K04489	0	0	0	0	0	0	0	0
K18889	19	60	16	143	311	85	981	28
K11029	3	10	0	4	7	0	59	0
K08370	0	0	0	0	0	0	0	0
K08371	0	0	0	0	0	0	0	1
K08372	24	47	27	404	299	27	719	51
K08373	0	0	0	0	0	0	0	0
K08374	0	0	0	0	0	0	0	0
K13670	0	0	2	3	8	6	63	2
K08375	0	0	0	0	0	0	0	0
K20210	0	0	0	0	0	0	0	0
K13671	6	17	11	127	58	6	141	6
K20211	0	0	0	0	0	0	0	0
K08376	0	0	0	0	0	0	0	0
K13672	0	0	0	0	0	0	0	0
K08377	0	0	0	0	0	0	0	0
K20212	0	0	0	0	0	0	0	0
K08378	0	0	0	0	0	0	0	0
K20213	0	0	0	0	0	0	0	0
K08379	0	0	0	0	0	0	2	0
K20214	0	0	0	0	0	0	0	0
K13675	0	0	1	0	0	0	0	0
K13676	0	0	0	0	0	0	0	0
K20215	0	0	0	5	21	8	12	3
K20216	0	0	0	0	1	0	1	0
K13677	0	0	0	1	3	2	15	0
K20217	3	3	0	0	0	0	1	0
K13678	0	0	0	0	0	0	3	0
K13679	0	0	0	0	2	1	2	0
K20218	11	10	2	62	27	8	299	7
K20219	0	2	4	21	2	1	32	0
K03160	0	0	0	0	0	0	0	0
K17560	0	1	0	1	1	0	3	0
K04940	10	19	6	49	74	14	292	9
K17561	0	0	0	0	0	0	0	0
K04941	0	0	0	0	0	0	0	0
K17562	0	0	0	0	0	0	0	0
K04942	0	0	0	0	0	0	0	0
K03162	0	0	0	0	0	0	1	0
K17563	0	0	0	0	0	0	0	0
K04943	0	0	0	0	0	0	0	0
K03163	0	1	1	9	43	7	23	6
K17564	0	0	0	0	0	0	0	0
K04944	0	0	0	0	0	0	0	0
K03164	66	56	3	1	6	2	30	0
K17565	0	0	0	0	1	0	0	0
K04945	0	0	0	0	0	0	0	0
K03165	0	0	1	0	2	0	2	0
K17566	0	0	0	0	2	0	8	0
K04946	0	0	0	0	0	0	1	0
K03166	0	0	7	23	79	37	258	11
K21083	0	0	0	0	0	0	0	0
K17567	0	0	0	0	0	0	0	0
K04947	0	0	0	0	0	0	1	0
K03167	0	0	9	62	119	34	376	16
K17568	0	0	0	0	0	0	0	0
K04948	0	0	0	0	0	0	1	0
K21084	7	12	3	13	33	12	138	1
K03168	308	309	118	1229	2118	484	6789	238
K17569	0	0	0	0	0	0	0	0
K04949	0	0	0	0	0	0	1	2
K21085	8	9	0	5	7	2	31	1
K03169	72	86	14	201	332	101	1160	29
K21086	0	0	0	0	0	0	1	0
K21087	0	0	0	1	0	0	4	0
K21088	1	0	0	3	7	0	19	0
K08830	0	0	0	0	0	0	0	0
K07050	34	32	3	88	150	29	423	10
K08831	0	0	0	0	0	0	0	0
K21089	7	0	1	1	13	3	21	0
K07051	16	30	3	36	100	15	353	9
K08832	2	1	0	0	1	0	4	1
K07052	77	117	53	387	617	121	2015	72
K08833	0	0	0	0	0	0	0	0
K07053	45	64	14	160	399	38	817	32
K08834	0	0	0	0	0	0	0	0
K12350	0	0	0	0	0	0	0	0
K07054	93	130	20	252	424	111	1598	36
K12351	0	2	1	0	3	1	10	1
K08835	4	2	0	0	0	0	0	0
K07055	1	0	0	1	3	0	1	0
K12352	0	0	0	0	0	0	0	0
K08836	0	0	0	0	0	0	0	0
K07056	123	120	21	258	431	77	1236	44
K08837	0	0	0	0	1	0	0	0
K12353	66	60	0	0	0	0	1	0
K07057	0	1	1	19	12	3	26	2
K12354	0	0	0	0	0	0	6	0
K08838	1	0	0	2	3	1	8	1
K07058	231	308	59	676	1362	341	4354	128
K12355	1	1	0	3	3	0	17	0
K07059	1	4	3	12	44	11	118	5
K12356	0	0	0	0	0	0	1	0
K12357	0	0	0	0	1	0	2	0
K12358	0	0	0	0	0	0	0	0
K12359	0	0	0	0	0	0	0	0
K16240	2	0	0	1	0	1	12	0
K03620	0	0	5	14	45	15	221	7
K16241	0	0	0	0	0	0	0	0
K03621	93	81	24	325	463	145	1757	45
K16242	2	0	0	10	14	7	60	3
K03622	0	0	0	5	17	3	7	0
K16243	6	0	1	11	4	12	46	0
K03623	1	1	0	1	1	1	10	0
K16244	0	0	0	2	2	2	7	0
K03624	71	78	15	213	338	114	1091	37
K16245	1	0	0	2	2	1	8	1
K03625	73	82	12	160	252	51	785	35
K16246	4	0	0	5	16	4	48	1
K03626	2	3	0	1	11	5	4	0
K21543	1	0	0	0	0	0	0	0
K03627	1	0	0	4	9	0	3	0
K16247	0	6	0	0	22	0	15	2
K21544	0	0	0	0	0	0	0	0
K16248	1	1	2	1	15	4	30	2
K03628	134	147	43	413	697	234	3205	71
K21545	0	0	0	0	0	0	0	0
K16249	0	0	0	1	0	0	2	0
K03629	100	110	20	254	489	52	988	43
K21546	0	0	0	0	0	0	0	0
K21547	0	0	0	0	0	0	0	0
K21548	0	0	0	0	0	0	0	0
K21549	0	0	0	0	0	0	1	1
K07511	0	0	1	4	5	3	19	0
K07512	1	0	0	0	1	4	19	1
K04490	0	0	0	0	0	0	0	0
K18890	58	80	28	176	451	114	1355	40
K07513	0	0	0	4	4	1	28	0
K18891	0	0	0	2	3	2	2	0
K04491	0	0	0	0	0	0	0	0
K07514	0	3	1	10	14	4	48	1
K18892	0	1	0	1	2	0	6	2
K04492	0	0	0	0	0	0	0	0
K12811	1	0	0	2	3	0	11	0
K11031	0	1	2	9	32	1	47	7
K07515	0	0	0	1	7	2	32	0
K11032	0	0	0	0	0	0	0	0
K04493	0	0	0	0	0	0	0	0
K18893	212	166	8	265	171	116	1510	27
K12812	2	0	0	0	0	0	4	2
K07516	205	222	35	501	740	289	3978	90
K11033	0	0	0	0	1	0	2	0
K18894	0	2	5	38	2	0	31	3
K12813	1	1	0	0	3	0	10	0
K04494	0	0	0	0	3	1	2	1
K04495	0	0	0	0	0	0	0	0
K18895	0	0	0	0	1	0	5	0
K12814	0	0	0	0	1	0	6	0
K11034	0	0	0	0	1	0	3	0
K07518	30	52	2	19	53	15	208	9
K11035	0	0	0	0	0	0	0	0
K12815	2	1	2	0	1	0	9	0
K18896	0	1	0	21	41	9	69	4
K04496	0	0	0	19	16	5	83	6
K04497	0	0	0	0	2	0	1	0
K18897	0	0	0	13	32	7	42	4
K12816	1	0	2	2	2	0	6	1
K11037	0	0	0	0	0	0	0	0
K18898	0	0	0	1	0	0	1	0
K12817	0	0	0	0	0	0	2	0
K04498	1	2	1	0	0	0	7	1
K11038	0	0	0	0	0	0	0	0
K18899	0	0	0	1	0	1	1	0
K12818	7	5	1	2	3	0	30	0
K04499	0	1	0	0	0	0	1	1
K12819	0	0	0	1	0	0	0	1
K08380	0	0	0	0	0	0	2	0
K16700	0	0	0	0	0	0	2	0
K02300	28	16	0	31	8	32	182	5
K16701	0	1	0	1	1	0	10	0
K08383	0	0	0	0	0	0	0	0
K16702	0	0	0	0	0	1	4	0
K02302	146	138	13	255	406	73	1067	28
K13680	51	65	0	1	2	0	1	0
K16703	17	21	3	36	42	13	245	5
K08384	2	1	5	33	139	17	287	8
K02303	151	160	14	314	467	102	1315	35
K08385	0	0	0	0	0	0	0	0
K20220	0	0	0	0	0	0	0	0
K13681	46	23	0	0	0	0	2	0
K16704	0	0	0	3	5	2	21	1
K02304	24	19	3	66	143	19	260	12
K08386	0	0	0	0	0	0	0	0
K13682	0	0	0	0	0	0	0	0
K20221	1	1	0	1	1	0	2	1
K16705	0	0	2	4	13	3	25	2
K02305	22	12	8	70	123	17	445	16
K02306	0	0	0	0	0	0	0	0
K08387	0	0	0	0	0	0	0	0
K20222	15	14	1	0	2	0	2	0
K16706	0	0	0	2	1	0	8	2
K13683	2	2	0	2	2	0	18	0
K08388	0	0	0	0	0	0	0	0
K02307	0	0	0	0	0	0	0	0
K20223	2	1	0	0	3	1	7	0
K16707	0	0	0	3	4	2	14	0
K13684	3	1	0	1	3	1	18	1
K02308	0	0	0	0	0	0	0	0
K16708	0	0	0	0	0	0	0	0
K20224	1	0	0	2	0	0	2	2
K20225	0	0	0	0	0	0	0	0
K02309	0	0	0	0	1	0	1	0
K16709	0	0	0	0	0	0	0	0
K13686	1	1	0	6	8	0	19	0
K20226	0	0	0	0	0	0	0	0
K13687	0	1	2	29	58	7	198	6
K20227	0	0	0	0	0	0	0	0
K13688	190	187	15	299	637	407	4969	54
K13689	0	0	0	0	0	0	1	0
K20228	0	0	0	0	0	0	0	0
K20229	0	0	0	0	0	0	0	0
K03170	0	0	0	0	0	3	5	0
K04950	0	0	0	0	0	0	2	2
K17570	0	0	0	0	0	0	2	0
K03171	0	0	0	0	0	0	0	0
K17571	0	0	0	0	0	0	0	0
K04951	0	0	0	0	0	0	1	0
K03172	0	0	0	0	0	0	0	0
K04952	0	0	0	0	1	0	2	0
K17572	0	0	0	0	0	0	0	0
K03173	0	0	0	0	0	0	0	0
K04953	0	0	0	0	1	0	2	0
K17573	1	0	0	0	0	0	0	0
K21090	0	0	0	0	0	0	1	0
K04954	0	0	0	0	0	0	0	0
K03174	0	0	0	0	0	0	1	0
K17575	0	0	0	0	0	0	0	0
K04955	0	0	0	0	0	0	2	0
K03175	0	0	0	0	0	0	0	0
K21092	0	0	0	0	0	0	0	0
K03176	0	0	0	0	0	0	0	0
K17576	0	0	0	0	0	0	3	0
K04956	0	0	0	0	0	0	2	0
K17577	0	0	0	0	0	0	0	0
K04957	0	0	0	0	0	0	3	0
K03177	94	97	20	255	429	92	1238	49
K17578	0	0	0	0	0	0	0	0
K04958	0	0	0	0	2	1	4	0
K03178	5	3	0	0	3	0	5	0
K17579	0	0	0	0	0	0	0	0
K04959	0	0	0	0	1	0	0	0
K03179	115	81	18	256	393	130	1688	36
K21098	0	0	0	0	0	0	0	0
K07060	0	0	0	3	12	0	3	0
K08840	0	0	0	0	0	0	1	0
K08841	1	0	0	0	2	0	2	0
K07061	0	0	0	4	12	2	14	1
K08842	1	0	0	0	2	0	0	0
K07062	49	27	4	77	121	10	257	9
K08843	0	1	0	2	7	0	7	0
K07063	1	0	0	3	16	1	17	0
K12360	0	0	0	0	0	0	0	0
K08844	0	0	0	1	1	0	3	0
K07064	6	11	10	75	245	18	282	17
K08845	0	0	0	0	0	0	1	0
K12361	0	0	0	0	0	0	0	0
K07065	3	4	3	35	129	4	118	13
K12362	0	0	0	0	0	0	0	0
K08846	0	0	1	0	0	0	4	1
K07066	2	2	1	11	29	0	20	0
K12363	0	0	0	0	0	0	0	0
K08847	0	0	1	0	0	0	4	1
K07067	7	18	7	94	167	10	199	11
K12364	0	0	0	0	0	0	0	0
K08848	0	0	1	0	1	0	3	0
K07068	15	38	22	273	317	58	1049	40
K08849	2	0	0	0	0	0	1	2
K12365	0	0	0	0	0	0	0	0
K07069	0	2	0	0	1	0	0	0
K12366	0	0	0	0	0	0	1	0
K12367	0	0	0	1	0	0	2	1
K12368	80	64	5	63	182	50	747	7
K12369	37	27	2	42	133	36	478	8
K16250	1	2	0	0	0	0	1	0
K03630	98	89	12	106	316	81	947	24
K16251	35	25	0	0	0	0	2	0
K03631	166	167	43	473	781	139	1871	63
K16252	271	233	0	0	0	0	2	0
K03632	3	8	0	4	7	0	6	0
K16253	0	0	0	0	0	0	0	0
K03633	1	4	0	1	5	0	1	0
K16254	2	10	2	14	131	12	237	2
K03634	45	45	5	91	99	46	502	16
K21551	0	1	0	5	4	0	5	1
K16255	0	0	3	17	17	6	41	2
K03635	62	68	20	176	276	48	743	17
K21552	1	0	0	0	2	0	2	0
K16256	0	3	0	5	1	3	19	0
K03636	49	49	23	246	343	75	926	32
K21553	0	0	0	0	0	0	1	1
K16257	1	4	0	8	7	4	65	3
K03637	62	58	14	205	341	87	1186	35
K21554	0	0	0	0	0	0	1	0
K16258	1	3	0	1	3	1	26	0
K03638	42	28	9	66	156	45	471	16
K21555	2	0	0	0	1	0	0	0
K16259	0	7	0	12	10	2	52	3
K03639	123	124	29	399	584	165	2288	60
K21556	0	0	0	7	1	1	13	0
K21557	0	0	0	1	0	0	0	0
K07520	0	0	0	0	0	0	0	0
K21558	0	0	0	1	0	3	20	0
K21559	0	0	0	0	1	0	3	0
K07521	1	0	0	0	0	1	0	0
K07522	0	0	0	0	0	0	0	0
K07523	0	0	0	0	0	0	0	0
K12820	2	2	0	4	3	0	8	0
K07524	0	1	0	0	0	0	1	0
K11041	0	0	0	0	1	0	1	0
K07525	0	0	0	0	0	0	0	0
K12821	0	0	0	0	0	0	2	0
K07526	0	0	0	0	0	0	0	0
K12822	3	1	0	0	0	0	1	0
K07527	0	0	0	0	1	0	1	0
K12823	1510	1279	0	3	3	2	9	0
K07528	1	0	0	0	0	2	6	1
K11044	0	0	0	0	0	0	1	0
K12824	0	0	0	0	0	0	2	0
K07529	0	0	0	1	0	0	0	0
K12825	0	0	0	1	0	0	6	0
K11045	0	0	2	7	10	1	23	2
K11046	0	0	0	0	0	0	0	0
K12826	0	0	0	1	0	0	1	0
K12827	3	0	0	0	0	0	1	0
K12828	2	2	0	0	2	0	3	0
K12829	0	0	0	0	0	0	2	0
K08390	0	0	0	0	0	0	0	0
K02310	0	0	0	0	0	0	0	0
K16710	16	16	0	1	24	4	53	1
K08392	0	0	0	0	0	0	0	0
K02311	0	0	0	0	0	0	0	0
K16711	0	0	0	0	0	0	0	0
K16712	0	0	0	0	2	0	8	0
K13690	0	0	0	0	0	0	1	0
K02313	167	164	47	451	804	236	2634	76
K16714	0	0	0	0	0	0	0	0
K20230	0	0	0	0	0	0	0	0
K13691	0	0	0	0	0	0	3	0
K02314	185	192	62	647	1078	251	3638	101
K08396	0	0	0	0	0	0	0	0
K13692	38	39	0	0	0	0	1	0
K20231	0	0	0	0	0	0	1	0
K02315	9	14	7	68	128	18	281	9
K16716	0	0	0	0	0	0	0	0
K13693	12	15	4	69	163	14	208	8
K02316	172	195	47	583	990	207	3021	75
K20233	0	0	0	0	0	0	0	0
K02317	0	0	0	0	0	0	0	0
K16717	0	0	0	0	0	0	2	0
K13694	10	6	0	3	13	2	29	2
K16718	0	0	0	0	0	0	0	0
K20234	0	0	0	0	0	0	0	0
K08399	0	1	0	3	2	0	5	1
K13695	8	20	0	1	19	7	79	4
K02318	0	0	0	3	2	0	8	0
K16719	0	0	0	0	0	0	0	0
K20235	0	0	0	2	0	0	0	0
K13696	0	1	0	0	0	0	2	0
K02319	0	0	0	52	118	42	91	10
K20236	0	0	0	0	0	0	0	0
K13697	0	0	0	0	0	0	1	0
K13698	0	0	0	0	0	0	2	0
K20237	0	0	1	0	1	0	1	0
K20238	3	10	0	11	23	4	107	3
K13699	0	0	0	1	0	0	4	0
K06200	54	79	11	265	418	159	2001	29
K20239	0	0	0	0	0	0	2	0
K06201	40	44	7	45	49	11	251	6
K06202	9	14	1	13	9	11	132	3
K17580	0	0	0	0	0	0	0	0
K06203	46	26	3	48	59	25	226	6
K04960	0	0	0	0	2	1	2	0
K17581	0	0	0	0	0	0	0	0
K11500	0	0	0	0	0	0	0	0
K06204	69	66	17	151	221	79	785	27
K04961	0	0	0	0	0	1	3	0
K03181	13	10	2	1	16	1	16	1
K17582	0	2	0	0	2	0	4	1
K11501	0	0	0	0	0	0	0	0
K06205	8	5	1	8	8	2	66	0
K04962	0	0	0	0	0	1	3	0
K03182	92	76	57	806	737	496	3824	133
K11502	0	0	0	0	0	0	0	0
K17583	0	0	0	1	5	2	21	0
K06206	28	12	2	22	47	15	124	3
K04963	0	0	0	0	0	1	3	0
K03183	91	116	22	409	723	166	2138	74
K04964	0	0	0	0	0	0	0	0
K11503	0	0	0	0	0	0	0	0
K17584	0	0	0	0	0	0	0	0
K06207	208	191	50	625	860	323	4141	97
K03184	25	22	0	10	19	6	114	1
K11504	0	0	0	0	0	0	0	0
K04965	0	0	0	0	0	0	0	0
K17585	0	0	0	0	0	0	0	0
K06208	2	6	3	44	68	3	114	4
K03185	153	135	9	166	212	72	1024	20
K11505	0	0	0	0	0	0	0	0
K04966	0	0	0	0	0	0	0	0
K06209	0	0	0	0	1	0	1	0
K17586	1	1	0	0	0	0	0	0
K03186	58	21	13	129	214	73	901	27
K11506	0	0	0	0	0	0	0	0
K04967	0	0	0	0	0	0	2	0
K03187	35	30	4	58	55	19	266	10
K04968	0	0	0	0	0	0	0	0
K11507	1	0	0	0	0	0	0	0
K17588	0	0	0	0	0	0	0	0
K03188	53	48	10	80	95	27	431	12
K04969	0	0	0	0	0	0	0	0
K17589	0	0	0	0	0	0	0	0
K03189	42	43	10	109	96	55	633	25
K08850	0	0	0	0	3	0	1	0
K07070	4	0	1	0	0	2	18	0
K08851	1	0	0	6	16	7	11	0
K07071	48	77	30	279	406	58	1205	36
K08852	9	9	1	1	6	0	13	0
K07072	0	0	0	18	31	4	84	3
K07073	0	0	0	0	0	0	0	0
K08853	1	0	0	0	0	0	1	1
K08854	0	0	0	0	0	0	0	0
K12370	41	35	4	38	91	33	400	5
K07074	29	32	6	43	84	13	280	10
K08855	0	0	0	0	0	0	0	0
K12371	41	31	3	22	76	24	406	5
K07075	20	10	3	40	165	11	206	10
K12372	33	22	2	33	60	21	310	7
K08856	0	0	0	0	1	0	1	0
K07076	9	14	1	14	94	14	135	3
K12373	142	205	21	290	283	134	1718	42
K08857	1	2	0	0	5	0	12	2
K07077	44	31	5	108	69	23	394	6
K08858	0	0	0	0	0	1	1	0
K12374	0	0	0	1	3	0	18	0
K07078	3	0	0	0	1	0	1	0
K08859	0	0	0	0	0	0	4	0
K12375	0	0	0	2	2	0	11	1
K07079	6	6	1	48	56	6	210	8
K12376	0	0	0	1	3	0	5	0
K12377	0	0	0	0	0	0	0	0
K12378	0	0	1	1	0	0	0	0
K12379	0	0	0	0	0	0	0	0
K16260	0	1	0	2	7	2	31	4
K03640	69	78	14	141	228	77	873	24
K16261	2	0	2	2	2	0	9	1
K03641	113	123	69	563	1305	275	4052	151
K16262	0	0	0	0	0	0	0	0
K03642	118	91	18	233	239	110	1121	32
K16263	3	18	2	23	12	0	42	2
K03643	46	35	3	50	73	26	322	9
K21560	0	0	0	0	0	0	0	0
K16264	56	61	18	263	422	113	1548	29
K03644	90	117	30	335	569	153	2264	43
K21561	0	2	1	8	119	4	79	2
K03645	0	0	0	6	0	0	4	0
K21562	1	1	1	9	12	2	29	2
K03646	47	54	7	78	98	35	435	16
K21563	32	9	3	33	86	27	300	4
K16267	13	12	2	56	112	41	448	10
K03647	9	7	0	1	3	1	14	0
K21564	30	9	8	60	160	21	250	3
K16268	0	0	1	4	1	0	7	0
K03648	71	65	8	60	117	30	445	13
K16269	0	0	0	0	0	0	2	0
K03649	17	28	8	91	166	14	294	12
K21566	0	0	1	5	14	1	9	1
K21567	2	13	3	40	120	11	200	8
K07530	0	0	0	0	0	0	0	0
K21568	0	3	0	1	18	3	27	1
K07531	0	0	0	0	0	0	0	0
K07532	0	0	0	0	0	0	0	0
K07533	8	7	9	57	143	14	334	19
K12830	1	1	0	0	5	1	14	0
K11050	0	3	1	8	9	5	59	1
K07534	1	6	0	3	6	8	38	2
K11051	0	2	0	1	1	0	1	0
K12831	31	25	0	0	0	0	1	0
K07535	10	11	6	104	173	33	542	15
K12832	0	0	0	0	0	0	0	0
K07536	0	1	2	19	22	16	150	4
K12833	0	0	0	0	0	0	0	0
K11053	0	1	0	0	2	0	5	0
K07537	0	0	5	45	41	14	128	2
K12834	0	0	0	0	1	0	1	0
K11054	0	0	0	0	0	0	0	0
K07538	3	1	1	17	25	3	61	1
K11055	0	0	0	0	0	0	0	0
K12835	2	0	0	0	0	0	1	0
K07539	0	0	0	28	38	14	131	1
K12836	0	1	0	0	1	0	3	0
K12837	6	1	0	1	0	0	4	0
K12838	0	0	0	0	0	0	0	0
K11059	0	0	0	0	0	0	0	0
K12839	1	0	0	0	0	0	1	1
K16720	0	0	0	0	0	0	0	0
K02320	2	0	0	1	2	2	7	1
K02321	0	0	1	0	0	0	2	0
K16722	0	0	0	0	0	0	0	0
K02322	0	0	0	25	59	9	32	5
K16723	0	0	0	0	0	0	1	0
K02323	0	1	0	11	29	5	15	2
K16724	0	0	0	0	0	0	0	0
K20240	0	0	0	0	0	0	2	0
K02324	5	1	0	0	1	0	20	0
K16725	0	0	0	0	1	0	0	0
K02325	0	0	0	0	1	0	1	0
K20241	2	4	0	1	1	1	12	4
K02326	1	0	0	0	0	0	0	0
K20242	0	0	0	0	0	0	0	0
K16726	0	0	0	3	5	2	23	0
K16727	0	0	0	0	0	0	0	0
K02327	180	133	0	1	2	0	11	1
K16728	0	0	0	0	0	0	0	0
K20244	0	0	0	0	0	0	0	0
K02328	0	0	0	0	0	0	2	0
K02329	0	0	0	0	0	0	0	0
K20245	0	0	0	0	0	0	0	0
K16729	0	0	0	0	0	0	0	0
K20246	0	1	0	0	1	1	4	0
K20247	0	0	0	2	1	3	4	0
K20248	5	1	0	0	0	1	11	0
K06210	3	0	0	4	2	0	15	2
K20249	1	0	0	1	3	0	6	0
K06211	0	1	0	1	3	0	9	0
K06212	11	8	0	43	151	21	288	5
K17590	0	0	0	0	0	0	0	0
K04970	0	0	0	0	0	0	0	0
K06213	112	110	22	221	641	276	2872	59
K03190	47	56	6	74	90	23	442	19
K04971	0	0	0	0	0	0	0	0
K17591	0	0	0	0	0	0	0	0
K06214	14	6	0	5	4	1	28	1
K03191	0	0	0	0	1	0	0	1
K04972	0	0	0	0	0	0	1	0
K17592	12	13	1	1	5	0	18	1
K11511	0	0	0	1	0	0	15	0
K06215	16	17	12	180	233	36	615	22
K03192	27	24	1	44	41	16	234	8
K04973	0	0	0	0	0	0	0	0
K11512	0	0	0	0	0	0	0	0
K17593	0	0	0	0	0	0	3	0
K03193	0	0	0	0	0	0	0	0
K06216	0	0	0	29	2	9	54	0
K17594	0	0	0	0	0	0	0	0
K06217	126	117	18	297	457	134	1924	47
K04974	0	0	0	1	1	1	7	1
K03194	8	16	0	8	14	2	42	0
K11514	0	0	0	0	0	0	0	0
K17595	0	0	0	0	0	0	0	0
K06218	21	13	6	31	64	21	242	8
K04975	0	0	0	1	0	0	2	0
K03195	36	22	5	51	35	17	239	8
K11515	0	0	0	0	0	0	0	0
K17596	0	0	0	0	0	0	0	0
K06219	8	6	2	10	21	6	52	3
K04976	0	1	0	0	0	0	0	0
K03196	44	23	1	14	31	7	177	3
K17597	0	0	0	0	0	0	0	1
K11516	0	0	0	0	0	0	0	0
K04977	0	0	0	2	0	0	1	1
K03197	7	7	0	12	9	4	61	0
K17598	0	0	0	0	0	0	1	0
K11517	0	1	2	31	45	8	120	0
K04978	0	1	0	1	0	0	1	1
K03198	10	13	0	1	4	5	51	2
K04979	0	0	0	0	0	0	0	0
K17599	0	0	1	0	0	0	0	0
K11518	70	83	0	0	0	0	0	0
K03199	66	58	3	63	91	39	559	4
K11519	0	0	0	0	0	0	0	0
K08860	1	0	0	1	0	0	3	0
K07080	85	70	11	260	563	211	1631	52
K15400	0	2	0	0	0	0	2	0
K08861	0	0	0	0	3	0	0	0
K07081	0	0	0	3	10	0	41	3
K01000	113	123	34	368	642	256	2670	56
K15401	0	0	0	0	0	0	3	0
K08862	0	0	0	0	1	0	0	0
K07082	112	120	20	292	520	128	1608	45
K01001	0	0	0	2	17	6	8	0
K15402	15	13	0	0	0	0	2	0
K08863	0	0	0	1	1	0	1	1
K07083	0	0	1	6	21	5	64	2
K01002	3	0	6	39	27	29	279	4
K15403	0	0	0	0	0	0	0	0
K12380	0	0	0	0	0	0	0	0
K08864	0	0	0	0	1	0	2	0
K07084	5	0	0	1	4	1	4	0
K01003	5	1	0	27	20	10	136	2
K20700	0	0	0	0	0	0	0	0
K15404	4	0	0	0	0	0	0	0
K08865	0	0	0	0	0	0	0	0
K12381	0	1	0	0	5	2	21	1
K07085	7	0	11	155	90	149	1724	35
K01004	19	13	3	57	88	27	284	9
K20701	0	0	0	0	0	0	0	1
K12382	0	1	0	0	0	0	2	0
K15405	15	12	0	0	0	0	4	0
K08866	0	1	0	0	0	0	4	1
K07086	14	3	0	1	25	5	53	0
K12383	0	0	0	0	0	0	0	0
K15406	29	16	0	0	0	0	0	0
K07087	0	0	0	0	0	0	0	0
K08867	3	1	0	3	9	0	30	2
K01006	139	162	92	959	1452	426	5465	152
K08868	0	0	0	0	0	0	0	0
K20703	0	0	0	0	0	0	0	0
K15407	0	0	0	0	1	0	0	3
K12384	0	0	0	0	0	0	2	0
K07088	161	131	5	90	275	91	1045	19
K01007	136	255	78	745	1645	261	4192	95
K20704	0	0	1	0	1	0	3	0
K15408	193	146	9	125	896	64	910	16
K12385	2	2	0	0	0	0	4	0
K08869	6	2	2	10	9	3	66	0
K07089	22	39	10	175	179	19	338	14
K01008	33	45	21	289	412	77	1197	40
K15409	0	0	0	0	0	0	0	0
K20705	0	0	0	0	1	0	1	0
K12386	0	0	0	0	0	0	1	0
K12387	0	0	0	0	0	0	0	0
K12388	0	0	0	0	1	0	1	0
K20707	0	0	1	9	22	3	41	1
K20708	0	0	0	4	7	5	9	0
K12389	1	0	0	0	0	0	3	0
K16270	0	0	0	0	0	0	5	0
K03650	126	105	26	237	373	117	1509	42
K16271	0	0	0	1	0	0	5	0
K03651	55	66	5	123	195	43	667	19
K16272	0	0	0	0	0	0	0	0
K03652	52	54	15	173	255	54	815	24
K16273	0	0	0	1	0	0	0	0
K03653	0	0	0	1	8	3	25	1
K16274	0	1	0	0	0	0	0	0
K03654	237	342	47	582	1276	200	3750	89
K16275	1	0	0	0	0	0	0	0
K21571	16	16	1	1	19	1	48	4
K03655	170	218	55	705	1291	279	3988	108
K16276	1	0	0	3	0	0	10	0
K21572	443	1154	31	170	599	114	2310	57
K03656	55	55	6	52	107	29	526	7
K16277	3	2	0	0	0	0	0	0
K21573	18	26	2	5	50	5	115	1
K03657	415	495	152	1617	2676	427	7230	223
K16278	0	0	0	0	0	0	0	0
K21574	28	23	2	1	18	15	118	2
K03658	8	1	0	5	26	3	66	1
K21575	10	11	2	40	78	13	259	6
K16279	405	369	0	0	0	0	3	0
K21576	1	0	1	2	7	0	23	0
K21577	1	0	1	6	30	6	54	1
K21578	0	0	0	1	3	4	13	2
K07540	1	1	1	25	8	17	122	2
K21579	0	0	0	5	5	6	19	1
K07541	3	0	0	0	0	0	1	0
K07542	0	0	0	0	1	0	1	0
K07543	0	0	0	2	17	9	45	1
K12840	1	0	0	0	0	0	1	0
K11060	0	1	0	3	6	0	14	0
K07544	11	10	7	129	129	45	471	19
K12841	0	0	0	0	0	0	0	0
K11061	0	0	0	0	0	0	0	0
K07545	1	0	0	6	8	2	23	1
K12842	2	3	0	1	1	0	1	1
K11062	1	1	0	1	5	1	12	0
K07546	1	1	0	11	21	9	81	1
K11063	0	0	0	1	0	0	0	0
K12843	0	0	0	0	0	0	0	0
K07547	0	0	0	0	0	1	3	0
K11064	0	0	0	0	0	0	0	0
K12844	5	4	0	0	0	0	3	0
K07548	0	2	0	3	2	2	17	0
K12845	6	7	0	0	0	0	1	0
K11065	9	13	2	39	53	15	191	4
K07549	1	1	0	1	1	0	5	0
K12846	0	0	0	0	0	0	1	0
K11066	24	23	0	21	35	11	118	3
K11067	0	0	0	0	0	0	2	0
K12847	0	2	2	0	0	0	1	0
K12848	0	0	0	0	1	0	0	0
K11068	71	61	8	109	187	62	737	18
K12849	0	0	0	0	0	0	2	0
K11069	130	101	24	306	675	187	2015	42
K16730	0	0	0	0	0	0	0	0
K02330	0	0	0	1	0	0	1	0
K16731	0	0	0	0	0	0	0	0
K02331	0	0	0	0	0	0	0	0
K16732	4	6	1	4	11	2	17	0
K02332	0	0	0	0	2	0	0	0
K02333	0	0	0	0	0	0	0	0
K16733	0	0	0	0	0	0	1	1
K16734	0	0	0	0	0	0	0	0
K20250	0	0	0	0	0	0	1	0
K02334	11	2	5	39	15	9	222	13
K16735	0	0	0	0	0	0	0	0
K20251	0	0	0	0	0	0	0	0
K02335	297	346	144	1229	1992	444	6562	179
K20252	3	2	0	2	6	6	23	0
K02336	30	38	7	68	127	62	511	14
K20253	3	2	0	0	1	5	9	0
K02337	480	533	129	1480	2430	750	9243	222
K16738	0	0	0	0	0	0	1	0
K20254	0	0	0	0	0	0	0	0
K02338	97	145	30	415	703	191	2264	76
K20255	0	0	0	0	0	0	0	0
K16739	0	0	0	0	0	0	0	0
K02339	58	41	6	68	64	22	316	9
K20256	2	0	0	0	0	0	1	0
K20257	0	1	0	1	1	0	4	0
K20258	0	0	0	0	0	0	0	0
K06220	0	0	0	0	0	0	0	0
K06221	35	33	4	71	81	31	366	10
K06222	16	13	1	34	35	15	179	2
K04980	0	0	0	0	0	0	0	0
K06223	31	9	8	57	154	8	322	16
K11520	0	1	0	0	6	2	11	1
K06224	3	1	1	4	3	0	12	2
K04981	0	1	0	0	0	0	0	0
K06225	0	0	0	0	0	0	0	0
K11521	0	1	0	3	3	1	21	0
K04982	0	1	0	0	0	0	0	0
K06226	0	0	0	0	0	0	0	0
K11522	0	0	1	1	5	1	7	1
K04983	0	0	0	1	0	0	0	0
K06227	0	0	0	0	0	0	0	0
K11523	0	0	0	1	2	1	3	0
K04984	1	0	0	0	1	1	7	1
K11524	0	1	0	0	2	1	4	0
K06228	1	3	0	1	2	1	7	0
K04985	0	0	0	1	0	0	1	1
K06229	0	0	0	0	0	0	0	0
K04986	0	0	0	1	0	0	0	1
K11525	1	3	3	13	47	3	57	3
K04987	0	0	0	0	0	0	0	0
K11526	3	1	2	2	20	1	15	0
K04988	0	0	0	1	0	0	0	1
K11527	40	59	12	144	245	76	1036	28
K04989	0	0	0	0	0	0	0	0
K11528	45	29	8	119	124	34	471	14
K11529	104	101	12	272	369	70	1239	39
K08870	0	0	0	1	0	0	2	0
K07090	441	382	55	847	1328	393	4860	137
K15410	0	0	0	0	0	0	1	0
K08871	0	0	0	0	0	0	0	0
K07091	109	100	15	170	320	132	1392	29
K08872	0	0	0	0	1	0	2	0
K15411	0	0	0	0	0	0	0	0
K07092	1	0	0	9	17	0	39	4
K01011	129	144	44	497	887	164	2150	66
K15412	0	0	0	0	0	0	0	0
K08873	26	23	0	0	1	0	0	0
K07093	209	241	3	59	756	46	870	35
K01012	70	76	15	197	244	111	1362	29
K12390	0	0	0	0	0	0	0	0
K15413	0	0	0	0	0	0	0	0
K08874	10	5	1	3	4	1	10	1
K07094	7	9	3	1	12	4	64	5
K20710	0	0	0	0	0	0	0	0
K08875	0	0	0	0	0	0	0	0
K15414	0	0	0	1	0	0	3	1
K12391	0	0	0	1	3	0	7	0
K07095	16	33	9	87	221	44	523	16
K01014	4	6	5	64	74	16	318	10
K20711	0	0	0	0	0	0	0	0
K15415	0	0	0	0	0	0	1	0
K12392	0	0	0	0	1	0	2	0
K08876	0	0	0	0	0	0	2	0
K07096	12	14	5	80	136	27	274	18
K01015	4	5	0	2	13	2	24	0
K08877	0	0	0	0	0	0	0	0
K15416	0	0	0	0	0	0	1	0
K20712	12	15	1	13	16	33	306	4
K12393	1	0	0	1	0	0	0	0
K07097	0	0	0	8	41	3	13	0
K01016	0	0	0	1	3	2	15	0
K08878	0	0	0	0	0	0	0	0
K15417	0	0	0	0	0	0	1	0
K20713	0	0	0	0	3	0	2	2
K12394	0	0	0	0	0	0	1	1
K07098	61	147	34	310	466	76	1495	58
K01017	0	0	0	0	0	0	1	0
K08879	0	0	0	0	0	0	0	0
K20714	1	1	0	0	1	0	0	0
K15418	0	0	0	0	0	0	1	0
K12395	0	0	0	0	0	0	0	0
K07099	2	4	0	4	12	0	16	1
K15419	0	0	0	0	0	0	0	0
K01019	0	0	0	0	1	0	0	0
K20715	0	0	0	0	0	0	2	0
K12396	0	0	0	0	1	0	0	0
K20716	2	2	1	1	1	0	6	0
K12397	0	1	2	0	0	0	2	1
K20717	0	0	0	0	0	0	2	0
K12398	30	32	0	0	0	0	0	0
K20718	2	1	0	0	0	0	3	0
K12399	0	0	0	0	0	0	1	0
K20719	0	0	1	0	0	0	7	0
K16280	2	4	0	0	0	0	2	0
K03660	3	0	2	23	70	17	117	10
K03661	0	0	0	0	0	0	1	0
K16281	1	1	0	1	0	0	1	0
K10200	8	12	4	12	35	1	86	4
K03662	0	0	0	0	0	0	1	0
K16282	0	0	0	0	0	0	0	0
K10201	5	11	2	22	39	7	169	2
K16283	0	0	0	0	0	0	0	0
K03663	0	0	0	0	0	0	0	0
K10202	5	12	1	20	32	4	99	2
K10203	0	0	0	0	1	0	0	0
K16284	8	10	0	0	0	0	0	0
K03664	67	84	17	186	307	99	1113	35
K16285	0	0	0	0	0	0	0	0
K03665	132	149	52	470	823	137	1934	82
K10205	0	0	0	0	0	0	0	0
K16286	0	0	0	0	0	0	0	0
K03666	36	34	5	45	73	64	399	9
K16287	0	0	0	0	1	0	1	0
K21583	0	0	0	0	6	1	9	0
K10206	17	23	30	203	416	69	984	38
K03667	103	98	27	268	422	160	1980	47
K10207	0	0	0	0	0	0	0	0
K21584	0	0	0	1	5	7	18	0
K16288	0	0	2	2	1	0	0	1
K03668	11	13	1	22	58	2	141	5
K16289	0	0	2	0	1	0	2	0
K21585	0	0	0	7	10	3	63	3
K10208	0	0	0	4	10	0	20	2
K03669	73	58	11	123	173	79	957	17
K10209	0	0	0	0	2	0	1	0
K21587	0	0	0	0	0	0	0	0
K07550	15	13	0	7	7	4	92	2
K07552	236	245	14	230	362	154	1877	27
K07553	0	0	0	0	0	0	1	0
K07554	0	0	0	0	0	0	1	0
K12850	0	0	0	0	0	0	1	0
K11070	61	45	16	213	423	105	1249	34
K12851	0	0	0	0	0	0	1	0
K07555	1	0	0	0	0	0	0	0
K11071	66	77	29	194	463	95	1430	45
K07556	0	0	0	0	0	0	0	0
K12852	1	1	1	1	0	0	3	1
K11072	109	76	26	258	541	152	1855	42
K07557	0	0	0	1	3	0	0	0
K12853	1	0	0	0	0	0	0	0
K11073	98	65	3	99	108	83	812	4
K12854	3	3	0	1	2	0	25	0
K11074	53	34	2	69	81	40	471	6
K07558	0	0	0	3	31	4	9	1
K12855	1	1	0	0	1	0	3	1
K11075	56	46	4	74	53	59	510	14
K07559	15	17	0	17	20	8	107	5
K12856	2	3	2	2	1	1	12	0
K11076	89	48	8	97	126	77	711	16
K12857	2	0	2	5	8	0	19	3
K11077	9	6	0	3	5	1	17	1
K11078	8	6	0	2	1	0	14	0
K12858	1	0	0	0	2	0	8	0
K12859	2	0	0	0	0	0	2	0
K11079	12	4	0	4	6	1	22	0
K16740	0	0	0	1	0	0	2	0
K02340	123	122	25	289	418	74	1251	53
K16741	0	0	0	0	0	0	0	0
K02341	90	109	24	264	425	77	1277	50
K16742	0	0	0	0	0	0	0	0
K02342	191	188	34	347	840	168	2072	62
K16743	0	3	0	0	2	0	2	0
K02343	176	164	45	483	760	233	2913	84
K16744	0	0	0	0	0	0	0	0
K02344	0	0	0	0	0	0	0	0
K20260	0	1	0	0	1	0	4	0
K02345	0	0	0	0	0	0	0	0
K20261	5	3	0	3	2	0	5	0
K16745	0	0	0	0	0	0	1	0
K20262	0	0	0	1	2	0	2	0
K16746	0	0	0	0	0	0	1	0
K02346	175	214	49	638	928	140	2608	109
K20263	0	0	0	5	1	2	29	0
K16747	0	0	0	0	0	0	1	0
K02347	15	45	41	441	891	144	2071	60
K16748	0	0	0	0	0	0	0	0
K20264	2	1	0	1	6	2	18	0
K02348	29	25	2	22	36	13	147	3
K20265	1	2	17	204	67	79	725	26
K16749	0	0	0	0	0	0	2	0
K02349	3	4	0	1	1	0	10	0
K20266	32	5	1	15	13	9	106	0
K20267	9	3	0	0	0	0	6	0
K20268	0	2	0	2	0	0	6	0
K06230	0	0	0	0	0	0	0	0
K06231	0	0	0	0	1	0	0	0
K06232	0	0	0	0	0	0	0	0
K04990	0	0	0	0	0	0	2	0
K06233	0	1	0	1	2	0	5	2
K04991	0	0	0	0	0	0	0	0
K06234	0	0	0	0	0	0	0	0
K11530	2	5	0	17	14	7	65	3
K06235	0	0	0	1	0	2	4	2
K11531	22	18	1	30	18	9	67	3
K04992	0	0	0	0	0	0	0	0
K11532	30	25	2	88	112	63	554	11
K06236	0	0	0	2	2	0	10	0
K04993	0	0	0	0	0	0	0	0
K06237	0	0	0	0	1	0	7	0
K11533	0	7	3	34	27	11	135	3
K04994	0	0	0	0	0	0	0	0
K04995	0	0	0	0	0	0	0	0
K11534	6	6	0	2	6	1	22	0
K06238	0	0	1	0	3	0	1	0
K04996	0	0	0	0	0	0	0	0
K11535	0	0	0	0	9	0	3	0
K04997	0	0	0	0	0	0	0	0
K11536	0	0	0	1	1	0	5	0
K04998	0	0	0	0	0	0	0	0
K11537	9	5	3	3	14	16	133	5
K04999	0	0	0	0	0	0	0	0
K11538	0	0	0	0	0	0	3	0
K11539	0	0	0	1	1	0	5	0
K08880	1	0	0	0	1	0	0	0
K01020	0	0	0	0	2	0	0	0
K08881	0	0	0	0	0	0	0	0
K15420	0	0	0	0	0	0	0	0
K02800	7	16	0	14	80	8	87	0
K08882	0	0	0	0	0	0	0	0
K01021	0	0	1	0	4	0	3	0
K15421	0	0	0	0	1	0	1	0
K01022	0	0	0	0	2	0	0	0
K08883	0	0	0	0	0	0	1	0
K15422	0	0	0	0	0	0	0	0
K02802	9	8	3	11	37	7	90	1
K15423	0	1	0	0	1	1	4	0
K08884	282	833	292	2847	4401	828	17128	636
K02803	27	20	5	32	64	12	247	1
K01023	0	0	0	3	3	9	44	2
K20720	0	1	0	0	0	0	0	0
K15424	0	0	1	1	1	0	0	0
K01024	0	0	0	0	1	0	0	0
K08885	0	0	0	0	1	0	0	0
K02804	31	28	6	53	87	13	304	2
K15425	0	0	0	0	0	0	1	0
K20721	0	1	0	0	0	0	0	0
K19300	10	8	1	2	7	3	29	0
K08886	0	0	0	0	1	0	0	0
K02805	19	25	6	44	87	43	572	11
K01025	0	0	0	1	5	2	17	1
K20722	0	0	0	0	0	0	0	0
K08887	0	0	0	0	0	0	0	0
K19301	0	0	0	3	2	0	25	1
K15426	0	0	0	0	0	0	0	0
K02806	54	42	6	102	141	60	693	30
K01026	67	46	6	136	144	107	1104	12
K20723	0	0	0	0	0	0	0	0
K15427	0	0	0	0	0	0	1	0
K08888	0	0	0	0	0	0	1	0
K19302	134	124	47	685	904	163	2385	61
K01027	8	8	2	36	41	46	377	9
K02808	1	0	0	2	3	0	1	0
K20724	0	0	0	0	0	0	1	0
K15428	0	0	0	2	0	0	2	0
K19303	8	11	0	1	5	5	61	2
K08889	0	0	0	1	1	0	1	0
K01028	56	67	10	130	133	74	887	21
K20725	1	1	0	0	0	0	0	0
K19304	0	1	0	0	5	0	9	0
K15429	1	0	0	13	26	18	57	2
K02809	10	0	1	10	26	0	23	2
K01029	50	65	10	157	143	108	1242	21
K20726	13	14	0	0	0	0	0	0
K19305	1	0	0	1	0	0	2	1
K20727	0	0	0	0	0	0	0	0
K19306	0	0	0	1	0	0	1	0
K20728	5	6	0	0	0	0	0	0
K19307	2	0	0	1	0	0	2	2
K20729	0	0	0	0	0	0	0	0
K19308	1	0	0	0	0	0	0	0
K19309	4	0	0	2	4	0	13	3
K16290	0	0	0	0	0	0	4	0
K03670	59	51	5	75	224	59	670	4
K16291	38	21	1	54	90	16	236	6
K10210	0	1	0	9	6	4	57	1
K03671	151	157	49	407	721	168	2272	76
K16292	7	4	0	0	0	0	2	0
K10211	0	0	0	1	6	0	7	0
K03672	19	26	14	68	98	25	405	19
K16293	4	0	0	0	4	0	21	0
K10212	0	0	0	0	0	0	6	0
K03673	35	38	5	24	34	33	340	9
K16294	0	0	0	0	1	0	0	0
K03674	0	0	0	0	0	0	2	0
K10213	1	8	3	52	45	2	91	4
K21591	0	0	0	0	0	0	0	0
K16295	0	0	0	0	0	0	0	0
K10214	0	0	0	0	0	0	0	0
K03675	3	1	1	15	2	0	22	0
K21592	0	0	0	1	6	0	9	0
K16296	59	60	0	0	0	0	4	0
K10215	4	15	2	110	72	19	363	4
K03676	42	45	7	64	119	43	394	11
K16297	144	110	0	0	0	0	2	0
K10216	11	15	1	10	57	9	89	4
K21594	1	0	0	4	3	0	30	1
K16298	2	0	0	1	0	0	2	1
K10217	24	27	10	151	94	58	664	15
K03678	1	0	0	1	0	0	1	0
K21595	0	0	0	0	0	0	0	0
K16299	67	40	1	26	113	36	393	6
K10218	60	42	8	129	113	39	535	12
K03679	1	0	0	4	14	6	20	0
K21596	2	1	0	0	1	0	5	0
K10219	17	22	6	80	78	35	449	15
K21597	0	0	0	0	0	0	1	0
K21598	0	0	0	0	0	0	0	0
K07560	28	43	15	110	220	39	598	31
K14100	0	0	0	0	0	0	0	0
K07561	1	0	0	7	20	6	22	0
K14101	0	0	0	0	0	0	0	0
K07562	1	1	0	1	0	1	8	0
K14102	0	0	0	0	0	0	0	0
K12860	1	1	0	0	0	0	4	0
K11080	12	8	0	7	11	5	52	2
K14104	0	0	0	0	0	0	0	0
K12861	0	0	0	0	1	0	0	0
K11081	29	19	1	27	30	20	172	2
K07565	0	3	0	0	7	0	0	0
K14105	0	0	0	0	2	0	0	0
K12862	1	0	0	2	3	0	8	0
K11082	0	0	0	5	1	0	18	2
K07566	100	97	29	238	400	68	1232	38
K14106	0	0	0	0	0	0	1	0
K12863	0	0	0	0	0	0	0	0
K11083	0	0	1	7	4	0	7	0
K14107	0	0	0	0	0	0	0	0
K12864	1	0	1	0	0	0	2	0
K11084	1	0	1	15	8	3	47	0
K07568	132	122	43	396	619	148	2200	61
K14108	0	0	0	0	0	0	0	0
K12865	80	77	0	0	0	0	0	0
K07569	0	0	0	1	7	1	3	0
K11085	166	165	55	640	1042	367	4565	114
K14109	0	0	0	0	0	0	0	0
K11086	0	1	0	0	0	0	1	0
K12866	0	1	0	0	0	0	0	0
K12867	6	3	0	0	0	0	2	0
K11087	0	0	0	0	2	0	1	0
K11088	0	0	0	0	0	0	0	0
K12868	1	1	0	0	0	0	0	0
K12869	3	0	0	0	1	0	6	0
K11089	28	32	6	93	89	25	448	13
K16750	0	0	0	0	0	0	2	0
K02350	1	0	0	0	2	0	1	1
K16751	0	0	0	0	0	0	0	0
K02351	78	79	10	157	310	28	514	12
K16752	0	0	0	0	0	0	0	0
K02352	3	3	1	37	43	15	176	5
K02353	0	0	0	0	0	0	0	0
K16754	0	0	0	0	0	0	0	0
K02354	0	0	0	0	0	0	0	0
K16755	0	0	0	0	0	0	0	0
K20271	3	2	0	2	1	0	4	1
K02355	312	372	142	1492	2322	722	9031	220
K16756	0	0	0	0	0	0	0	0
K20272	7	2	0	0	0	0	1	0
K02356	82	88	24	213	419	185	1872	46
K16757	0	0	0	0	0	0	0	0
K20273	5	12	2	3	6	16	245	3
K02357	89	102	29	298	472	137	1631	55
K16758	0	0	0	0	0	0	0	0
K20274	2	10	7	29	83	16	323	19
K02358	182	185	58	472	658	306	3740	94
K16759	0	0	0	0	0	0	0	0
K20275	0	0	0	0	0	0	0	0
K02359	0	1	1	11	7	0	19	0
K20276	232	371	223	1551	2249	275	6108	464
K20277	0	0	0	0	0	0	0	0
K06240	0	0	0	0	0	0	1	1
K20278	0	0	0	0	0	0	0	0
K06241	0	0	0	0	0	0	0	0
K20279	14	5	1	0	1	0	1	0
K06243	0	0	0	0	0	0	0	0
K06244	0	0	0	0	0	0	0	0
K11540	1	0	0	2	25	4	47	2
K06245	0	0	0	0	0	0	0	0
K11541	0	0	0	1	8	4	32	1
K11542	0	0	0	0	0	0	0	0
K06246	0	0	0	0	0	0	0	0
K11543	0	0	0	0	0	0	0	0
K06247	0	0	0	0	0	0	1	0
K06248	0	0	0	0	0	0	0	0
K11545	0	0	0	0	0	0	0	0
K06249	0	0	0	0	0	0	1	0
K11546	0	0	0	0	0	0	0	0
K11547	2	3	0	1	0	0	6	0
K11548	0	1	0	0	2	0	1	1
K11549	0	0	0	0	0	0	0	0
K08890	0	0	0	0	0	0	0	0
K08891	0	0	0	0	0	0	0	0
K15430	201	174	0	0	0	0	1	0
K02810	10	0	1	10	26	0	23	2
K08892	0	0	0	1	1	0	2	0
K15431	5	0	0	0	3	3	34	0
K01031	30	33	3	57	50	34	369	8
K15432	0	0	0	0	0	0	0	0
K02812	0	0	0	0	0	0	0	0
K08893	0	0	0	0	0	0	0	0
K01032	37	34	1	52	53	22	365	10
K02813	0	0	0	0	1	0	0	0
K15433	0	0	1	0	0	0	0	0
K08894	1	0	0	0	1	0	1	0
K02814	1	0	0	0	1	0	0	0
K15434	0	0	0	0	0	0	0	0
K20730	0	0	0	0	0	0	0	0
K08895	0	0	0	0	1	0	1	0
K01034	7	7	1	57	37	30	326	3
K08896	0	0	0	0	0	0	0	0
K20731	0	0	0	0	0	0	2	0
K19310	1	0	0	1	0	0	3	0
K15435	0	1	0	0	0	0	0	0
K02815	0	0	0	0	0	0	0	0
K01035	6	1	1	43	26	37	323	3
K08897	0	0	0	0	0	0	0	0
K20732	0	0	0	0	0	0	0	0
K19311	1	2	2	38	49	7	88	7
K15436	2	0	0	0	3	0	2	2
K20733	0	0	0	0	0	0	0	0
K08898	0	0	0	0	0	0	1	0
K02817	0	0	0	0	1	0	1	0
K19312	0	0	0	4	14	3	36	1
K15437	4	9	1	0	1	0	7	1
K15438	0	0	0	0	0	0	0	0
K20734	0	0	0	0	0	0	0	0
K08899	0	0	0	0	0	0	0	0
K02818	7	0	0	0	3	0	1	0
K15439	0	0	0	0	0	0	0	0
K02819	7	0	0	0	3	0	1	0
K01039	16	24	11	260	295	102	880	22
K20736	0	0	0	0	0	0	0	0
K06700	0	0	0	0	0	0	0	0
K19318	2	0	0	0	0	0	2	0
K06702	0	0	0	0	0	0	0	0
K03680	0	1	1	2	11	0	8	0
K06704	0	0	0	0	1	0	0	0
K03681	0	0	0	0	0	0	1	1
K10220	27	17	26	196	160	141	1236	31
K10221	18	11	3	64	60	61	469	10
K06706	0	0	0	0	0	0	0	0
K10222	0	1	0	1	2	1	23	1
K03683	15	8	2	7	15	7	84	0
K10223	0	0	0	0	1	0	0	0
K03684	131	128	19	274	422	134	1450	31
K10224	0	0	0	0	1	0	0	0
K03685	87	90	27	231	394	55	951	35
K10225	0	0	0	0	1	0	0	0
K06709	0	0	0	0	1	0	0	1
K03686	142	192	62	689	1137	253	3288	100
K10226	0	0	0	0	1	0	0	0
K03687	69	70	13	210	328	80	1017	32
K10227	88	73	10	119	125	35	483	5
K03688	138	124	34	465	702	165	2286	54
K03689	0	0	0	0	0	0	0	0
K10228	38	45	9	52	85	23	331	8
K10229	70	62	9	84	146	58	597	6
K07570	0	0	0	1	7	0	3	0
K14110	0	0	0	0	0	0	0	0
K07571	0	0	0	6	26	1	54	2
K14111	0	0	0	0	0	0	0	0
K07572	0	0	0	2	13	2	11	0
K07573	1	0	1	2	13	4	15	1
K11090	0	0	0	0	0	0	2	0
K12870	1	0	0	0	0	0	1	0
K07574	20	20	2	12	38	17	170	4
K14114	0	0	0	0	0	0	0	0
K12871	0	0	0	0	0	0	0	0
K11091	0	0	0	0	1	0	1	0
K07575	0	0	0	4	7	1	4	1
K14115	0	0	0	0	0	0	0	0
K11092	0	1	0	0	0	0	0	0
K12872	0	0	0	1	1	0	3	0
K07576	87	68	17	166	485	115	1811	42
K14116	0	0	0	0	0	0	0	0
K12873	1	0	0	0	0	0	0	0
K11093	1	0	0	0	1	0	3	0
K07577	86	69	15	149	297	111	1096	26
K14117	0	0	0	0	0	0	0	0
K11094	0	0	0	0	0	0	1	0
K12874	0	1	0	0	1	0	5	0
K07578	0	0	1	3	10	0	5	0
K14118	0	0	0	0	0	0	0	0
K12875	2	0	0	0	0	0	0	0
K11095	0	0	0	0	0	0	0	0
K07579	0	0	1	0	0	0	4	0
K14119	0	0	0	0	0	0	0	0
K11096	1	0	0	0	0	0	1	0
K12876	0	0	0	0	0	0	0	0
K12877	0	0	0	0	0	0	0	0
K11097	0	0	0	0	1	0	0	0
K12878	0	0	0	0	1	0	0	0
K11098	0	0	0	0	0	0	1	0
K11099	0	0	0	1	0	0	0	0
K12879	0	2	0	1	1	0	4	1
K16760	0	0	0	0	0	0	1	0
K02360	0	0	0	0	0	0	0	0
K16761	0	0	0	0	0	0	0	0
K02361	8	22	1	36	46	1	58	4
K16762	0	0	0	0	0	0	0	0
K02362	10	2	0	1	6	1	12	1
K16763	0	0	0	0	0	0	0	0
K02363	7	11	4	45	51	24	201	5
K16764	0	0	0	0	0	0	0	0
K20280	0	2	0	0	0	0	0	0
K02364	21	24	1	77	78	26	383	16
K20281	0	0	0	0	0	0	0	0
K16765	0	0	0	0	0	0	0	0
K02365	9	1	0	1	0	0	4	0
K20282	0	0	0	0	0	0	1	0
K16766	0	0	0	0	0	0	2	0
K02366	0	0	0	0	0	0	4	0
K16767	0	0	0	0	0	0	0	0
K20283	2	1	0	0	0	0	2	0
K02367	0	1	0	0	0	0	2	0
K02368	0	0	0	0	0	0	0	0
K16768	0	0	0	0	0	0	0	0
K20284	0	0	0	0	0	0	0	0
K16769	0	0	0	0	0	0	0	0
K20285	0	0	0	2	13	1	11	2
K02369	0	1	0	0	0	0	2	0
K20286	0	0	0	0	0	0	0	0
K20287	0	0	0	0	0	0	0	0
K06250	0	0	0	0	0	0	0	0
K20288	1	1	0	0	1	0	1	0
K06251	0	0	0	0	0	0	0	0
K20289	0	0	0	0	0	0	0	1
K06252	0	0	0	5	3	0	12	0
K06253	0	0	0	0	0	0	0	0
K11550	0	0	0	0	0	0	0	0
K06254	0	0	0	1	1	0	0	0
K11551	0	0	0	0	0	0	0	0
K06255	0	1	0	0	1	0	1	1
K06256	0	0	0	0	0	0	0	0
K11552	0	0	0	0	1	0	0	0
K11553	0	0	0	0	0	0	0	0
K11554	0	0	0	0	0	0	0	0
K06258	0	0	0	1	1	0	0	0
K11555	0	0	0	0	0	0	0	0
K06259	0	0	0	0	0	0	2	0
K11556	0	0	0	0	0	0	0	0
K11557	0	0	0	0	0	0	0	0
K11558	0	0	0	0	0	0	0	0
K11559	0	0	0	0	0	0	0	0
K15440	0	0	0	0	0	0	0	0
K01040	11	9	16	201	197	60	707	21
K15441	0	0	0	0	0	0	3	0
K02821	14	17	0	8	17	7	120	6
K15442	0	0	0	2	4	0	6	0
K02822	0	0	0	0	2	0	3	0
K01042	27	42	33	398	613	113	1623	50
K15443	0	0	0	0	1	0	7	1
K02823	9	14	14	203	274	54	781	36
K15444	0	0	0	0	1	0	2	0
K02824	27	37	4	56	88	11	231	4
K01044	1	1	1	8	3	4	30	0
K15445	2	0	0	0	0	0	4	0
K02825	25	47	16	137	237	53	630	21
K01045	0	0	0	2	3	2	11	0
K19321	1	0	0	0	0	1	1	0
K15446	0	0	0	0	0	0	2	0
K20742	0	0	1	26	24	4	67	5
K02826	5	2	0	5	29	2	37	0
K01046	49	62	12	113	172	31	556	21
K15447	0	0	0	0	0	0	2	0
K01047	0	0	0	0	1	0	1	0
K02827	0	0	1	15	56	1	91	2
K15448	0	0	0	0	0	0	0	0
K19323	0	0	0	0	0	0	3	0
K02828	0	0	0	0	4	0	18	0
K01048	69	54	5	91	87	36	455	10
K02829	0	0	0	0	0	0	1	0
K15449	0	0	0	3	14	8	17	0
K01049	1	2	2	8	7	5	44	1
K19325	0	0	0	0	0	0	0	0
K19326	0	0	0	0	0	0	0	0
K06710	0	0	0	0	0	0	0	0
K19327	1	1	0	0	0	0	3	0
K06711	0	0	0	0	0	1	0	0
K19328	0	0	0	0	0	0	0	0
K19329	2	0	1	1	1	0	7	0
K06712	0	0	0	0	0	0	0	0
K06713	0	0	0	0	0	0	0	0
K03690	17	18	0	9	10	8	111	4
K03691	0	0	0	0	0	0	1	0
K06714	12	5	2	24	45	5	141	3
K06715	0	0	0	0	0	0	0	0
K10231	1	0	1	20	56	2	61	1
K03692	9	14	2	16	29	16	113	1
K06716	0	0	0	0	0	0	0	0
K10232	40	46	8	84	262	29	374	7
K03693	0	0	1	8	13	0	18	0
K06717	0	0	0	0	0	0	0	0
K10233	42	41	8	46	215	18	321	11
K03694	154	124	31	378	579	251	2889	61
K10234	24	38	7	62	190	11	313	6
K06718	12	2	1	14	36	7	86	5
K03695	246	241	103	964	1362	373	5703	145
K06719	0	0	0	0	0	0	0	0
K10235	44	27	1	3	16	6	55	0
K03696	122	241	119	1031	1586	294	4857	172
K10236	46	46	6	46	144	33	323	7
K03697	0	0	2	10	20	6	100	2
K10237	24	33	7	49	266	35	521	15
K03698	0	2	12	139	175	35	495	17
K10238	27	32	5	23	76	24	208	2
K03699	156	188	28	262	822	168	2092	53
K07580	0	0	0	0	3	0	1	0
K14120	0	0	0	0	0	0	0	0
K07581	0	0	0	2	10	1	5	0
K14121	0	0	0	0	0	0	0	0
K15901	0	2	0	0	0	0	0	0
K01501	37	33	6	125	169	40	564	8
K14122	0	0	0	0	0	0	0	0
K15902	0	0	0	0	0	0	0	0
K07583	0	0	0	3	21	5	9	0
K01502	6	15	7	62	70	38	360	6
K15903	0	0	0	0	0	0	0	0
K14123	0	0	0	0	0	0	0	0
K07584	0	0	0	0	0	0	0	0
K12880	0	0	1	10	1	0	20	1
K14124	0	0	0	0	0	0	0	0
K07585	0	0	0	0	0	0	0	0
K15904	0	0	0	0	1	0	0	0
K12881	1	1	0	0	0	0	1	0
K14125	0	0	0	0	0	0	0	0
K18000	1	0	0	0	0	0	1	0
K12882	1	0	0	0	0	0	1	0
K07586	2	8	2	13	28	1	40	0
K01505	39	35	11	111	104	32	490	12
K18001	0	0	0	0	0	0	0	0
K07587	0	0	0	0	0	0	0	0
K14126	1	0	1	9	23	3	65	0
K12883	0	0	0	1	0	0	1	0
K12884	0	0	0	0	0	0	0	0
K18002	0	0	0	4	7	1	18	0
K15907	0	0	0	1	2	0	3	0
K14127	0	0	0	1	6	0	0	0
K07588	22	55	42	309	486	84	1401	48
K01507	102	80	21	236	395	123	1678	43
K15908	0	0	0	0	0	0	0	0
K12885	1	1	0	0	1	0	4	0
K18003	0	0	0	0	3	1	14	0
K14128	0	0	2	5	25	1	29	0
K07589	7	2	0	0	6	1	12	1
K12886	0	0	0	0	0	0	0	0
K14129	0	0	0	3	1	0	4	0
K15909	0	0	0	0	0	0	0	0
K01509	4	0	1	0	6	0	22	3
K12887	0	0	0	0	0	0	0	0
K18005	1	1	2	12	12	4	87	4
K18006	0	0	0	1	4	3	37	1
K12888	0	0	0	0	0	0	0	0
K12889	0	0	0	0	0	0	0	0
K18007	1	2	6	57	74	11	194	3
K18008	0	0	1	5	28	1	30	0
K18009	8	10	1	63	72	30	328	10
K16770	0	0	0	0	0	0	0	0
K02370	0	1	0	0	0	0	4	0
K16771	0	0	0	0	0	0	0	0
K02371	15	33	7	128	207	36	607	18
K16772	0	0	0	0	1	0	2	0
K02372	79	48	9	172	319	98	1332	30
K16773	0	0	0	0	0	0	0	0
K02373	0	0	0	0	0	0	0	0
K02374	0	0	0	0	0	0	1	0
K20290	3	4	0	0	0	0	0	0
K16774	0	1	0	0	2	0	1	0
K16775	0	0	0	0	0	0	0	0
K02375	0	0	0	0	0	0	0	0
K20291	1	0	1	1	4	2	6	0
K02376	0	0	0	0	0	0	0	0
K16776	0	0	0	0	0	0	0	0
K20292	0	1	0	0	0	0	3	1
K16777	0	0	0	0	0	0	0	0
K20293	1	0	0	0	1	1	6	0
K02377	43	55	23	237	368	116	1767	47
K20294	1	0	0	0	0	0	0	0
K16779	0	0	0	0	0	0	0	0
K20295	0	0	0	0	0	0	4	0
K02379	73	78	21	203	277	67	1110	31
K20296	0	0	0	1	0	0	3	0
K20297	0	0	0	0	0	0	0	0
K06260	0	0	0	0	1	0	0	0
K20298	3	1	0	4	2	0	11	1
K20299	0	0	0	1	2	0	2	0
K06261	0	0	0	3	7	0	25	2
K06262	0	0	0	0	0	0	0	0
K06263	0	0	0	0	0	0	0	0
K06264	0	0	0	0	0	0	0	0
K11560	0	0	0	0	0	0	0	0
K11561	0	0	0	0	0	0	0	0
K06265	0	0	0	0	0	0	0	0
K06266	0	0	0	0	0	0	0	0
K11562	0	0	0	0	2	0	0	0
K06267	0	0	0	0	0	0	0	0
K11563	0	0	0	0	0	0	1	0
K11564	0	0	0	0	0	0	0	0
K06268	1	3	1	0	0	0	2	0
K11565	0	0	0	0	0	0	0	0
K06269	8	6	1	5	13	0	10	1
K11566	0	0	0	0	0	0	1	1
K11567	0	0	0	0	0	0	0	0
K11568	0	0	0	0	0	0	0	0
K11569	0	0	0	0	0	0	0	0
K15450	1	0	0	0	2	1	2	0
K02830	1	1	0	0	0	0	0	0
K01050	6	2	4	22	9	5	109	2
K02831	0	0	0	0	0	0	3	0
K15451	0	0	0	1	1	0	3	0
K01051	57	89	10	69	57	21	379	27
K02832	0	0	0	0	0	0	0	0
K15452	0	0	0	0	0	0	1	0
K01052	0	0	0	1	2	0	5	0
K15453	0	0	0	0	0	0	0	0
K02833	0	0	0	0	0	0	0	0
K01053	122	135	53	689	1017	325	4313	129
K15454	0	0	0	0	1	0	1	0
K02834	62	55	13	121	239	56	748	25
K01054	224	207	1	1	7	2	20	3
K20751	0	0	0	0	1	0	1	0
K15455	0	0	0	0	1	0	0	0
K19330	0	0	0	0	0	0	1	0
K02835	92	106	25	349	574	139	2122	55
K01055	66	71	16	266	375	127	1410	40
K20752	0	0	0	0	0	0	2	1
K15456	0	0	0	1	0	1	3	0
K02836	100	106	36	385	604	169	2043	53
K01056	81	91	19	212	377	96	1240	30
K15457	0	0	0	0	0	0	0	0
K19332	0	0	0	0	0	0	1	0
K02837	119	126	14	165	369	107	1657	22
K01057	81	69	12	225	300	63	929	24
K15458	0	0	0	0	0	0	1	0
K20754	2	3	0	23	71	2	115	7
K19333	14	11	1	9	14	3	52	1
K02838	87	81	28	218	384	128	1257	35
K01058	17	22	0	7	11	12	100	4
K01059	0	0	0	0	0	0	0	0
K19334	0	0	0	0	0	0	1	0
K20755	0	5	1	5	12	2	33	5
K02839	3	2	2	4	7	1	22	3
K20756	0	0	0	1	1	0	0	0
K19335	3	1	0	0	0	0	9	0
K20757	16	32	5	43	94	19	266	6
K19336	15	6	0	0	3	1	14	1
K19337	40	38	0	6	11	5	152	1
K06720	8	6	0	9	38	5	75	3
K19338	41	36	2	40	29	28	381	4
K06721	0	0	0	0	1	0	3	0
K06722	0	0	0	0	0	0	0	0
K19339	55	13	4	39	80	12	186	6
K06723	0	0	0	0	0	0	0	0
K06724	0	0	0	0	0	0	0	0
K10240	16	44	3	57	54	7	83	4
K10241	19	44	3	57	182	13	260	16
K10242	25	34	4	36	73	7	130	4
K06726	1	3	1	6	21	3	42	1
K06727	0	0	0	0	0	0	0	0
K06728	0	0	0	0	0	0	0	0
K10244	0	0	0	0	1	0	0	0
K06729	0	0	0	0	0	0	0	0
K10245	0	0	0	0	0	0	2	0
K10246	0	0	0	0	0	0	1	0
K10247	0	0	0	1	0	0	0	0
K10248	0	0	0	0	0	0	0	0
K10249	0	0	0	1	1	0	2	0
K07590	0	0	0	1	1	0	1	0
K14130	0	0	0	0	0	0	0	0
K15910	0	0	0	3	0	0	2	0
K01510	0	0	0	0	2	0	1	0
K14131	0	0	0	0	0	0	0	0
K15911	0	2	0	0	6	0	1	0
K01511	0	0	0	0	1	0	0	0
K07592	0	0	0	1	2	0	5	0
K14132	0	0	0	0	0	0	0	0
K07593	0	0	0	0	0	0	1	0
K15912	0	1	4	10	40	21	125	4
K01512	24	34	6	94	145	19	403	17
K07594	0	0	0	0	0	0	0	0
K14133	0	0	0	0	0	0	0	0
K15913	0	0	0	1	1	0	1	0
K12890	0	0	0	0	3	1	11	0
K01513	0	0	0	2	4	0	14	1
K14134	0	0	0	0	0	0	0	0
K07595	0	0	0	0	0	0	0	0
K15914	0	0	0	1	1	0	5	0
K12891	0	0	0	0	0	0	1	0
K01514	0	0	0	0	1	0	2	0
K07596	0	0	0	0	0	0	0	0
K14135	0	0	0	0	0	0	0	0
K12892	0	0	0	0	0	0	0	0
K18010	6	5	0	0	0	0	0	0
K15915	4	5	1	2	2	3	22	0
K01515	72	69	24	192	449	69	1067	42
K07597	0	0	0	0	0	0	0	0
K12893	0	1	0	0	0	0	2	0
K18011	1	6	4	31	30	1	61	5
K15916	10	17	9	91	155	4	180	14
K14136	4	3	4	32	48	3	102	5
K07598	0	0	0	0	0	0	0	0
K12894	0	0	0	0	0	0	0	0
K18012	1	9	3	48	31	2	74	1
K14137	0	0	0	0	0	0	1	0
K01517	0	0	0	0	0	0	2	0
K07599	0	0	0	0	0	0	0	0
K12895	0	0	0	0	0	0	0	0
K18013	15	18	1	65	59	36	342	9
K15918	21	14	0	2	18	4	53	0
K14138	0	0	0	1	7	0	9	0
K01518	1	3	1	5	17	2	34	2
K14139	0	0	0	0	0	0	0	0
K18014	0	3	0	22	18	3	39	2
K15919	1	1	0	3	1	1	12	0
K12896	2	0	0	0	0	0	0	0
K01519	0	0	0	1	1	0	6	0
K12897	2	2	0	0	1	0	3	0
K18015	0	0	0	0	0	0	0	0
K18016	0	0	0	0	0	0	1	0
K12898	0	1	0	0	0	0	0	0
K18017	0	0	0	0	0	0	0	0
K12899	0	0	0	0	0	0	0	0
K18018	0	0	0	0	0	0	0	0
K18019	0	0	0	0	0	0	0	0
K16780	0	0	0	0	0	0	0	0
K02380	13	8	7	40	66	20	239	15
K16781	0	0	0	1	3	1	2	0
K10700	0	0	2	16	71	26	125	2
K02381	5	12	7	57	110	7	172	14
K16782	0	0	0	0	0	0	0	0
K10701	0	0	0	26	21	4	52	1
K10702	1	0	0	0	21	2	11	1
K16783	17	7	0	6	34	2	35	1
K02383	0	0	0	1	4	0	9	1
K02384	0	0	0	0	0	0	0	0
K16784	20	17	2	18	42	2	62	3
K10703	0	0	0	0	0	0	0	0
K16785	19	65	15	105	264	10	349	16
K10704	0	0	0	0	2	0	15	2
K02385	2	5	0	5	10	1	53	2
K16786	22	77	24	203	510	13	602	34
K10705	0	0	0	0	0	0	5	0
K02386	63	48	5	46	45	26	281	5
K16787	23	81	23	214	532	16	651	36
K10706	24	30	0	1	2	0	15	0
K02387	59	40	0	34	64	27	308	9
K16788	0	0	0	0	3	0	2	0
K10707	0	0	0	0	0	0	0	0
K02388	74	53	11	124	142	36	675	24
K16789	1	0	0	0	9	0	0	0
K10708	1	1	0	3	2	0	2	0
K02389	65	47	4	45	80	24	375	12
K10709	6	2	1	0	3	0	4	0
K06270	0	0	0	1	2	0	8	0
K06271	0	0	0	1	1	0	1	0
K06272	0	0	0	0	3	0	1	0
K06273	0	0	0	0	0	0	0	0
K11570	0	0	0	0	0	0	0	0
K06274	0	0	0	0	0	0	0	0
K11571	0	0	0	0	0	0	0	0
K06275	0	0	0	0	0	0	0	0
K11572	0	0	0	0	0	0	0	0
K06276	1	0	0	0	0	0	14	0
K11573	0	0	0	0	0	0	0	0
K06277	0	0	0	0	0	0	1	0
K11574	0	0	0	0	0	0	0	0
K06278	0	0	0	0	0	0	0	0
K11575	0	0	0	0	0	0	0	0
K06279	0	0	0	0	0	0	0	0
K11576	0	0	0	0	0	0	0	0
K11577	0	0	0	0	0	0	1	0
K11578	1	0	0	0	1	0	1	0
K11579	0	0	0	0	0	0	0	0
K15460	35	33	1	38	36	13	211	4
K02840	0	0	0	2	2	0	0	0
K01060	17	28	4	53	53	1	137	10
K15461	70	33	0	20	47	9	228	3
K02841	26	21	9	107	151	38	677	24
K01061	138	156	70	930	1009	361	4843	166
K01062	3	1	0	1	1	1	13	0
K15462	0	0	0	0	1	0	0	0
K02842	0	0	0	0	0	0	1	0
K15463	0	0	0	0	0	0	0	0
K02843	37	49	26	225	369	104	1355	54
K01063	1	0	1	7	3	3	24	0
K01064	0	0	0	0	0	0	0	0
K15464	0	0	0	0	0	0	0	0
K20760	0	0	0	6	1	1	10	0
K02844	18	4	6	69	113	16	325	12
K15465	0	0	0	0	0	0	0	0
K20761	0	0	0	6	1	1	9	0
K19340	39	15	2	58	90	24	375	7
K01065	0	0	0	0	2	0	0	0
K15466	0	4	4	18	18	3	28	2
K20762	0	0	1	8	23	4	49	0
K19341	23	7	4	49	104	19	276	9
K02846	0	1	1	8	35	2	88	0
K01066	109	100	27	294	299	57	1280	38
K19342	20	6	3	14	47	9	152	3
K15467	1	0	0	4	4	1	12	0
K02847	19	34	9	56	117	35	407	16
K01067	11	10	7	49	68	29	357	7
K19343	4	1	1	15	15	6	55	3
K15468	1	20	4	67	95	14	236	9
K02848	10	0	4	12	7	0	44	3
K01068	1	1	0	2	0	1	10	0
K15469	1	3	0	4	22	0	27	0
K20765	0	2	4	62	17	21	176	8
K19344	4	1	0	1	4	0	8	0
K02849	8	9	12	100	134	43	566	19
K01069	129	126	28	408	674	182	2078	46
K20766	0	0	0	0	0	0	0	0
K19345	7	0	0	3	27	1	38	1
K19346	0	0	0	0	0	0	0	0
K06730	0	0	0	0	0	0	0	0
K20768	0	0	0	0	0	0	0	0
K19347	1	1	0	0	5	0	4	0
K20769	0	0	0	0	0	0	0	0
K19348	0	0	0	0	1	0	0	0
K19349	1	0	0	0	1	0	1	0
K06733	0	0	0	0	0	0	0	0
K06734	0	0	0	0	0	0	0	0
K10250	0	0	0	0	0	0	1	0
K06735	0	0	0	0	0	0	0	0
K10251	4	0	0	1	1	0	6	0
K06736	0	0	0	0	0	0	0	0
K10252	0	0	0	1	0	0	2	0
K06737	0	0	0	0	0	0	0	0
K10253	2	2	3	47	21	16	184	3
K06738	0	0	0	0	0	0	0	0
K10254	2	0	0	19	4	7	107	3
K06739	0	0	0	0	0	0	0	0
K10255	25	37	8	95	98	75	743	11
K10256	264	234	0	0	0	0	2	0
K10257	3	0	0	0	1	0	2	0
K10258	1	1	0	0	0	0	3	0
K10259	0	1	0	2	3	0	6	0
K14140	0	0	0	0	0	0	0	0
K15920	4	1	1	5	5	2	26	1
K01520	315	300	9	127	247	40	625	18
K15921	3	19	1	9	12	2	39	0
K01521	0	0	0	15	1	1	19	0
K14142	0	0	0	0	0	0	2	0
K01522	0	0	0	0	0	0	0	0
K15922	24	14	0	14	30	3	74	2
K14143	0	0	0	0	0	0	0	0
K15923	134	219	17	146	238	67	1235	31
K01523	46	40	2	60	56	27	368	8
K15924	12	35	8	31	20	4	80	2
K01524	207	201	56	637	791	219	2937	103
K19800	0	0	0	0	2	1	2	1
K18020	0	0	0	11	11	13	41	1
K15925	1	1	0	0	0	0	3	0
K01525	34	40	0	26	59	26	337	3
K05401	0	0	0	0	1	0	0	0
K15926	1	1	0	0	1	0	3	0
K18021	0	0	0	0	3	2	6	0
K01526	0	0	0	0	0	0	0	0
K19801	0	0	0	0	0	1	8	0
K15927	2	0	0	2	2	0	2	0
K18022	0	0	0	8	3	1	31	0
K19802	68	82	15	259	369	92	1407	37
K05402	0	0	0	0	0	0	0	0
K01527	1	0	0	0	1	0	0	1
K05403	0	0	0	0	0	0	0	0
K19803	2	0	1	0	1	0	6	0
K18023	0	0	0	0	0	0	0	0
K15928	3	3	0	6	5	0	13	0
K01528	15	14	0	0	0	0	2	0
K18024	0	0	0	0	0	0	0	0
K15929	0	0	0	5	2	0	6	0
K05404	0	0	0	0	0	0	0	0
K19804	31	41	4	39	78	41	387	4
K19805	0	0	0	0	0	0	0	0
K18025	0	0	0	0	0	0	0	0
K18026	0	0	0	0	0	0	0	0
K19806	0	0	0	0	0	0	1	0
K18027	0	0	0	0	2	0	0	0
K19807	0	0	0	0	0	0	0	0
K05408	0	0	0	0	0	0	0	0
K19808	0	0	0	0	0	0	0	0
K18028	8	3	1	48	25	28	265	6
K19809	1	1	0	0	5	0	2	0
K05409	0	0	0	0	0	0	1	0
K18029	7	12	5	60	24	35	270	11
K16790	0	0	0	0	0	0	0	0
K02390	133	105	11	130	237	67	930	32
K16791	0	0	0	0	0	0	0	0
K10710	7	14	0	3	7	0	18	0
K02391	80	59	2	46	53	25	441	13
K16792	1	4	1	6	20	4	27	4
K10711	3	1	0	0	3	0	7	0
K02392	117	87	8	110	205	71	953	31
K16793	1	1	1	1	5	0	8	0
K10712	0	1	0	0	0	0	5	0
K02393	73	55	6	35	79	29	372	9
K16794	0	0	0	13	13	2	26	0
K10713	1	8	3	56	45	15	195	7
K02394	110	92	10	81	131	29	638	9
K16795	0	2	0	0	1	0	7	0
K10714	4	6	3	23	29	8	112	3
K02395	49	38	5	57	77	17	307	7
K16796	0	0	0	0	0	0	0	0
K10715	18	25	3	19	69	31	312	4
K02396	152	149	23	214	349	84	1417	56
K16797	0	0	0	0	0	0	0	0
K10716	107	88	21	316	624	151	1771	62
K02397	96	68	3	33	124	28	462	19
K16798	0	0	0	0	0	0	0	0
K10717	30	22	0	0	3	1	6	0
K02398	17	15	0	6	22	1	61	4
K10718	0	0	0	0	0	0	0	0
K16799	0	0	0	0	0	0	1	0
K02399	9	12	0	0	7	0	16	2
K10719	0	0	0	1	0	0	5	0
K06281	13	10	31	190	218	134	1233	27
K00200	7	8	6	95	109	43	561	15
K06282	3	5	22	116	147	65	644	20
K00201	2	4	4	53	54	17	328	8
K06283	0	0	0	1	1	0	1	0
K00202	1	4	2	28	33	7	152	4
K11580	0	0	0	0	0	0	0	0
K06284	1	1	0	4	12	0	10	1
K00203	0	0	0	6	6	0	26	0
K00204	0	0	0	0	0	0	0	0
K11581	0	0	0	0	0	0	0	0
K06285	0	0	1	2	2	0	0	0
K11582	0	0	0	0	0	0	0	0
K00205	0	0	0	1	0	0	0	0
K14605	0	0	0	0	4	1	5	0
K06286	0	0	1	2	6	0	1	0
K14606	0	0	0	0	1	0	0	0
K11583	1	1	0	1	0	0	2	0
K06287	131	128	16	236	364	93	1295	41
K06288	0	0	0	0	1	0	0	0
K14607	0	0	0	2	10	1	7	0
K11584	1	1	0	2	0	2	12	1
K00207	0	0	2	21	26	13	149	5
K14608	0	0	0	0	0	0	0	0
K11585	0	0	0	0	0	0	2	0
K06289	0	0	2	4	8	2	48	0
K00208	115	110	43	438	565	230	2665	60
K22000	0	0	0	0	0	0	0	0
K14609	0	0	0	0	0	0	0	0
K11586	0	0	0	0	0	0	1	0
K00209	15	11	0	8	20	2	50	1
K22001	0	0	0	0	1	0	0	0
K11587	1	0	0	0	0	0	1	0
K11588	0	0	0	0	0	0	0	0
K22002	0	0	0	0	0	0	0	0
K11589	0	0	0	0	0	0	0	0
K22003	0	4	14	182	45	86	981	35
K22004	0	0	0	4	0	4	34	0
K22005	0	0	0	0	0	0	0	0
K15470	0	0	0	0	0	0	1	0
K02850	0	0	0	0	2	0	0	0
K01070	66	60	4	54	140	51	623	14
K15471	0	2	0	2	13	3	39	2
K02851	46	64	27	330	571	85	1483	56
K01071	8	9	2	14	41	4	56	4
K15472	0	0	0	0	0	0	0	0
K22008	0	0	0	0	0	0	4	0
K02852	0	1	0	0	2	0	4	0
K22009	0	0	0	0	0	0	0	0
K15473	0	0	0	0	1	0	3	0
K02853	1	0	0	0	1	0	3	2
K01073	2	5	0	7	22	0	57	2
K20770	0	0	0	0	0	0	0	0
K15474	0	0	1	0	1	0	9	0
K02854	4	1	0	9	3	4	19	1
K01074	0	3	0	2	1	1	4	0
K20771	0	1	0	0	0	0	3	0
K19350	0	0	0	2	3	0	2	0
K15475	0	2	0	2	1	1	8	1
K02855	7	0	0	5	6	0	28	4
K01075	31	28	7	70	64	51	380	15
K15476	0	0	0	0	0	0	0	0
K20772	0	1	0	0	0	0	1	0
K19351	0	0	0	2	3	1	15	0
K02856	6	13	4	26	8	5	204	3
K20773	0	0	0	0	0	0	0	0
K15477	1	0	1	0	0	0	3	0
K19352	0	0	0	0	1	0	1	0
K02857	0	0	0	0	0	0	0	0
K01077	142	118	24	165	518	96	1463	57
K20774	0	0	0	0	0	0	0	0
K15478	0	0	0	0	0	0	0	0
K19353	29	16	0	9	21	15	170	2
K02858	22	22	2	40	62	14	234	5
K01078	0	0	2	4	0	1	15	0
K20775	0	0	0	0	0	0	0	0
K15479	0	0	0	0	0	0	0	0
K02859	0	0	0	0	1	0	0	0
K19354	0	1	0	4	6	0	22	0
K01079	65	71	7	169	209	50	814	23
K20776	0	0	0	0	0	0	2	0
K19355	11	25	5	24	44	3	212	8
K19356	3	0	1	0	1	0	0	0
K20777	1	5	0	0	2	0	12	0
K06740	0	0	0	0	0	0	0	0
K19357	2	0	0	0	0	0	1	0
K20779	0	0	0	0	0	0	1	0
K10260	6	2	3	4	7	0	20	1
K10261	0	0	0	0	0	0	0	0
K06746	0	0	0	0	0	0	0	0
K10262	0	0	0	0	0	0	0	0
K10263	0	0	0	0	0	0	2	0
K06748	0	0	0	0	0	0	0	0
K10264	0	0	0	1	0	0	2	0
K06749	0	0	0	0	0	0	0	0
K10265	0	0	0	0	1	0	1	0
K10266	0	0	0	0	0	0	1	0
K10267	0	1	0	0	0	0	3	0
K10268	373	309	0	0	6	0	11	1
K10269	0	0	0	0	0	0	0	0
K15930	2	0	0	2	2	0	2	0
K01530	3	3	2	2	4	0	15	2
K14151	0	0	0	0	0	0	0	0
K01531	11	5	30	289	111	255	2692	24
K14152	1	0	0	0	11	0	10	1
K14153	16	22	2	26	58	21	180	8
K01533	210	185	47	538	1441	203	3426	58
K14154	0	0	0	1	3	0	8	0
K01534	71	66	13	181	401	53	1236	28
K19810	0	0	0	1	21	2	46	2
K18030	27	42	3	60	30	36	424	7
K14155	16	33	7	129	113	19	310	13
K05410	0	0	0	0	0	0	1	0
K01535	16	15	6	76	108	56	530	12
K05411	0	0	0	0	0	0	0	0
K18031	0	0	0	0	0	0	1	0
K14156	0	0	1	0	2	0	1	0
K01536	2	0	0	2	7	0	19	1
K19811	0	0	0	0	0	0	4	0
K05412	0	0	0	0	0	0	0	0
K19812	0	0	0	0	0	0	0	1
K18032	1	0	0	0	0	0	1	1
K14157	1	1	0	1	4	0	2	1
K01537	135	107	91	993	1790	365	5062	112
K18033	0	0	0	0	0	0	0	0
K19813	32	30	8	57	65	25	431	10
K14158	0	0	0	1	1	0	6	0
K05414	0	0	0	0	0	0	0	0
K18034	0	0	0	0	0	0	0	0
K19814	0	0	0	1	2	0	1	0
K14159	8	1	1	4	4	1	17	0
K01539	0	1	4	19	52	58	341	5
K19815	0	0	0	0	0	0	0	0
K18035	0	0	0	0	0	0	0	0
K19816	1	0	0	0	0	0	0	0
K18036	0	0	0	0	0	0	0	0
K05417	0	0	0	0	0	0	0	0
K19817	0	0	0	0	0	0	0	0
K18037	0	0	0	0	2	0	0	0
K19818	0	0	1	10	5	3	20	1
K18038	1	0	0	0	0	0	1	2
K19819	0	0	4	13	16	1	46	1
K18039	1	0	0	0	0	0	1	1
K10720	0	0	0	0	0	0	0	0
K09300	0	0	0	0	0	0	0	0
K10721	0	0	0	0	0	0	2	0
K09301	0	0	0	0	0	0	0	0
K10722	0	0	0	0	0	0	0	0
K09302	0	0	0	0	0	0	0	0
K10723	0	0	0	0	0	0	0	0
K09303	0	0	0	0	0	0	0	0
K10724	0	0	0	0	1	0	1	0
K09304	0	0	0	0	0	0	0	0
K10725	0	1	1	11	58	8	30	6
K09305	0	0	0	0	0	0	0	0
K10726	1	1	1	48	95	17	64	5
K09306	0	0	0	0	0	0	0	0
K10727	11	16	0	0	0	0	0	0
K09307	0	0	0	0	0	0	0	0
K10728	1	3	1	0	0	1	4	0
K09308	0	0	0	0	0	0	0	0
K10729	0	0	0	0	0	0	0	0
K09309	0	0	0	0	0	0	0	0
K06290	0	0	0	1	1	0	0	0
K06291	0	0	0	0	0	0	0	0
K14610	0	0	0	0	0	0	0	0
K00210	59	39	10	108	146	37	533	15
K14611	4	3	0	0	4	0	2	0
K06292	0	0	2	4	8	2	48	0
K00211	3	0	0	0	4	1	9	0
K14612	0	0	0	0	0	0	0	0
K06293	0	0	0	1	1	0	0	0
K00212	0	0	0	0	1	0	0	0
K14613	0	0	0	0	0	0	0	0
K11590	0	0	0	0	0	0	0	0
K06294	0	0	0	0	3	0	1	0
K00213	0	1	0	8	10	1	29	1
K14614	0	0	0	0	0	0	0	0
K11591	0	0	0	0	0	0	0	0
K06295	0	0	0	4	50	0	8	1
K00214	0	0	0	1	5	0	5	0
K14615	0	0	0	0	0	0	0	0
K11592	4	4	1	2	1	0	3	0
K06296	0	0	2	7	30	2	58	0
K00215	82	117	29	294	477	98	1541	60
K06297	0	2	0	1	27	0	3	2
K14616	1	0	0	0	5	0	5	1
K11593	109	94	0	1	3	1	10	3
K00216	8	8	0	31	47	11	152	3
K06298	0	0	0	2	11	0	15	0
K14617	0	1	0	0	2	0	0	0
K11594	358	290	0	3	3	0	18	0
K00217	19	22	4	83	78	24	436	6
K06299	0	0	0	0	0	0	1	0
K14618	0	0	0	0	0	0	1	0
K11595	0	0	0	0	0	0	0	1
K00218	39	24	5	31	17	3	89	3
K14619	0	0	0	0	0	0	0	0
K22010	13	32	10	105	177	20	573	18
K00219	135	106	17	238	212	113	1692	21
K22011	0	0	0	0	0	0	0	0
K22012	0	0	0	0	0	0	1	0
K11598	1	1	0	0	0	0	0	0
K22013	0	0	0	0	0	0	1	0
K11599	0	0	0	1	0	0	0	0
K22014	1	0	0	4	15	3	19	2
K22015	40	33	5	45	95	54	697	9
K15480	0	0	0	0	0	0	1	0
K22016	0	0	0	0	0	0	0	0
K02860	79	75	19	150	248	42	645	17
K01080	0	0	0	0	1	0	5	0
K02861	0	0	2	1	2	0	0	0
K22017	1	4	0	2	3	0	9	0
K15481	0	0	0	0	3	0	8	0
K01081	147	229	24	256	724	116	1940	58
K15482	0	0	0	0	1	0	0	0
K22018	0	0	0	0	0	0	0	0
K02862	0	2	1	28	50	5	110	3
K01082	67	81	14	156	240	42	753	29
K02863	74	90	28	259	438	138	1646	39
K01083	62	60	6	26	188	14	305	22
K15484	0	0	0	0	0	0	0	0
K01084	0	0	0	0	0	0	0	0
K20780	1	0	0	0	0	0	1	0
K02864	63	84	9	196	341	84	896	40
K15485	0	0	0	0	0	0	0	0
K20781	2	0	0	0	0	0	0	1
K19360	3	7	0	2	11	2	58	2
K02865	0	1	0	1	0	0	0	0
K01085	1	3	0	1	4	1	17	2
K15486	0	0	0	0	0	0	1	0
K19361	0	0	0	0	0	0	0	0
K20782	2	1	0	0	0	0	0	0
K02866	0	0	0	3	10	5	11	1
K01086	9	7	0	16	11	11	100	0
K15487	0	0	0	0	0	0	0	0
K19362	0	0	0	0	0	0	0	0
K20783	0	0	0	0	0	0	0	0
K02867	58	80	20	164	285	109	1190	30
K01087	49	82	9	227	405	50	773	24
K19363	0	0	0	0	0	0	0	0
K15488	0	0	0	0	0	0	0	0
K20784	0	0	0	0	0	1	3	0
K02868	1	0	0	0	0	0	1	0
K19364	1	0	0	0	0	0	0	0
K02869	0	0	0	1	8	3	1	0
K01089	62	70	7	119	130	51	628	21
K19365	1	0	0	0	0	0	3	0
K20787	4	3	0	14	8	1	12	0
K19366	12	14	0	0	0	0	0	0
K06750	0	0	0	0	0	0	0	0
K19367	1	2	0	0	0	0	2	0
K20788	1	49	0	14	42	1	83	2
K19368	0	0	0	0	0	0	0	0
K06751	0	0	0	0	0	0	0	0
K19369	0	0	0	0	0	0	0	0
K06752	0	0	0	0	0	0	0	0
K06753	0	0	0	0	0	0	1	0
K06754	0	0	0	0	0	0	1	0
K10270	0	0	0	1	0	0	0	0
K10271	0	0	0	0	0	0	0	0
K06755	0	0	0	0	0	0	1	0
K10272	0	0	0	0	0	0	1	0
K06756	0	0	0	0	1	0	2	0
K06757	0	0	0	0	0	0	1	0
K10273	1	0	0	3	1	0	9	1
K10274	0	0	0	0	0	0	0	0
K06758	0	0	0	0	0	0	1	0
K06759	0	0	0	0	1	0	1	0
K10275	0	0	0	0	0	0	1	0
K10276	0	0	1	0	0	0	0	0
K10277	2	2	2	9	7	1	50	3
K10278	0	0	0	0	0	1	1	0
K10279	0	0	0	1	1	0	1	0
K01540	0	0	0	0	0	0	0	0
K14160	80	47	5	44	65	15	380	4
K15941	0	2	0	0	4	0	1	0
K01541	0	0	1	0	0	0	3	0
K14161	174	159	13	254	354	93	1437	46
K01542	0	0	0	0	0	0	0	0
K15942	4	12	6	81	146	16	285	14
K14162	416	452	112	1066	1722	514	6429	171
K01543	0	0	0	0	0	0	0	0
K15943	0	0	0	1	0	0	3	1
K14163	0	0	0	2	2	0	14	0
K15944	0	0	2	1	1	0	12	1
K14164	3	7	5	17	59	3	94	6
K01544	0	0	0	0	0	0	0	0
K01545	1	0	0	0	0	0	0	0
K19820	0	4	10	171	81	23	548	10
K18040	0	0	0	0	0	0	0	0
K15945	0	3	3	30	39	3	95	5
K14165	2	10	3	11	34	1	46	2
K05421	0	0	0	0	0	0	0	0
K19821	0	0	0	0	1	0	1	0
K18041	0	0	0	1	0	0	1	0
K14166	31	39	16	198	294	33	526	36
K01546	82	79	45	448	145	242	3015	62
K14167	0	0	0	0	0	0	0	0
K19822	0	0	0	0	0	0	1	0
K18042	0	0	0	0	0	0	0	0
K01547	99	84	41	515	160	273	3857	70
K19823	0	0	0	0	0	0	1	0
K18043	0	0	0	0	0	0	1	0
K14168	0	0	0	0	0	0	0	0
K01548	45	25	12	177	60	56	820	17
K19824	0	0	0	0	0	0	0	0
K01549	0	0	0	0	0	0	0	0
K14169	0	0	0	0	0	0	0	0
K18044	0	0	0	0	0	0	0	0
K19825	0	1	0	0	0	0	0	0
K18045	0	0	0	0	3	0	2	0
K19826	0	1	0	1	2	0	11	0
K18046	0	0	0	0	0	0	1	0
K19827	0	0	0	0	0	0	2	0
K18047	0	0	0	0	0	0	0	0
K18048	0	0	0	1	0	0	2	0
K19828	1	1	0	0	0	0	1	0
K18049	0	0	0	0	2	0	0	0
K19829	0	0	0	0	0	0	1	0
K10730	1	0	0	0	0	0	7	0
K09310	0	0	0	0	0	0	0	0
K10731	0	0	0	1	0	0	2	0
K09311	0	0	0	0	0	0	0	0
K10732	0	0	0	0	0	0	1	0
K09312	0	0	0	0	0	0	0	0
K10733	4	1	0	0	0	0	0	0
K10734	0	1	0	0	0	0	0	0
K09313	1	1	0	0	1	0	4	0
K09314	0	0	0	0	0	0	0	0
K10735	0	0	0	0	0	0	0	0
K09315	0	0	0	0	0	0	0	0
K10736	0	0	0	0	0	0	0	0
K10737	0	2	0	0	1	0	0	0
K09317	0	0	0	0	0	0	0	0
K10738	0	0	0	0	0	0	2	0
K09318	0	0	0	0	0	0	0	0
K10739	0	1	0	0	0	0	1	0
K09319	0	0	0	0	0	0	0	0
K14620	0	0	0	0	0	0	0	0
K00220	64	31	7	86	101	32	450	12
K14621	0	0	0	0	1	0	1	0
K00221	3	1	0	20	14	0	8	0
K00222	0	0	0	5	2	1	40	1
K14623	1	3	0	14	5	1	37	2
K00223	1	0	1	4	7	0	16	1
K18500	0	0	0	0	0	0	0	0
K04100	9	8	1	24	22	19	216	2
K00225	2	2	0	1	2	1	9	0
K18501	0	0	0	0	0	3	7	0
K14626	0	2	0	0	1	0	8	0
K04101	18	26	12	143	130	80	813	23
K00226	34	29	21	175	317	114	1323	34
K14627	0	1	0	1	0	0	1	0
K04102	5	1	15	166	93	130	882	28
K00227	0	1	2	5	22	8	67	3
K14628	0	0	0	2	1	0	3	0
K04103	5	7	4	112	51	50	422	13
K00228	78	89	12	98	149	81	794	11
K22020	0	0	0	0	1	1	5	0
K14629	2	0	1	10	4	1	8	1
K04105	0	1	7	86	50	55	389	18
K22023	0	0	0	0	0	0	0	0
K04107	3	2	2	24	18	9	97	5
K22024	48	55	9	86	223	54	765	21
K04108	2	4	12	195	161	115	825	32
K22025	58	42	8	132	80	35	515	21
K04109	2	6	6	107	68	33	357	10
K15490	0	0	0	1	1	0	2	0
K02870	0	0	0	0	1	0	0	0
K22026	0	0	0	2	8	0	10	0
K01090	79	120	28	315	387	91	1463	37
K15491	0	0	0	0	0	0	0	0
K22027	5	28	18	208	240	59	870	35
K02871	63	64	19	200	315	131	1175	32
K01091	203	145	29	330	500	142	1849	46
K22028	0	0	0	0	0	0	0	0
K02872	0	0	0	1	0	0	1	0
K15492	0	1	1	3	3	3	26	1
K01092	245	212	39	570	873	185	2768	72
K22029	0	0	0	0	0	0	0	0
K02873	0	0	0	5	2	0	1	1
K01093	0	0	0	7	1	2	61	2
K01094	0	0	0	0	0	0	1	0
K20790	0	0	0	0	2	0	1	1
K02874	61	58	6	184	269	91	898	30
K19370	0	0	0	0	0	0	0	1
K20791	0	2	0	0	1	0	0	0
K15495	0	0	1	32	7	3	54	7
K02875	4	1	1	0	0	0	1	0
K01095	19	15	4	44	62	21	341	6
K20792	0	1	0	1	1	0	7	0
K19371	0	1	0	0	5	1	4	0
K15496	17	29	5	52	71	11	222	7
K02876	80	64	16	199	288	70	861	40
K01096	2	3	1	7	36	9	83	0
K01097	0	1	0	0	0	0	2	0
K19372	0	0	0	0	0	0	0	0
K20793	0	0	0	0	0	0	0	2
K15497	2	6	0	18	32	23	97	6
K02877	0	0	1	1	13	3	9	0
K20794	0	1	1	0	0	0	2	0
K19373	0	0	0	1	3	0	1	0
K15498	0	0	0	0	0	0	1	0
K02878	67	70	25	179	266	86	994	19
K01098	0	0	0	0	0	0	1	1
K20795	0	0	0	0	0	0	0	0
K19374	0	0	0	1	0	0	2	0
K15499	0	0	0	0	0	0	0	0
K02879	57	64	17	184	273	73	859	33
K01099	14	5	0	0	0	0	2	0
K20796	0	0	0	0	0	0	1	0
K19375	2	0	0	0	1	1	0	0
K20797	0	0	0	0	0	0	0	0
K20798	1	2	0	0	0	0	2	0
K06760	0	0	0	0	1	0	2	0
K20799	0	0	0	0	0	0	1	0
K06761	0	0	0	0	1	0	1	0
K06762	0	0	0	0	1	0	1	0
K06763	0	0	0	0	0	0	1	0
K06764	0	0	0	0	0	0	1	0
K10280	0	0	0	0	0	0	2	1
K10281	0	0	0	0	0	0	0	0
K06765	0	0	0	0	0	0	0	0
K06766	0	0	0	0	0	0	0	0
K10282	0	0	0	0	0	0	1	0
K10283	0	0	0	0	1	0	0	0
K06767	0	0	0	0	1	0	1	0
K10284	0	0	0	0	0	0	0	0
K06768	0	0	1	0	1	0	0	0
K06769	0	0	0	0	0	0	0	0
K10285	0	0	0	0	0	0	0	0
K10287	0	0	0	0	0	0	0	0
K10288	0	0	0	0	0	0	0	0
K10289	0	0	0	1	0	0	2	1
K14170	48	66	16	125	259	62	892	22
K14171	0	0	0	0	0	0	0	0
K01551	20	30	15	153	412	41	593	15
K14172	0	0	0	0	0	0	0	0
K14173	0	0	0	0	0	0	0	0
K14174	0	1	0	0	0	0	0	0
K19830	0	0	0	0	0	0	0	0
K18050	0	0	0	0	1	0	5	0
K14175	7	4	0	0	0	0	0	0
K01555	36	46	15	219	243	69	881	23
K19831	0	0	0	0	0	0	0	0
K18051	0	0	0	0	0	0	0	0
K01556	64	81	17	275	368	106	1475	34
K19832	0	0	0	0	0	0	0	0
K18052	0	0	0	0	0	0	3	0
K01557	1	0	0	0	0	0	10	0
K01558	0	0	0	0	0	0	0	0
K19833	0	0	0	0	0	0	3	0
K18053	2	2	0	2	9	0	7	1
K18054	0	0	0	0	0	0	0	0
K18055	0	1	1	4	6	0	21	1
K19836	0	0	0	0	0	0	0	0
K18056	1	0	0	3	12	0	32	0
K05437	0	0	0	0	0	0	0	0
K18057	0	0	0	0	1	0	1	0
K19837	5	8	3	54	23	9	267	8
K05438	0	0	0	0	0	0	0	0
K19838	0	0	0	0	0	0	2	0
K18058	1	3	0	2	1	0	3	1
K18059	2	0	0	0	1	0	7	0
K19839	0	0	0	0	0	0	1	1
K10740	0	0	0	0	0	0	1	0
K09320	0	0	0	0	0	0	0	0
K10741	0	0	0	0	0	0	0	0
K09321	0	0	0	0	0	0	1	0
K10742	7	3	0	6	22	0	49	1
K09322	0	0	0	0	0	0	0	0
K10743	1	0	0	0	1	0	0	0
K09323	0	0	0	0	0	0	0	0
K10744	0	0	0	0	0	0	0	0
K09324	0	0	0	0	0	0	0	0
K10745	0	0	1	0	0	0	0	0
K09325	0	0	0	0	0	0	0	0
K10746	2	0	0	1	1	0	2	0
K09326	0	0	0	0	0	0	0	0
K10747	166	193	49	616	1065	237	3181	89
K09327	0	0	0	0	0	0	0	0
K10748	0	0	0	0	0	0	0	0
K10749	0	0	0	0	0	0	0	0
K09328	0	0	0	0	0	0	0	0
K09329	0	0	0	0	0	0	0	0
K14630	0	3	1	6	6	1	20	0
K00230	1	1	4	34	126	16	298	6
K14631	0	0	0	2	6	0	7	1
K00231	15	32	22	269	425	42	994	42
K14632	0	0	0	0	1	0	0	0
K00232	22	41	2	57	77	15	157	5
K14633	1	0	0	11	19	1	33	2
K14634	0	0	0	0	0	0	3	0
K00234	2	1	0	7	4	3	45	0
K14635	0	0	0	0	0	0	1	0
K04110	17	29	11	183	202	86	938	29
K00235	0	0	0	0	0	0	12	0
K14636	0	0	0	0	1	0	0	0
K00236	1	0	0	0	2	0	4	0
K14637	0	0	0	1	0	0	5	0
K04112	0	0	4	25	40	18	115	0
K00237	0	2	0	2	0	1	5	0
K14638	333	271	0	0	1	0	25	0
K04113	0	0	4	31	53	21	143	0
K22030	0	0	1	0	0	0	1	0
K14639	0	0	0	0	0	0	0	0
K04114	0	0	2	20	16	7	73	0
K00239	224	239	97	982	1324	476	6140	158
K22031	0	0	0	0	0	0	0	0
K04115	0	0	1	13	22	6	45	0
K22032	0	0	0	0	0	0	0	0
K04116	5	5	1	82	50	22	366	15
K22033	3	5	0	1	10	0	5	1
K04117	2	1	0	15	20	11	99	3
K04118	5	6	0	2	3	0	32	0
K04119	0	0	0	0	1	0	0	0
K02880	1	0	0	0	0	0	0	0
K22037	0	0	0	0	0	0	2	1
K02881	59	66	18	175	262	48	657	19
K08000	0	0	0	0	0	0	0	0
K22038	0	0	0	0	0	0	0	0
K02882	4	0	0	0	1	0	5	0
K08001	0	0	0	0	0	0	1	0
K02883	0	0	0	4	12	2	5	0
K08002	0	0	0	2	8	0	11	0
K02884	64	60	16	159	264	73	724	21
K08003	0	0	0	3	2	0	7	0
K02885	3	0	0	2	13	1	3	1
K13300	0	0	0	2	13	0	15	3
K08004	0	0	0	1	2	0	2	0
K02886	98	116	30	294	492	171	1850	57
K13301	0	0	0	0	0	0	0	0
K08005	0	0	0	0	0	0	2	0
K19382	0	0	0	0	0	0	0	0
K02887	69	58	27	178	287	78	1003	30
K19383	0	0	0	0	0	0	0	0
K13302	0	0	0	0	0	0	3	0
K08006	0	0	0	0	2	0	3	0
K02888	51	60	14	142	214	64	629	18
K19384	0	0	0	0	0	0	0	0
K08007	0	0	0	0	0	0	0	0
K13303	1	0	0	1	3	0	11	0
K02889	0	0	0	1	8	0	5	1
K13304	0	0	0	0	0	0	0	0
K08008	0	0	0	0	1	0	0	0
K19385	0	0	0	0	0	0	0	0
K08009	0	0	0	0	0	0	0	0
K13305	0	0	0	1	0	0	0	0
K19386	0	1	0	0	0	0	0	1
K06770	0	0	0	0	0	0	0	0
K19387	0	0	0	0	0	0	0	0
K06771	0	0	0	0	0	0	0	0
K13307	1	0	0	5	5	1	25	4
K06772	0	0	0	0	0	0	0	0
K13308	0	0	2	14	31	1	33	0
K06773	0	0	0	0	0	0	0	0
K13309	0	0	0	2	2	0	3	1
K06774	0	0	0	0	0	0	0	0
K10290	0	0	0	0	0	0	0	0
K10291	0	0	0	0	0	0	0	0
K06775	0	0	0	0	0	0	0	0
K10292	0	0	0	0	0	0	0	0
K06776	0	0	0	0	0	0	0	1
K10293	0	0	0	0	0	0	1	0
K06777	0	0	0	0	1	0	0	0
K10294	0	0	0	0	0	0	0	0
K06778	0	0	0	0	0	0	0	0
K06779	0	0	0	0	0	0	0	0
K10295	0	0	0	0	1	0	0	0
K10296	0	0	0	0	0	0	1	0
K10297	4	12	2	19	37	5	87	9
K10298	0	0	0	0	0	0	0	0
K10299	0	0	0	0	0	0	0	0
K14180	0	0	0	0	0	0	0	0
K01560	87	108	28	338	461	159	1679	48
K14181	0	0	0	0	0	0	0	0
K01561	43	44	10	180	220	64	831	22
K14182	0	0	0	0	0	0	5	0
K01562	0	0	1	4	2	0	6	0
K14183	2	1	0	0	0	0	0	0
K01563	27	31	23	236	301	47	754	31
K14184	9	5	0	0	0	0	5	0
K18060	0	0	0	0	0	0	0	0
K19840	0	0	0	0	0	0	3	0
K01565	13	5	0	13	37	3	75	2
K05441	0	0	0	0	0	0	0	0
K19841	0	0	0	0	0	0	1	0
K18061	0	0	0	0	0	0	0	0
K05442	0	0	0	0	0	0	0	0
K01567	2	0	0	1	5	0	6	0
K19842	1	0	0	1	1	0	3	2
K18062	0	0	0	0	1	0	2	0
K14187	3	7	2	13	36	4	86	3
K15968	0	0	0	1	0	0	0	0
K19843	0	0	0	0	1	0	3	2
K18063	0	0	0	2	1	0	3	0
K14188	2	0	1	4	3	4	29	2
K01568	2	11	0	33	9	17	151	9
K18064	0	0	0	0	1	0	1	0
K19844	2	0	0	0	0	0	1	0
K15969	0	0	0	2	2	0	8	0
K14189	42	29	4	14	14	10	147	1
K01569	1	0	5	91	22	33	363	6
K05445	0	0	0	0	0	0	0	0
K18065	0	0	0	0	1	0	1	0
K19845	0	0	0	0	0	0	0	0
K19846	0	0	0	0	0	0	0	1
K18066	0	0	0	0	0	0	0	1
K19847	0	0	0	0	0	0	0	0
K18067	3	6	1	29	26	17	181	4
K05448	0	0	0	0	0	0	0	0
K19848	0	0	0	0	0	0	0	0
K18068	4	22	3	45	34	40	425	8
K05449	0	0	0	0	0	0	0	0
K19849	0	0	0	0	0	0	0	0
K18069	2	5	3	13	2	6	78	0
K10750	0	0	0	0	0	0	1	0
K09330	0	0	0	0	0	0	0	0
K10751	0	0	1	3	4	0	6	0
K09331	0	0	0	0	0	0	0	0
K10752	1	1	0	2	1	0	3	0
K09332	0	0	0	0	0	0	0	0
K10753	0	0	0	0	1	0	0	0
K09333	0	0	0	0	0	0	0	0
K10754	0	0	0	3	2	0	34	0
K09334	0	0	0	0	0	0	0	0
K10755	1	0	0	0	1	0	2	0
K09335	0	0	0	0	0	0	1	0
K10756	24	15	0	0	1	0	5	1
K09336	0	0	0	0	0	0	1	0
K10757	0	1	0	0	0	0	2	0
K09337	0	0	0	0	0	0	0	0
K10758	1	0	0	0	1	0	1	0
K10759	0	0	0	0	0	0	1	0
K09338	10	10	0	0	0	0	5	0
K09339	0	0	0	0	0	0	0	0
K14640	0	0	0	0	1	0	2	0
K00240	93	129	35	374	603	218	2588	65
K14641	2	2	0	0	0	0	1	0
K00241	71	92	15	181	316	119	1347	41
K14642	0	0	0	1	0	0	2	0
K00242	59	55	3	69	95	44	435	6
K14643	0	0	0	0	0	0	0	0
K00243	9	11	0	0	6	1	34	3
K14644	0	0	0	0	1	0	1	0
K00244	11	22	13	261	257	134	1514	33
K14645	107	143	35	292	753	95	2003	77
K04120	14	7	0	1	2	0	5	1
K00245	5	11	4	65	94	38	390	16
K05901	0	0	0	0	1	0	0	0
K04121	5	2	0	0	0	0	1	0
K00246	2	0	0	25	23	27	195	3
K04122	0	0	0	0	0	1	0	0
K14647	1	5	2	44	120	13	193	12
K00247	1	2	2	17	29	7	98	2
K14648	0	1	0	0	5	0	2	0
K04123	0	3	0	0	0	0	3	1
K00248	95	158	66	770	936	246	3319	78
K22040	0	0	0	0	0	0	0	0
K14649	0	1	0	0	0	0	0	1
K04124	1	0	0	0	0	0	0	0
K00249	422	529	156	2232	2297	887	11735	302
K22041	4	3	0	1	0	1	13	0
K04125	63	70	0	0	1	0	1	1
K05906	0	0	0	0	1	0	1	2
K22042	28	11	1	9	28	7	58	0
K04126	0	0	0	9	7	2	16	0
K05907	0	0	0	0	2	0	4	0
K22043	0	0	0	0	6	1	7	0
K04127	14	27	9	92	192	28	535	15
K22044	81	96	17	224	384	76	1028	33
K04128	1	1	0	8	7	0	22	1
K04129	0	0	0	0	0	0	0	0
K22045	0	0	0	0	0	0	1	0
K18529	0	0	0	0	1	0	2	0
K05909	36	29	0	0	0	0	9	0
K22046	0	0	0	0	0	0	1	0
K02890	57	47	15	165	280	82	815	29
K22047	1	0	0	0	0	0	1	0
K02891	0	0	0	0	1	0	1	0
K22048	8	13	0	0	1	0	3	0
K08010	0	0	0	0	0	0	0	0
K02892	58	62	13	142	230	114	813	31
K08011	0	0	0	0	0	0	0	0
K02893	0	0	0	0	0	0	1	0
K08012	0	0	0	0	0	0	0	0
K02894	0	0	0	1	0	0	1	0
K08013	0	0	0	0	1	0	0	0
K02895	47	46	11	141	248	129	959	29
K08014	0	0	0	0	0	0	2	0
K13310	3	2	1	24	23	2	54	6
K02896	0	0	0	2	2	2	2	0
K08015	0	0	0	0	0	0	0	0
K13311	1	1	1	2	12	1	31	1
K02897	79	90	20	211	350	107	1101	29
K08016	0	0	0	0	0	0	0	0
K13312	0	0	0	2	1	0	4	0
K02898	9	8	0	0	0	0	1	0
K13313	0	0	0	0	2	0	1	0
K08017	0	0	0	0	0	0	0	0
K02899	52	41	12	112	183	44	568	22
K08018	0	0	0	0	0	0	0	0
K08019	0	0	0	0	0	0	2	0
K13315	7	5	2	27	32	5	92	5
K06780	0	0	0	0	0	0	0	0
K13316	0	2	0	4	3	0	5	0
K06781	0	0	0	0	0	0	0	0
K19398	0	0	0	0	0	0	0	0
K13317	1	1	0	2	29	1	47	0
K00700	211	219	68	722	1198	333	4273	102
K06782	0	0	0	0	0	0	0	0
K19399	0	0	0	0	0	0	0	0
K13318	0	3	1	13	11	3	50	1
K00701	16	14	0	2	16	3	81	0
K06783	0	0	0	0	0	0	0	0
K00702	26	42	19	133	272	143	1996	25
K06784	0	0	0	0	0	0	0	0
K00703	126	120	27	254	414	135	1856	35
K06785	0	0	0	0	0	0	0	0
K00704	0	0	0	0	0	0	0	0
K17200	0	0	0	0	0	0	0	0
K00705	117	163	48	573	920	192	2925	63
K06787	0	0	0	0	0	0	0	0
K17201	0	0	0	0	0	0	0	0
K00706	1	0	1	0	1	0	5	1
K17202	29	17	2	23	18	9	153	5
K06789	0	0	0	0	0	0	0	0
K17203	39	31	1	29	43	22	248	2
K00709	0	0	0	0	0	0	0	0
K17204	40	28	2	34	11	15	173	6
K17205	8	0	1	15	4	2	92	2
K22502	0	0	0	2	14	0	11	1
K17206	5	7	3	19	21	5	127	2
K22503	1	0	0	6	5	0	17	4
K17207	5	0	0	4	4	3	35	0
K22504	32	31	2	3	7	1	50	0
K17208	4	2	0	0	0	0	14	1
K22505	0	0	0	0	0	0	0	0
K17209	8	16	0	16	42	7	138	2
K15970	0	0	0	3	0	1	2	0
K14190	0	0	0	0	0	1	1	0
K22506	6	5	0	2	3	1	9	0
K15971	0	0	0	0	0	0	2	0
K22507	0	0	0	0	1	1	0	0
K14191	0	0	0	1	5	0	5	0
K01571	13	6	9	121	142	95	548	11
K22508	0	0	0	0	0	0	2	0
K15972	0	3	2	20	16	5	95	4
K14192	0	0	0	0	0	0	1	0
K01572	10	5	1	6	45	18	65	0
K14193	0	0	0	0	0	0	0	0
K22509	0	0	0	0	0	0	0	0
K15973	2	1	3	23	32	5	93	5
K01573	4	0	0	0	1	0	2	0
K15974	3	0	0	2	0	1	14	1
K14194	0	5	11	44	70	8	210	18
K01574	9	7	5	80	39	37	445	8
K05450	0	0	0	0	0	0	0	0
K19850	0	0	0	0	0	0	0	0
K14195	0	0	0	0	0	0	3	0
K18070	0	0	0	3	0	0	13	0
K15975	62	55	10	164	440	81	908	18
K01575	4	4	1	12	22	4	51	3
K19851	0	0	0	0	0	0	0	0
K14196	0	0	0	0	0	0	0	0
K15976	1	0	0	0	0	0	0	0
K18071	1	0	0	28	8	1	40	1
K05451	0	0	0	0	0	0	0	0
K01576	29	28	38	620	422	234	2495	95
K19852	0	0	1	1	0	0	0	0
K18072	1	0	0	0	0	0	9	0
K15977	157	119	25	395	496	245	2246	63
K14197	0	0	0	0	1	0	1	0
K01577	14	21	9	158	105	96	933	18
K15978	0	0	0	0	0	0	0	0
K05453	0	0	0	0	0	0	0	0
K18073	6	6	0	4	4	2	32	0
K01578	31	38	9	119	91	31	471	11
K05454	0	0	0	0	0	0	0	0
K18074	2	7	3	39	16	14	166	6
K15979	4	0	0	1	0	0	3	0
K01579	33	39	3	37	107	19	288	6
K05455	0	0	0	0	0	0	0	0
K18075	0	2	1	11	0	2	35	1
K05456	0	0	0	0	0	0	0	0
K19856	0	3	0	8	9	1	23	0
K18076	0	0	0	0	0	0	8	0
K18077	1	0	0	0	2	0	7	0
K19857	0	3	1	13	11	3	50	1
K05458	0	0	0	0	0	0	0	0
K18078	0	0	0	0	0	0	1	0
K05459	0	0	0	0	0	0	0	0
K18079	0	0	0	0	1	0	0	0
K10760	0	0	0	0	0	0	0	0
K09340	0	0	0	0	0	0	0	0
K10761	2	0	0	0	0	0	0	1
K09341	0	0	0	0	0	0	0	0
K10762	0	0	0	0	0	0	0	0
K09342	0	0	0	0	0	0	0	0
K10763	26	30	0	8	24	9	175	1
K09343	0	0	0	0	0	0	0	0
K10764	80	62	19	143	155	72	822	13
K09344	0	0	0	0	0	0	0	0
K10765	0	0	0	0	1	0	1	0
K09345	0	0	0	0	0	0	0	0
K10766	0	0	0	1	0	0	1	0
K09346	0	0	0	0	0	0	0	0
K10767	0	0	0	0	0	0	0	0
K09347	0	0	0	0	0	0	0	0
K10768	0	0	0	0	1	0	2	0
K09348	0	0	0	0	0	0	0	0
K10769	0	0	0	0	2	0	5	0
K09349	0	0	0	0	0	0	0	0
K14650	0	0	0	0	1	0	1	0
K00251	0	0	0	0	1	0	0	0
K14651	2	0	0	0	0	0	0	0
K14652	142	130	35	444	730	200	2917	68
K00252	107	158	16	390	579	208	2458	57
K14653	0	0	0	0	0	0	0	0
K00253	77	71	14	170	237	108	1366	15
K14654	0	0	0	4	16	3	22	1
K00254	110	119	16	191	349	90	1319	30
K04130	0	0	0	0	0	0	0	0
K05910	0	0	0	0	0	1	2	0
K18530	2	0	0	1	0	0	0	0
K14655	0	0	0	0	1	0	3	0
K00255	7	16	5	67	68	26	285	5
K18531	0	0	0	0	0	0	0	0
K04131	0	0	0	0	0	0	0	0
K14656	0	0	0	2	15	4	10	0
K00256	12	34	9	242	148	74	920	42
K04132	0	0	0	0	0	0	0	0
K18532	5	1	0	8	16	2	12	0
K14657	4	4	0	6	4	6	60	1
K00257	7	13	7	115	92	15	303	11
K04133	0	0	0	0	0	0	0	0
K18533	0	0	0	2	1	0	0	0
K14658	1	3	3	8	20	22	123	5
K05913	3	3	0	14	8	10	76	1
K04134	0	0	0	0	0	0	0	0
K18534	0	1	0	12	14	3	58	2
K14659	0	2	0	13	4	5	59	0
K00259	88	134	27	312	603	140	2053	37
K04135	0	0	0	0	0	0	0	0
K22051	16	3	3	9	15	5	66	4
K05916	39	33	7	66	92	22	400	17
K04136	0	0	0	0	0	0	2	0
K04137	0	0	0	0	0	0	0	0
K18537	0	1	0	6	12	3	40	1
K05917	30	22	2	21	22	3	110	5
K04138	0	0	0	0	0	0	0	0
K18538	0	1	0	0	5	0	15	0
K04139	0	0	0	0	0	0	0	0
K18539	0	0	1	4	2	0	7	0
K05919	0	0	0	1	5	4	18	0
K22058	0	0	0	0	0	0	0	0
K08020	0	0	0	0	0	0	0	0
K09800	308	265	33	368	825	128	2087	87
K09801	11	14	0	6	9	5	69	0
K08021	0	2	0	0	1	0	3	0
K09802	0	0	0	0	0	0	0	0
K08022	0	2	0	0	1	0	3	0
K08023	0	0	0	0	2	0	1	0
K09803	22	10	3	27	106	20	228	9
K08024	0	0	0	0	0	0	0	0
K09804	1	6	2	17	25	11	103	2
K08025	0	0	0	0	0	0	0	0
K09805	1	0	0	0	1	0	4	0
K08026	0	0	0	0	0	0	0	0
K13322	0	3	1	13	11	3	50	1
K09806	40	19	4	70	73	42	575	16
K08027	0	0	0	0	0	0	0	0
K09807	70	80	15	114	274	39	623	14
K08028	0	0	0	0	0	0	0	0
K09808	149	153	32	343	590	276	2883	63
K08029	0	0	0	0	0	0	0	0
K09809	23	37	4	90	117	11	271	13
K13326	0	1	0	2	12	0	29	1
K06791	0	0	0	0	0	0	0	0
K13327	2	8	0	15	12	4	77	4
K00710	0	0	0	0	3	0	9	1
K06792	0	1	0	0	0	0	1	0
K13328	3	4	2	22	25	6	135	2
K06793	0	1	0	0	0	0	1	0
K00712	4	27	3	25	32	6	86	3
K06794	0	1	0	1	0	0	2	0
K00713	0	1	2	11	30	5	82	4
K00714	0	0	0	0	0	0	0	0
K06795	0	0	0	1	1	0	0	0
K06796	0	0	0	0	0	0	0	0
K00715	0	0	0	0	0	0	0	0
K17210	45	35	0	13	43	8	170	0
K06797	0	0	0	0	0	0	0	0
K00716	0	0	0	0	0	0	0	0
K17212	0	1	0	0	0	0	0	0
K06798	0	0	0	0	0	0	0	0
K00717	0	0	0	0	0	0	0	0
K00718	0	0	0	0	0	0	0	0
K06799	0	0	0	0	0	0	0	0
K17213	99	64	3	43	75	13	283	3
K00719	0	0	0	0	0	0	0	0
K22510	5	4	0	0	4	2	28	0
K17214	24	16	4	28	25	5	139	1
K22511	0	0	0	0	0	0	0	0
K17215	63	44	3	20	43	12	235	6
K22512	0	0	0	0	0	0	0	0
K17216	1	0	0	4	7	1	19	0
K22513	0	0	0	0	0	0	0	0
K17217	0	3	4	57	62	31	272	7
K22514	0	0	0	0	0	0	0	0
K17218	59	44	18	259	543	88	1161	33
K17219	0	0	0	0	0	3	15	0
K15980	0	0	0	2	6	0	16	0
K01580	13	28	20	194	128	49	705	20
K15981	3	11	5	134	77	21	455	10
K01581	73	46	18	253	234	131	1669	34
K15982	0	10	3	30	24	13	131	2
K01582	20	11	0	17	46	19	188	5
K15983	6	4	1	39	31	7	141	7
K01583	5	4	2	16	32	13	128	4
K15984	9	4	3	11	58	8	124	2
K01584	50	44	15	197	69	186	2012	31
K05460	0	0	0	0	0	0	0	0
K18080	0	0	0	0	0	0	0	0
K19860	1	0	0	0	2	0	1	0
K01585	64	83	30	235	508	164	1978	53
K05461	0	0	0	0	0	0	0	0
K12000	0	0	0	0	0	0	1	0
K19861	33	26	0	0	0	1	2	0
K18081	75	51	0	0	1	0	3	1
K15986	2	2	2	25	75	3	131	3
K01586	195	197	40	591	959	199	2902	71
K05462	0	0	0	0	0	0	0	0
K12001	0	0	0	0	0	0	0	0
K19862	0	0	0	0	0	0	0	0
K18082	0	0	0	0	0	0	0	0
K15987	175	201	68	688	1195	397	5235	106
K01587	1	1	1	7	2	4	33	2
K19863	0	0	0	0	0	0	0	0
K05463	0	0	0	0	0	0	0	0
K12002	0	0	0	0	0	0	0	0
K18083	2	0	0	0	0	0	0	0
K01588	53	58	21	198	300	78	1043	33
K19864	0	0	0	0	0	0	0	0
K12003	0	0	0	0	0	0	0	0
K18084	0	0	0	0	0	0	0	0
K05464	0	0	0	0	0	0	1	0
K01589	102	131	19	257	384	63	1242	21
K05465	0	0	0	0	0	0	0	0
K18085	0	0	0	0	0	0	0	0
K19865	0	0	0	1	0	0	2	0
K12004	0	0	0	0	0	0	0	0
K19866	0	0	0	0	0	0	0	0
K05466	0	0	0	0	0	0	0	0
K18086	0	0	0	0	0	0	2	0
K19867	0	0	0	0	1	0	0	0
K05467	0	0	0	0	0	0	0	0
K12006	0	0	0	0	0	0	0	0
K18087	1	1	0	6	5	2	27	1
K12007	0	0	0	0	0	0	0	0
K19868	0	0	0	0	0	0	1	0
K18088	1	0	0	2	2	0	0	0
K05469	0	0	0	0	0	0	0	0
K12008	0	0	0	0	0	0	0	0
K19869	0	0	0	0	0	0	1	0
K18089	0	0	0	3	0	1	1	1
K12009	0	0	0	0	0	0	1	0
K10770	0	0	0	1	4	0	5	1
K09350	0	0	0	0	0	0	0	0
K10771	0	0	1	3	5	0	16	1
K09351	0	0	0	0	0	0	0	0
K10772	1	1	0	0	0	0	3	0
K09352	0	0	0	0	0	0	0	0
K10773	79	88	30	316	556	124	1735	47
K09353	0	0	0	0	0	0	0	0
K10774	11	21	0	6	15	13	113	0
K10775	12	6	2	31	40	10	66	2
K09355	0	0	0	0	0	0	1	0
K10776	1	1	0	1	3	1	7	1
K09356	0	0	0	0	0	0	0	0
K10777	3	0	0	0	3	0	3	0
K09357	0	0	0	0	0	0	0	0
K10778	116	99	9	236	331	103	1300	39
K09358	0	0	0	0	0	0	0	0
K10779	0	0	0	0	1	0	1	0
K09359	0	0	0	0	0	0	0	0
K14660	1	3	6	76	92	33	410	9
K00260	18	30	3	45	82	26	330	2
K14661	0	0	0	5	3	7	30	0
K00261	111	134	33	369	815	173	2195	64
K14662	0	0	0	0	0	0	1	0
K00262	60	41	13	163	326	92	918	21
K14663	0	0	0	0	3	0	0	0
K00263	50	46	5	98	340	48	607	10
K14664	3	3	0	3	3	0	26	1
K00264	6	6	1	16	22	9	139	2
K04140	0	0	0	0	0	0	0	0
K14665	0	0	0	0	1	0	1	0
K18540	2	0	0	2	3	1	15	0
K00265	390	413	107	1349	1581	508	7222	129
K04141	0	0	0	0	0	0	0	0
K18541	0	0	0	0	0	1	5	0
K14666	0	1	0	19	27	3	62	2
K05921	14	28	4	49	41	20	254	6
K00266	135	138	49	517	596	226	2827	64
K04142	0	0	0	0	0	0	0	0
K18542	0	0	0	0	1	0	2	0
K14667	3	6	1	19	18	0	48	3
K05922	2	0	1	9	25	8	67	1
K04143	0	0	0	0	0	0	0	0
K18543	0	0	0	0	2	0	2	0
K14668	5	3	0	5	6	0	12	1
K22060	0	0	0	0	0	0	0	0
K04144	0	0	0	0	0	0	0	0
K18544	0	0	0	0	2	0	1	0
K14669	1	2	0	2	0	1	5	0
K22061	1	2	0	0	0	0	0	0
K04145	0	0	0	0	0	0	0	0
K18545	3	1	0	2	8	0	4	0
K05925	0	0	0	0	1	0	2	0
K04146	0	0	0	0	0	0	0	0
K05926	1	1	0	0	2	0	1	0
K22062	1	0	0	0	0	0	0	0
K18546	12	23	6	57	84	14	271	22
K04147	0	0	0	0	0	0	0	0
K18547	8	8	0	12	13	0	4	1
K22063	0	0	0	2	1	1	4	1
K05927	0	1	0	3	9	0	21	1
K18548	0	0	0	0	0	0	0	0
K04148	0	0	0	0	0	0	0	0
K22064	0	0	0	0	0	0	0	0
K05928	1	2	1	21	26	12	87	4
K04149	0	0	0	0	0	0	0	0
K22065	0	0	0	0	0	0	0	0
K18549	0	0	0	0	0	0	3	0
K05929	1	0	0	1	8	0	27	2
K22066	13	6	1	17	17	6	82	3
K22067	88	77	3	44	81	56	535	10
K08030	0	0	0	0	0	0	0	0
K22068	59	40	0	1	1	1	10	0
K09810	92	72	12	178	302	73	1163	32
K08031	0	0	0	0	0	0	0	0
K22069	0	0	0	0	0	0	2	0
K09811	89	88	14	178	380	70	996	31
K08032	0	0	0	0	0	0	0	0
K09812	73	73	18	167	336	86	1124	35
K08033	0	0	0	0	0	0	0	0
K09813	0	0	0	0	0	0	0	0
K13330	0	1	0	5	3	1	21	3
K09814	0	2	0	8	6	1	18	2
K08035	0	0	0	0	0	0	0	0
K09815	101	91	19	156	354	67	784	38
K09816	47	33	14	91	247	27	422	15
K08037	0	0	0	0	0	0	0	0
K13333	0	0	0	0	1	0	0	0
K09817	49	22	7	53	163	37	301	16
K08038	0	0	0	0	0	0	0	0
K13334	0	0	0	0	0	0	0	0
K09818	4	16	4	21	157	16	183	6
K13335	0	0	0	0	0	0	2	0
K09819	10	34	7	36	154	9	192	4
K13336	2	1	0	0	2	0	0	0
K13337	2	1	0	0	0	0	1	0
K00720	20	11	14	241	54	28	470	10
K13338	5	2	0	1	0	0	5	0
K00721	76	94	45	555	806	191	2940	108
K00722	0	0	0	0	0	0	0	0
K13339	1	2	0	0	2	0	6	1
K04600	0	0	0	0	1	0	0	0
K17220	0	0	0	0	2	2	8	0
K00725	0	0	0	1	0	1	4	1
K04601	0	0	0	0	0	0	0	0
K00726	3	1	0	0	1	0	0	0
K00727	0	0	0	0	1	0	0	0
K04602	1	1	0	0	0	0	0	0
K17222	16	19	4	80	75	43	502	11
K04603	0	0	0	0	0	0	0	0
K17223	8	19	3	65	112	29	408	7
K00728	26	42	15	154	212	21	401	17
K04604	0	0	0	0	0	0	0	0
K17224	25	33	6	80	92	61	757	13
K00729	0	0	0	1	7	1	32	0
K04605	0	0	0	0	0	0	0	0
K17225	20	13	21	215	122	140	1187	55
K17226	16	23	3	93	65	57	530	11
K04607	0	0	0	0	0	0	0	0
K17227	6	9	0	31	26	27	264	8
K17228	10	10	9	117	59	31	438	16
K04608	0	0	0	0	0	0	1	0
K17229	6	3	3	73	100	25	308	12
K01590	5	2	1	5	7	1	38	1
K01591	94	87	13	275	408	91	1272	55
K01592	1	0	0	2	0	0	4	0
K01593	228	214	35	438	704	116	1762	73
K01594	1	0	0	0	3	1	8	0
K18090	1	0	0	2	0	0	0	0
K19870	0	0	0	4	2	3	17	0
K01595	172	190	38	462	850	168	2491	53
K12010	0	0	0	0	0	0	0	0
K19871	0	0	0	0	0	0	0	0
K18091	0	1	1	26	23	11	138	3
K15996	0	1	0	3	5	0	47	0
K01596	64	125	31	329	362	152	2257	41
K05472	0	0	0	0	0	0	0	0
K15997	0	0	0	0	0	0	0	0
K12011	0	0	0	0	1	0	1	0
K19872	0	0	0	1	2	0	8	0
K18092	6	4	1	11	63	12	102	6
K01597	10	8	2	10	56	1	88	5
K12012	0	0	0	0	0	0	1	0
K19873	0	0	0	0	0	0	0	1
K18093	19	5	0	0	0	0	8	0
K01598	11	7	10	58	132	33	485	22
K05474	0	0	0	0	0	0	0	0
K19874	0	0	0	0	0	0	2	0
K12013	0	0	0	0	1	0	0	0
K18094	0	0	0	1	1	2	15	0
K01599	109	131	40	409	717	136	2078	51
K19875	0	0	0	0	0	0	0	0
K12014	0	0	0	0	0	0	0	0
K05475	0	0	0	0	0	0	0	0
K18095	1	0	0	0	1	4	55	1
K05476	0	0	0	0	0	0	0	0
K19876	0	1	0	0	1	0	0	0
K18096	8	10	1	9	6	4	53	0
K12015	0	0	0	1	1	0	1	0
K12016	0	0	0	0	0	0	0	0
K18097	1	0	0	1	1	1	2	0
K19877	0	0	0	0	0	0	0	0
K12017	0	0	0	0	0	0	0	0
K19878	0	0	0	0	0	0	0	0
K18098	14	7	1	11	11	7	90	2
K12018	0	0	0	0	0	0	0	0
K18099	0	0	0	0	0	0	4	0
K12019	0	0	0	1	1	0	3	1
K10780	2	3	8	39	72	7	191	11
K09360	0	0	0	0	0	0	0	0
K10781	0	0	0	0	0	0	1	0
K09361	0	0	0	0	0	0	0	0
K10782	0	0	0	1	0	0	0	0
K09362	0	0	0	0	0	0	0	0
K10784	0	0	0	0	0	0	0	0
K10785	0	0	0	0	0	0	0	0
K09364	0	0	0	0	0	0	1	0
K10786	0	0	0	0	0	0	0	0
K09365	0	0	0	0	0	0	0	0
K21200	2	5	0	13	11	5	64	2
K10787	0	0	0	0	0	0	0	0
K09366	0	0	0	0	0	0	0	0
K21201	0	0	0	7	1	3	9	0
K09367	0	0	0	0	0	0	0	0
K10788	0	0	0	0	0	0	1	0
K09368	0	0	0	0	0	0	0	0
K10789	0	0	0	1	0	0	2	0
K00270	0	0	0	2	6	2	10	0
K14670	3	2	0	11	5	2	16	0
K14671	1	2	0	3	7	0	6	0
K00271	6	11	5	54	59	1	95	5
K14672	6	7	1	32	22	2	112	3
K00272	0	0	0	1	0	0	5	0
K21209	1	5	1	8	27	4	30	1
K14673	1	1	0	9	14	4	37	2
K00273	6	13	6	51	61	9	114	11
K14674	3	1	0	0	0	1	6	0
K00274	70	84	35	439	489	91	1959	74
K04150	0	0	0	0	0	0	0	0
K14675	0	0	0	0	0	0	2	0
K18550	1	0	0	3	5	1	11	0
K00275	93	82	17	210	323	55	936	36
K04151	0	0	0	0	0	0	0	0
K05931	0	0	0	1	0	0	1	1
K18551	3	2	0	0	0	0	0	0
K14676	0	0	0	5	5	2	22	0
K00276	22	35	15	264	221	47	870	37
K04152	0	0	0	0	0	0	0	0
K18552	20	25	0	3	7	5	75	1
K14677	1	5	0	4	5	4	22	1
K00277	0	0	0	1	3	0	7	0
K14678	0	0	0	0	1	0	1	0
K04153	0	0	0	0	0	0	0	0
K18553	11	6	0	11	5	0	10	0
K05933	29	18	0	0	0	0	0	0
K00278	196	203	53	644	861	196	3188	76
K22070	0	0	0	0	0	0	0	0
K14679	1	0	0	0	0	0	0	0
K18554	17	21	0	27	18	11	113	2
K05934	41	45	2	87	116	18	297	9
K00279	2	5	0	4	8	2	19	3
K22071	1	1	1	1	3	0	4	1
K18555	6	1	0	1	5	0	14	2
K22072	0	0	0	1	0	0	3	1
K18556	0	0	1	9	9	1	15	2
K05936	36	33	6	98	98	19	209	3
K04157	0	0	0	0	0	0	0	0
K05937	0	1	0	1	0	1	13	0
K22073	6	2	0	5	9	5	28	3
K18557	0	0	0	1	0	0	1	0
K22074	0	1	0	1	3	0	6	0
K18558	0	1	0	0	0	0	1	0
K18559	0	0	0	0	0	0	0	0
K22075	0	0	0	0	0	0	1	0
K05939	71	62	24	386	309	191	2131	50
K22076	0	0	0	0	0	0	0	0
K22077	1	0	0	0	1	0	2	0
K08040	0	0	0	0	0	0	0	0
K22078	0	0	0	0	0	0	1	0
K09820	4	10	1	14	107	12	132	5
K09821	0	0	0	0	0	0	0	0
K08041	0	0	0	0	0	0	2	0
K08042	0	0	0	0	0	0	0	0
K09822	10	31	5	51	173	51	475	6
K09823	51	27	0	37	51	23	239	1
K08043	0	0	0	0	0	0	2	0
K13340	0	0	0	0	0	0	0	0
K08044	0	0	0	0	0	0	0	0
K09824	5	1	0	3	0	2	29	1
K13341	0	0	0	1	1	0	3	0
K09825	6	10	7	53	100	16	159	7
K08045	0	0	0	0	0	0	2	0
K13342	2	0	2	10	14	3	61	0
K09826	27	13	1	40	39	22	170	9
K08046	0	0	0	0	0	0	2	0
K08047	0	0	0	0	0	0	0	0
K09827	0	0	0	0	0	0	1	0
K13343	0	1	0	0	0	0	4	0
K13344	0	0	0	2	4	1	6	0
K09828	2	1	1	15	43	10	100	1
K08048	0	0	0	0	0	0	2	0
K08049	0	0	0	1	0	0	1	0
K13345	0	0	0	0	0	0	0	0
K09829	0	1	0	0	5	0	7	0
K13346	0	0	0	2	4	0	6	0
K00730	0	0	0	0	0	0	0	0
K13347	165	143	0	0	0	0	0	0
K00731	0	0	1	0	0	0	0	0
K13348	2	0	0	0	1	0	3	0
K13349	0	0	0	0	0	0	1	0
K00733	0	0	0	0	0	0	5	0
K00734	2	2	0	0	0	0	0	0
K00735	0	0	0	0	0	0	0	1
K17230	1	3	5	91	32	52	527	17
K17231	0	0	0	0	2	0	1	0
K04611	0	0	0	0	0	0	0	0
K00736	0	0	0	1	0	0	3	0
K17232	0	0	0	0	0	0	0	0
K04612	0	0	0	0	0	0	2	0
K00737	1	3	1	4	10	0	26	0
K17233	0	0	0	0	0	0	1	0
K04613	0	0	0	0	0	0	0	0
K00738	0	0	0	0	1	0	1	0
K04614	0	0	0	0	0	0	0	0
K00739	0	0	0	0	0	0	0	0
K17234	4	2	2	1	27	0	26	0
K17235	4	4	2	21	147	4	174	10
K04615	0	0	0	0	0	0	3	0
K17236	2	3	1	0	12	0	26	1
K17237	9	5	1	7	36	7	54	2
K04617	0	0	0	0	0	0	1	0
K17238	7	6	0	5	21	3	47	0
K04618	0	9	9	60	104	14	277	12
K04619	0	0	0	0	0	0	0	0
K17239	7	10	1	9	25	7	51	3
K08500	1	1	0	0	0	0	0	0
K08501	0	0	0	0	0	0	1	0
K08502	0	0	0	0	0	0	0	0
K19880	0	0	0	0	0	0	0	0
K05480	0	0	0	0	0	0	0	0
K08503	0	0	0	0	0	0	0	0
K12020	0	0	0	0	0	0	0	0
K19881	0	0	0	0	0	0	1	0
K13800	0	4	0	0	1	0	8	0
K08504	5	4	0	0	0	0	2	0
K08505	0	0	0	0	0	0	0	0
K13801	0	0	0	0	0	0	0	0
K19882	1	0	0	1	0	0	6	3
K12021	0	2	0	2	3	0	9	1
K12022	0	0	0	0	0	0	0	0
K13802	0	0	0	0	0	0	0	0
K19883	0	0	0	0	0	0	2	0
K08506	0	0	0	0	0	0	0	0
K13803	0	0	0	0	0	0	0	0
K12023	0	0	0	0	0	0	0	0
K08507	0	0	0	0	0	0	0	0
K12024	0	0	0	0	0	0	0	0
K13804	0	0	0	0	0	0	0	0
K08508	0	0	0	0	0	0	0	0
K13805	0	0	0	0	0	0	0	0
K08509	0	0	0	0	0	0	0	0
K12025	0	0	0	0	0	0	0	0
K13806	1	0	0	1	0	0	0	0
K12026	0	0	0	1	7	2	7	0
K12027	0	0	0	0	0	0	1	0
K13807	0	0	0	0	1	0	0	0
K13808	0	0	0	0	0	0	0	0
K12028	0	0	0	0	0	0	1	0
K12029	0	0	0	0	0	0	0	0
K13809	0	0	0	0	0	0	0	0
K10790	0	0	0	0	0	0	0	0
K10791	0	0	0	0	0	0	0	0
K09370	0	0	0	0	0	0	0	0
K09371	0	0	0	0	0	0	0	0
K09372	0	0	0	0	0	0	0	0
K10793	0	0	0	0	3	0	2	0
K09373	0	0	0	0	0	0	0	0
K10794	0	0	0	11	34	1	45	4
K10795	0	0	0	0	1	0	0	0
K09374	0	0	0	0	0	0	0	0
K09375	0	0	0	0	0	0	0	0
K10796	0	0	0	0	0	0	0	0
K21210	1	7	0	15	19	5	48	4
K09376	0	0	0	0	0	0	0	0
K21211	0	4	1	14	9	0	28	0
K10797	2	0	1	22	15	5	90	2
K09377	2	1	0	0	0	0	0	0
K10798	79	85	0	3	18	0	44	5
K09378	0	0	0	0	1	0	0	0
K10799	1	1	0	3	0	0	22	3
K09379	0	0	0	0	0	0	0	0
K21214	4	4	1	14	9	0	4	2
K00280	0	0	0	1	3	0	2	0
K14680	6	8	1	20	50	25	162	5
K21217	0	0	0	1	1	0	1	0
K14681	1	0	2	10	15	3	80	3
K00281	203	236	48	462	830	253	3822	68
K21218	10	2	0	0	5	1	17	1
K14682	55	58	2	33	45	32	424	7
K00282	44	45	25	242	481	89	1311	37
K21219	0	3	0	16	56	7	81	1
K14683	4	2	0	4	28	1	3	1
K00283	179	203	56	590	982	266	3649	78
K14684	1	4	1	0	1	0	9	1
K00284	144	247	68	611	1027	223	4346	84
K04160	0	0	0	0	0	0	0	0
K18560	0	0	0	0	0	0	0	0
K14685	0	0	0	0	3	0	1	0
K05940	0	0	0	0	0	0	0	0
K00285	258	220	18	316	427	125	1936	35
K04161	0	0	0	0	0	0	0	0
K18561	0	1	0	0	2	0	1	0
K14686	6	3	0	0	1	0	8	1
K05941	1	1	0	2	7	1	14	0
K00286	124	90	19	307	412	100	1381	26
K14687	0	0	0	0	0	0	0	0
K04162	0	0	0	0	0	0	0	0
K18562	0	0	0	5	5	0	18	0
K00287	79	89	13	78	152	60	744	21
K18563	0	1	0	6	9	0	26	0
K04163	0	0	0	0	0	0	0	0
K14688	0	0	0	0	2	1	5	0
K00288	0	0	1	17	34	8	77	1
K18564	0	0	1	1	7	1	15	3
K14689	0	0	0	0	0	0	11	0
K00289	0	0	0	0	2	1	4	0
K04165	0	0	0	0	0	0	0	0
K22081	10	12	6	51	60	21	197	8
K18565	0	0	0	4	16	4	62	0
K04166	0	0	0	0	0	0	0	0
K18566	0	1	0	3	4	0	9	0
K22082	6	8	2	31	46	13	180	5
K05946	47	48	8	123	265	25	698	25
K05947	0	0	1	6	38	8	38	1
K22083	16	23	10	103	132	39	543	16
K18567	23	1	1	22	25	2	52	0
K04168	0	0	0	0	0	0	0	0
K05948	0	0	0	0	0	0	0	0
K22084	27	9	2	34	52	24	258	6
K18568	5	9	3	32	21	4	33	2
K04169	0	0	0	0	0	0	0	0
K22085	10	5	0	7	17	2	65	3
K18569	2	2	1	26	12	0	16	0
K22086	24	28	4	91	121	56	625	15
K22087	5	0	0	7	11	1	55	2
K08051	2	2	0	0	0	0	0	0
K09831	0	0	1	0	0	0	0	0
K09832	0	0	0	0	0	0	0	0
K08052	1	0	0	1	0	0	1	1
K08053	0	0	0	0	0	0	0	0
K09833	1	0	0	2	11	1	7	1
K13350	0	0	0	0	0	0	0	0
K09834	0	0	0	0	1	0	1	0
K08054	4	3	0	0	0	0	2	0
K13351	0	0	0	0	0	0	0	0
K08055	0	0	0	0	0	0	0	0
K09835	15	15	1	30	88	19	198	5
K13352	0	0	0	1	0	0	0	0
K09836	1	1	0	0	6	0	3	0
K08056	0	0	0	0	0	0	0	0
K09837	0	0	0	0	0	0	0	0
K13353	0	0	0	0	0	0	0	0
K08057	1	1	0	0	0	0	1	0
K08058	0	0	0	0	0	0	0	0
K09838	0	0	0	0	0	1	9	0
K13354	2	0	0	0	2	0	3	0
K09839	0	0	0	0	0	0	1	0
K13355	0	0	0	2	2	0	2	0
K08059	1	1	0	0	0	0	0	0
K13356	18	12	1	10	15	10	67	1
K13357	0	0	0	0	0	0	1	0
K00741	0	0	0	0	0	0	0	0
K13358	0	0	0	0	1	0	0	1
K00742	0	0	0	0	1	0	3	0
K00743	0	0	0	4	5	0	20	0
K00744	0	0	0	0	0	0	1	0
K04620	0	0	0	0	0	0	0	0
K17240	7	5	0	4	24	7	77	2
K00745	1	0	0	0	4	2	7	0
K00746	0	0	0	0	0	0	0	0
K17241	28	17	0	11	16	14	108	0
K00747	0	0	0	0	0	0	0	0
K04622	0	0	0	0	0	0	0	0
K17242	34	38	4	23	93	16	246	4
K04623	0	0	0	0	0	0	0	0
K17243	22	41	1	40	59	21	210	6
K00748	85	76	17	205	334	100	1364	33
K04624	0	0	0	0	0	0	0	0
K17244	5	8	2	19	34	15	172	4
K00749	1	0	2	0	0	0	7	0
K04625	0	0	0	0	0	0	0	0
K17245	10	15	3	23	41	17	207	1
K04626	0	0	0	0	0	0	0	0
K17246	12	15	2	4	20	0	73	4
K04627	0	0	1	0	0	0	0	1
K17247	39	35	11	161	122	61	696	25
K17248	1	2	0	3	12	1	31	0
K04628	0	0	0	0	0	0	7	0
K17249	0	0	0	0	1	1	5	0
K04629	0	0	0	0	0	0	0	0
K08510	0	0	0	0	0	0	0	0
K08511	0	0	0	0	0	0	0	0
K08512	0	0	0	0	0	0	0	0
K08513	0	0	0	0	0	0	0	0
K05491	0	0	0	0	0	0	0	0
K08514	0	0	0	0	0	0	0	0
K12030	0	0	0	0	0	0	0	0
K19891	0	1	0	0	0	0	0	0
K13810	3	16	25	347	466	113	1340	49
K05492	0	0	0	0	0	0	0	0
K12031	0	0	0	0	0	0	0	0
K19892	5	0	0	0	0	0	0	0
K13811	0	4	1	41	63	6	120	5
K08515	1	2	0	0	0	0	2	0
K12032	0	0	0	0	0	0	0	0
K19893	1	4	0	0	0	0	0	0
K13812	0	0	0	0	0	0	0	0
K08516	0	0	0	1	0	0	0	0
K19894	0	0	0	0	0	0	0	0
K12033	0	0	0	0	0	0	0	0
K08517	0	0	1	0	0	0	0	1
K13813	0	0	0	0	0	0	0	0
K13814	0	0	0	0	0	0	1	0
K05495	0	0	0	0	0	0	0	0
K19895	0	0	0	0	0	0	0	0
K12034	0	0	0	0	0	0	1	0
K08518	13	14	0	0	0	0	3	0
K08519	0	0	0	0	0	0	0	0
K05496	0	0	0	0	0	0	0	0
K13815	8	21	2	10	27	17	173	6
K12035	0	2	1	7	33	1	50	1
K12036	0	0	0	0	0	0	0	0
K05497	0	0	0	0	0	0	0	0
K19897	0	0	0	0	0	0	0	0
K13816	15	17	0	12	44	24	211	3
K12037	0	0	0	0	0	0	2	0
K19898	0	0	0	0	0	0	0	0
K12038	0	0	0	1	0	0	3	1
K19899	0	0	0	0	0	0	0	0
K13818	0	0	0	17	47	5	77	2
K05499	66	61	4	51	92	23	404	12
K12039	0	0	0	0	0	0	0	0
K13819	2	3	0	4	15	4	36	1
K09380	0	0	0	0	1	0	0	0
K09381	0	0	0	0	0	0	0	0
K17700	0	0	0	0	1	0	0	0
K03300	34	25	0	21	34	14	174	0
K09382	0	0	0	0	0	0	0	0
K17701	0	0	0	0	1	0	0	0
K03301	58	78	16	127	323	119	1467	55
K09383	0	0	0	0	0	0	0	0
K17702	0	0	0	0	1	0	0	0
K17703	0	0	0	0	0	0	0	0
K09384	17	14	3	26	104	10	254	6
K03303	32	17	31	346	279	144	1728	39
K17704	0	0	0	0	0	0	0	0
K09385	0	0	0	0	0	0	0	0
K21220	0	0	0	4	6	1	13	0
K03304	5	6	1	7	7	1	68	0
K17705	0	0	0	0	0	0	1	0
K09386	33	28	12	177	206	57	622	25
K03305	111	163	29	276	400	286	3157	75
K09387	0	0	0	0	0	0	0	0
K17706	0	0	0	0	0	0	0	0
K03306	138	145	46	433	474	166	2497	48
K17707	0	0	0	1	0	0	1	1
K09388	0	0	0	1	6	0	10	1
K03307	113	177	37	511	685	193	2805	73
K09389	0	0	0	0	0	0	0	0
K17708	0	0	0	0	1	0	0	0
K21224	0	2	0	6	16	3	44	2
K03308	25	22	0	8	172	1	76	1
K17709	0	0	0	0	0	0	0	0
K03309	30	42	4	81	236	64	703	14
K14690	0	0	0	0	0	0	0	0
K00290	55	63	14	113	186	41	666	28
K14691	0	0	0	0	0	0	0	0
K14692	3	1	1	0	0	1	7	0
K14693	0	0	0	0	0	0	0	0
K00293	14	17	2	2	5	8	83	5
K00294	66	111	33	342	619	165	2235	51
K04170	0	0	0	0	0	0	0	0
K14695	0	0	0	0	0	0	0	0
K00295	0	0	0	0	0	0	0	1
K18570	0	0	0	12	15	3	44	1
K04171	0	0	0	0	0	0	0	0
K18571	2	1	0	7	1	0	2	1
K05951	0	0	1	0	1	0	3	0
K14696	1	3	0	2	4	1	31	0
K04172	0	0	0	0	0	0	0	0
K14697	0	0	0	0	0	0	0	0
K05952	4	0	0	0	2	0	0	0
K18572	2	3	0	17	20	1	35	2
K00297	124	147	53	565	948	196	2713	95
K04173	0	0	0	0	0	0	0	0
K14698	3	3	0	5	8	0	14	0
K05953	4	0	0	0	1	0	3	0
K18573	0	0	0	0	0	0	3	0
K00298	0	0	0	0	0	0	1	0
K18574	5	4	0	5	7	2	47	0
K14699	0	0	0	1	2	0	6	0
K05954	0	0	0	0	0	1	3	0
K00299	24	25	8	65	77	18	254	9
K04175	0	0	0	0	0	0	0	0
K18575	0	0	0	0	0	2	3	0
K05955	1	1	0	0	0	0	1	1
K04176	0	0	0	0	0	0	0	0
K18576	0	1	0	1	0	0	0	0
K05956	0	0	3	15	13	1	64	5
K04177	0	0	0	0	0	0	0	0
K18577	2	4	0	0	1	0	2	0
K05957	0	1	0	4	6	1	7	0
K04178	0	0	0	0	0	0	0	0
K18578	0	2	0	1	1	1	7	0
K04179	0	0	0	0	0	0	0	0
K18579	4	7	0	4	2	0	24	0
K08060	0	0	0	0	0	0	0	0
K09840	1	1	0	1	0	0	1	0
K08061	0	0	0	0	0	0	0	0
K22099	1	1	0	1	5	0	11	0
K09841	0	0	0	1	0	0	0	0
K09842	6	10	0	1	0	0	3	0
K08062	0	0	0	0	0	0	4	0
K09843	1	1	0	0	0	0	3	0
K09844	0	3	0	3	6	3	28	0
K08064	1	1	0	0	0	0	1	0
K13361	0	0	0	0	0	0	0	0
K09845	2	7	0	23	26	6	63	2
K08065	26	23	0	0	0	0	0	0
K13362	0	0	0	0	0	0	0	0
K08066	4	1	0	0	0	0	1	0
K09846	5	6	3	89	81	66	632	21
K08067	0	0	0	0	0	0	0	0
K09847	0	0	0	0	0	0	2	0
K09848	0	0	0	0	0	0	1	0
K08068	25	14	2	11	105	13	325	8
K13365	0	0	0	0	1	0	0	1
K09849	0	0	0	0	0	0	0	0
K08069	0	0	0	0	0	0	0	0
K13366	41	32	1	5	0	0	6	1
K13367	0	0	0	0	0	0	0	0
K00750	4	4	0	1	2	0	2	0
K13368	0	0	0	0	0	1	0	0
K13369	0	0	0	2	0	0	3	0
K00752	5	4	3	44	95	16	158	8
K00753	0	1	0	1	1	0	0	0
K00754	17	26	13	131	271	65	866	32
K17250	0	0	0	0	4	0	7	0
K04630	1	0	0	0	5	0	10	1
K17251	0	0	0	0	0	0	2	0
K04631	0	0	0	0	0	0	0	0
K00756	14	29	19	203	351	64	1038	25
K17252	0	0	0	0	0	0	0	0
K04632	0	0	0	0	0	0	0	0
K00757	8	15	2	17	62	7	147	6
K04633	0	0	0	0	0	0	0	0
K17253	0	0	0	0	0	0	1	0
K00758	90	77	14	186	296	61	1064	21
K17254	0	0	0	0	0	0	0	0
K04634	0	0	0	0	1	0	0	0
K00759	68	43	28	200	355	66	842	36
K04635	0	0	0	0	0	0	0	0
K17255	6	3	0	0	0	0	4	0
K17256	0	0	0	1	1	0	0	0
K04636	0	0	0	0	0	0	0	0
K04637	0	0	0	0	0	0	0	0
K17257	0	0	0	0	0	0	0	1
K17258	0	0	0	0	0	0	1	0
K04638	0	0	0	0	0	0	0	0
K17259	0	0	0	0	0	0	0	0
K04639	0	0	0	0	0	0	0	0
K08520	0	0	0	0	0	0	0	0
K08523	0	0	0	0	0	0	0	0
K12040	0	0	0	0	0	0	0	0
K13820	8	4	3	5	9	2	47	4
K08524	0	0	0	0	0	0	0	0
K08525	0	0	0	0	0	0	0	0
K12041	0	0	0	0	1	0	0	0
K13821	250	250	31	456	814	274	3627	62
K08526	0	0	0	0	0	0	0	0
K12042	0	0	0	0	0	0	1	0
K13822	0	0	0	1	0	0	0	0
K08527	0	0	0	0	0	0	0	0
K13823	0	0	0	0	0	0	0	0
K12043	0	0	0	0	0	0	0	0
K08528	0	0	0	0	0	0	0	0
K13824	0	0	0	0	0	0	0	0
K12044	0	0	0	0	0	0	0	0
K08529	0	0	0	0	0	0	0	0
K13825	0	0	0	0	0	0	0	0
K12045	0	0	0	0	0	0	0	0
K13826	0	0	0	0	0	0	0	0
K12046	0	0	0	0	0	0	0	0
K13827	0	0	0	1	0	0	0	0
K12047	0	0	0	0	0	0	3	0
K12048	0	0	0	0	1	0	1	0
K12049	0	0	1	0	1	0	1	0
K13829	64	67	20	249	336	51	881	44
K09390	0	0	0	0	0	0	0	0
K17710	5	7	0	0	0	1	10	0
K09391	40	46	0	0	0	0	0	0
K03310	85	60	2	21	287	18	228	5
K17711	0	0	0	0	0	0	0	0
K09392	0	0	0	0	0	0	0	0
K03311	5	0	1	0	5	0	8	0
K17712	0	0	0	0	0	0	0	0
K09393	0	0	0	0	0	0	0	0
K03312	6	3	0	29	42	10	221	2
K09394	0	0	0	0	0	0	0	0
K17713	47	55	11	108	212	24	660	34
K03313	116	132	7	113	611	84	1201	28
K09395	0	0	0	0	0	0	0	0
K17714	0	0	0	0	0	0	0	0
K03314	2	2	0	2	14	3	22	0
K17715	0	0	0	0	0	0	0	0
K09396	0	0	0	0	0	0	1	0
K21231	0	0	0	2	3	1	4	0
K03315	5	5	6	43	83	16	214	12
K09397	0	0	0	0	0	0	0	0
K21232	0	0	1	1	9	2	14	0
K17716	21	12	1	20	66	17	266	9
K03316	66	108	28	442	499	162	2519	58
K09398	0	1	0	0	0	0	0	0
K17717	0	0	1	3	21	1	29	1
K03317	44	42	9	138	228	70	1091	21
K03318	0	0	0	0	0	0	0	0
K09399	0	0	0	0	0	0	0	0
K17718	0	0	0	0	0	0	0	0
K17719	0	0	0	0	0	0	0	0
K03319	6	2	7	67	110	91	802	14
K07200	0	3	0	1	6	0	8	1
K07201	0	0	0	0	0	0	0	0
K04180	0	0	0	0	0	0	0	0
K18580	0	0	0	0	0	0	1	0
K07203	1	1	0	0	3	0	13	1
K04181	0	0	0	0	0	0	0	0
K05961	0	0	0	0	0	0	0	0
K18581	31	33	2	45	84	24	355	18
K12500	1	1	0	3	12	4	52	1
K07204	0	0	0	0	1	0	3	0
K04182	0	0	0	0	0	0	0	0
K18582	0	0	0	0	1	0	1	0
K07205	0	0	0	0	0	0	0	0
K12501	0	1	0	0	1	1	6	1
K05962	34	46	11	54	88	46	570	7
K04183	0	0	0	0	0	0	0	0
K18583	0	0	0	0	0	0	0	0
K07206	0	0	0	0	0	0	0	0
K12502	1	0	0	1	6	0	3	2
K04184	0	0	0	0	0	0	0	0
K07207	0	0	0	0	0	0	0	0
K05964	1	0	0	0	3	1	15	1
K18584	0	2	0	0	0	0	0	0
K12503	13	21	7	46	69	2	115	9
K18585	0	0	0	0	0	0	0	0
K12504	0	0	0	0	0	0	2	0
K07208	0	0	0	0	2	0	3	0
K12505	0	0	0	0	0	0	0	0
K07209	0	0	0	0	0	0	0	0
K18586	17	7	1	6	7	4	41	2
K05966	8	7	5	41	72	9	226	7
K04187	0	0	0	0	0	0	0	0
K18587	9	8	2	10	54	10	136	0
K12506	86	77	14	195	282	65	896	28
K05967	1	1	2	17	30	8	70	1
K18588	26	11	2	41	48	23	287	6
K12507	6	4	5	84	54	28	333	8
K18589	2	1	0	2	3	0	10	0
K12508	84	97	8	213	167	93	1294	30
K09850	0	0	0	0	0	0	0	0
K08070	6	10	3	70	129	15	237	12
K08071	0	0	0	0	0	0	3	0
K09851	0	0	0	0	1	0	0	0
K09852	0	0	0	0	0	0	0	0
K08073	0	0	1	1	2	0	4	0
K09854	0	0	0	0	0	0	0	0
K13370	0	1	1	2	4	1	25	2
K08074	0	0	0	0	0	0	3	1
K09855	0	0	0	0	0	0	0	0
K13371	0	0	0	6	4	1	7	0
K08075	0	0	1	1	1	0	0	0
K09856	0	0	0	0	0	0	0	0
K13372	0	0	1	15	24	1	31	0
K08076	0	1	0	1	14	3	16	3
K13373	0	0	0	0	0	0	0	0
K09857	14	9	0	9	15	3	69	4
K08077	2	1	0	2	3	0	8	0
K13374	0	0	0	0	0	0	0	0
K09858	24	40	0	16	21	6	109	3
K13375	0	0	0	0	0	0	0	0
K09859	10	10	3	3	37	10	115	3
K13376	0	0	0	0	0	0	0	0
K00760	56	88	31	244	489	75	1236	38
K13378	21	42	12	92	248	74	874	28
K00761	67	79	23	151	306	67	994	25
K13379	4	0	0	0	2	0	6	0
K00762	83	78	20	259	403	118	1294	41
K00763	91	101	24	317	612	121	1429	33
K00764	150	179	53	559	914	287	3460	89
K17260	2	0	0	0	1	0	1	1
K04640	2	0	0	0	2	0	5	1
K00765	91	104	26	312	440	111	1446	35
K04641	0	0	0	0	1	0	0	0
K17261	0	0	1	0	0	0	2	0
K00766	122	146	32	402	539	112	1822	44
K04642	0	0	0	0	2	0	0	0
K17262	0	0	0	0	0	0	0	0
K00767	101	106	34	341	430	83	1618	41
K04643	0	0	0	0	0	0	0	0
K17263	13	9	0	0	1	0	4	0
K00768	83	83	6	180	223	35	526	19
K04644	0	0	0	0	0	0	0	0
K17264	0	0	0	0	0	0	0	0
K00769	22	15	1	28	42	20	177	5
K04645	0	0	0	0	0	0	0	0
K17265	0	0	0	0	0	0	1	0
K17266	3	2	1	4	23	0	21	1
K04646	3	2	1	2	3	0	14	0
K17267	51	38	1	0	0	0	3	1
K17268	0	1	0	0	1	0	4	0
K04648	0	0	1	2	1	0	3	0
K04649	0	0	0	1	0	0	1	0
K08530	0	0	0	0	0	0	0	0
K08531	0	0	0	0	0	0	0	0
K08532	0	0	0	0	0	0	0	0
K08533	0	0	0	0	0	0	0	0
K08534	0	0	0	0	0	0	0	0
K12050	0	0	0	0	0	0	0	0
K13830	0	0	1	2	5	0	14	1
K08535	0	0	0	0	0	0	0	0
K13831	0	0	0	5	7	1	21	1
K13832	1	2	10	86	87	27	432	13
K12052	0	0	0	2	4	1	10	2
K08536	0	0	0	0	0	0	0	0
K12053	0	0	0	0	0	0	0	0
K08537	0	0	0	0	0	0	0	0
K13834	0	0	0	0	0	0	0	0
K08538	0	0	0	0	0	0	0	0
K08539	0	0	0	0	0	0	0	0
K12055	10	5	1	3	6	1	22	0
K13836	0	0	0	0	0	0	0	0
K12056	23	11	1	6	12	2	94	4
K13837	0	0	0	0	0	0	0	0
K12057	6	3	0	2	16	2	57	2
K13838	0	0	0	0	0	0	0	0
K12058	1	10	0	1	5	1	32	0
K12059	1	3	0	0	0	1	11	1
K17720	0	0	0	0	0	0	0	0
K03320	200	212	56	795	1127	426	5657	134
K17721	0	0	0	0	0	0	0	0
K03321	247	206	83	837	816	310	4477	139
K17722	34	37	6	81	110	22	461	12
K03322	20	34	25	360	103	138	1742	31
K03323	0	0	0	0	0	0	0	0
K17723	36	32	13	99	182	35	822	13
K17724	0	0	0	10	11	3	26	2
K03324	115	85	7	237	211	65	867	24
K17725	1	1	0	1	0	0	8	0
K03325	56	30	3	64	213	34	538	6
K17726	0	0	0	0	0	0	1	0
K03326	0	0	2	9	12	0	43	2
K03327	290	274	22	197	546	143	2071	49
K17728	0	0	0	0	0	0	1	0
K03328	96	105	16	112	283	71	1070	28
K21245	0	0	0	0	0	0	0	0
K17729	0	0	0	0	0	0	1	0
K03329	3	1	0	0	3	3	15	2
K21246	0	0	0	0	0	0	0	0
K21247	0	0	0	0	0	0	0	0
K07210	0	0	0	0	0	0	0	0
K21248	0	2	0	1	0	0	2	0
K21249	1	0	0	0	0	0	1	0
K07211	0	0	0	0	0	0	1	0
K07212	0	0	1	0	0	0	6	1
K18590	8	3	0	2	9	2	23	1
K07213	36	29	1	8	58	8	163	1
K05970	92	142	15	114	206	55	1132	24
K04191	0	0	0	0	0	0	0	0
K12510	80	94	22	263	575	132	1731	45
K07214	42	95	41	347	388	145	2347	68
K04192	0	0	0	0	0	0	0	0
K18592	6	5	0	4	14	2	15	1
K12511	82	84	19	298	581	168	2096	76
K07215	21	6	0	4	3	3	57	3
K05972	4	9	2	8	12	3	55	0
K04193	0	0	0	0	0	0	0	0
K12512	0	0	0	0	0	0	0	0
K18593	0	0	0	10	32	8	26	0
K07216	15	16	7	8	39	9	140	5
K05973	106	112	11	162	152	131	1378	20
K04194	0	0	0	0	0	0	0	0
K18594	0	1	0	8	39	16	39	1
K12513	0	2	0	2	2	0	6	0
K07217	37	37	0	12	138	41	386	3
K12514	0	0	0	0	0	0	0	0
K04195	0	0	0	0	0	0	0	0
K18595	0	0	0	0	1	0	7	1
K07218	25	14	7	56	139	40	461	16
K04196	0	0	0	0	0	0	0	0
K18596	0	0	0	0	0	0	4	0
K12515	0	0	0	0	1	0	0	0
K07219	14	17	11	185	225	90	891	31
K04197	0	0	0	0	0	0	0	0
K18597	0	0	2	1	3	0	7	0
K12516	3	1	2	17	32	2	70	7
K05977	1	0	0	1	2	0	4	0
K04198	0	0	0	0	0	0	0	0
K12517	0	0	0	0	0	0	0	0
K05978	0	0	0	0	0	0	0	0
K18598	0	0	2	1	5	0	12	1
K04199	0	0	0	0	0	0	0	0
K12518	0	0	0	0	0	0	0	0
K18599	0	0	0	0	0	0	0	0
K05979	9	20	4	50	132	5	237	9
K12519	0	0	0	0	0	0	0	0
K09860	0	0	0	1	0	0	0	0
K08080	2	2	1	20	14	2	28	1
K16400	0	5	0	2	2	0	5	0
K09861	38	37	2	20	41	8	111	4
K08081	126	88	1	5	23	11	112	0
K02000	118	76	5	49	154	36	439	6
K09862	20	18	2	21	42	17	182	8
K08082	35	45	5	70	161	47	666	22
K02001	140	89	2	62	208	37	505	11
K09863	0	1	0	1	0	0	2	0
K08083	40	27	1	24	57	15	261	3
K02002	198	136	3	75	247	34	520	10
K13380	1	0	0	11	15	4	69	3
K09864	0	1	0	0	0	0	2	1
K08084	44	47	3	28	70	12	272	10
K02003	287	383	176	1634	2176	515	8169	261
K09865	0	1	0	1	0	0	2	0
K21700	12	6	1	32	28	25	178	3
K13381	6	13	2	21	24	2	116	7
K08085	5	4	0	3	6	1	14	2
K02004	812	1324	384	3864	5849	1483	21120	650
K21701	0	0	0	0	9	1	18	1
K09866	0	1	0	1	1	3	11	1
K08086	70	51	2	43	67	35	432	5
K02005	200	208	75	620	1059	305	3885	141
K21702	3	0	0	1	1	0	14	0
K09867	0	1	0	0	0	1	4	1
K08087	0	0	0	0	1	1	6	0
K02006	8	14	6	35	99	9	173	8
K09868	0	1	0	0	0	0	2	0
K08088	0	0	0	0	0	0	0	0
K21703	33	25	2	85	74	27	379	12
K02007	6	12	4	40	81	12	236	2
K21704	264	234	0	0	0	0	0	0
K09869	0	0	0	0	1	0	1	0
K02008	10	20	7	44	131	6	208	1
K02009	0	7	0	2	13	1	22	0
K21706	0	0	0	0	0	0	0	0
K00770	23	11	0	0	0	0	0	0
K21707	2	0	0	0	0	0	0	0
K00771	3	0	0	0	8	1	14	1
K00772	39	49	20	281	463	107	1388	40
K00773	105	103	44	325	582	231	2669	44
K00774	0	1	0	0	0	0	0	0
K17270	0	0	0	0	0	0	0	0
K00775	0	0	0	0	0	0	0	0
K04650	1	0	0	0	0	0	1	0
K00776	0	0	0	0	0	0	0	0
K17271	0	0	0	0	0	0	0	0
K04651	5	2	7	38	51	20	165	6
K17272	0	0	0	0	0	0	0	0
K04652	3	2	5	85	73	36	435	7
K00778	0	0	0	0	0	0	0	0
K04653	4	2	6	72	84	23	316	10
K17274	0	0	0	0	0	0	0	0
K00779	0	0	0	0	0	0	0	0
K04654	8	5	24	152	215	76	892	31
K17275	1	2	1	0	3	0	1	0
K04655	11	6	11	157	208	44	681	20
K17276	0	0	0	0	2	0	0	0
K04656	12	10	32	288	340	100	1131	38
K04657	0	0	0	0	0	0	0	0
K17277	0	0	0	0	0	0	0	0
K04658	0	0	0	0	0	0	0	0
K17278	1	1	0	1	0	0	0	0
K17279	8	10	0	0	1	0	2	0
K04659	0	3	1	4	8	0	18	4
K08540	0	0	0	0	0	0	0	0
K08541	0	0	0	0	0	0	0	0
K08542	0	0	0	0	0	0	0	0
K08543	0	0	0	0	0	0	0	0
K08544	0	0	0	0	0	0	0	0
K12060	4	7	1	1	5	0	36	0
K08545	0	0	0	0	0	0	0	0
K12061	4	2	0	1	0	1	18	1
K08546	0	0	0	0	0	0	0	0
K12062	1	0	0	0	0	0	9	0
K08547	0	0	0	0	0	0	0	0
K12063	12	15	1	38	31	13	266	5
K13844	0	0	0	0	0	0	0	0
K08548	0	0	0	0	0	0	0	0
K12064	2	1	0	1	2	0	8	0
K08549	0	0	0	0	0	0	0	0
K12065	10	13	4	36	61	11	174	7
K12066	2	3	0	1	1	0	15	0
K12067	3	3	0	0	2	1	15	0
K12068	0	1	0	0	1	1	8	0
K13849	0	0	0	0	0	0	0	0
K12069	0	0	0	0	0	0	0	0
K17730	0	0	0	0	0	0	1	0
K03330	0	0	1	12	43	10	16	1
K03331	0	0	0	3	1	1	13	0
K17731	0	0	0	0	0	0	1	0
K17732	2	6	0	1	2	2	33	0
K03332	28	66	8	55	142	18	504	16
K17733	22	28	4	31	59	9	202	5
K03333	25	76	27	273	435	83	1286	50
K21250	0	0	0	0	0	0	0	0
K03334	0	0	0	1	0	0	1	0
K17734	8	31	7	111	421	49	874	28
K21251	3	2	0	1	2	0	3	0
K17735	31	31	4	76	54	27	378	8
K03335	60	69	17	168	300	44	908	28
K21252	1	4	0	0	3	0	8	1
K17736	6	1	2	21	5	5	41	1
K03336	83	67	17	249	341	66	1059	20
K21253	0	2	0	2	3	5	18	2
K17737	3	0	0	0	3	0	17	0
K03337	43	39	5	116	165	26	422	8
K17738	0	0	0	1	1	0	5	0
K21254	0	4	0	3	5	0	14	0
K03338	71	80	9	108	235	32	562	13
K21255	0	2	1	14	15	4	62	1
K17739	1	0	1	0	1	0	5	0
K03339	0	0	0	1	3	1	3	0
K21256	0	0	1	15	24	3	50	3
K21257	0	0	0	7	6	0	16	0
K21258	0	1	0	6	7	3	19	3
K07220	71	58	17	179	300	151	1528	33
K21259	0	0	0	1	2	0	1	0
K07221	54	53	13	88	193	65	1030	31
K07222	38	72	31	428	653	152	2290	41
K07223	5	6	10	154	24	41	494	19
K12520	0	0	0	0	0	0	0	0
K07224	4	14	4	63	19	4	172	12
K12521	0	0	0	0	0	0	0	0
K07225	30	25	0	5	16	6	74	1
K05982	15	18	4	41	135	2	101	3
K07226	29	11	6	74	62	27	392	11
K12523	0	0	0	0	0	0	0	0
K07227	5	1	0	1	3	3	25	0
K05984	1	4	0	0	4	1	11	0
K05985	0	0	0	1	4	0	0	0
K12524	59	100	26	247	386	55	1108	33
K07228	5	8	0	12	95	3	48	1
K12525	2	0	0	0	2	0	11	0
K07229	1	0	0	1	0	0	1	0
K05986	6	9	0	19	11	4	49	3
K12526	23	28	2	30	64	34	354	1
K12527	0	0	3	25	28	6	96	2
K05988	11	29	2	42	45	10	153	6
K12528	0	0	3	25	52	9	74	2
K05989	129	269	37	333	298	78	1600	43
K12529	0	0	1	1	4	0	1	0
K09870	0	0	0	0	0	0	0	0
K08091	0	0	0	0	0	0	1	0
K09871	0	0	0	0	0	0	0	0
K02010	230	165	21	319	717	238	2735	55
K09872	42	44	0	0	1	0	5	0
K08092	2	11	0	12	7	9	84	1
K02011	292	246	38	550	1292	571	4734	105
K09873	0	0	1	4	10	2	33	1
K08093	1	2	2	11	32	9	125	2
K02012	266	186	42	443	915	795	4164	118
K09874	10	11	7	63	67	10	173	5
K08094	1	0	0	5	13	2	32	1
K02013	244	214	31	283	516	91	1513	47
K09875	0	0	0	0	0	0	0	0
K21710	264	234	0	0	0	0	0	0
K08095	3	5	1	12	6	2	62	1
K02014	2114	2261	157	1147	3435	886	13455	336
K21711	6	3	0	0	5	2	7	1
K09876	0	0	1	4	7	0	32	1
K08096	0	0	0	2	18	4	9	0
K02015	410	330	13	219	539	51	1302	31
K21712	4	0	0	2	2	0	13	0
K16416	2	13	2	32	89	4	143	5
K09877	0	0	0	4	6	0	26	1
K08097	8	18	7	101	88	20	233	10
K02016	350	330	38	416	795	128	1984	75
K21713	2	3	0	0	2	0	2	0
K08098	0	0	0	0	1	0	1	0
K16417	1	48	0	14	45	2	88	3
K09878	0	0	0	1	5	0	17	0
K02017	69	99	33	337	390	94	1226	48
K13395	0	0	0	0	0	0	0	0
K08099	1	1	0	0	1	0	0	0
K09879	5	4	0	20	42	4	75	1
K02018	64	85	27	301	405	81	1169	47
K02019	31	34	6	56	49	13	344	8
K13397	0	0	0	0	0	0	1	1
K00780	0	0	0	0	0	0	1	0
K00781	0	0	0	0	0	0	0	0
K21718	0	0	0	0	0	0	0	0
K00782	19	21	9	85	129	15	418	8
K21719	0	0	0	0	0	1	0	0
K00783	49	38	7	95	127	40	527	12
K00784	28	33	31	313	457	110	1295	43
K17280	0	0	0	0	0	0	0	0
K04660	0	0	0	0	0	0	0	0
K00785	0	0	0	0	0	0	0	0
K04661	0	0	0	0	0	0	0	0
K11200	0	0	0	0	0	0	0	0
K00786	97	106	11	260	396	126	1562	32
K04662	0	0	0	0	0	0	0	0
K11201	0	0	0	5	1	1	11	1
K00787	17	1	0	0	0	0	3	0
K04663	0	0	0	0	0	0	0	0
K17283	0	0	0	0	0	0	0	0
K11202	0	0	0	0	2	0	3	0
K00788	120	91	14	324	393	68	1033	58
K04664	0	0	0	0	0	0	0	0
K17284	0	0	0	0	0	0	0	0
K11203	0	0	1	6	0	0	4	1
K00789	124	122	35	486	757	219	2744	62
K04665	0	0	0	0	0	0	0	0
K17285	8	20	24	294	456	163	1493	44
K11204	1	0	0	0	0	0	1	0
K04666	0	0	0	0	0	0	0	0
K11205	0	0	0	0	0	0	0	0
K17286	0	0	0	2	3	0	3	0
K04667	0	0	0	0	0	0	1	0
K11206	83	82	13	225	272	84	995	22
K17288	0	0	0	0	0	0	0	0
K11207	0	0	0	0	0	0	0	0
K04669	0	0	0	0	0	0	0	0
K17289	0	0	1	0	0	0	0	0
K11208	11	16	1	11	15	5	131	2
K11209	123	114	22	341	252	191	2104	41
K08550	0	0	0	0	0	0	0	0
K08551	0	0	0	0	0	0	0	0
K08552	0	0	0	0	0	0	0	0
K08553	0	0	0	0	0	0	0	0
K08554	0	0	0	0	0	0	0	0
K12070	5	7	1	5	2	6	50	1
K08555	0	0	0	0	0	0	0	0
K12071	12	9	0	5	14	6	70	1
K08556	0	0	0	0	0	0	0	0
K12072	8	3	0	1	3	1	44	0
K08557	0	0	0	0	0	0	0	0
K13853	0	3	2	9	30	4	60	0
K12073	1	2	1	3	11	3	16	1
K12074	0	0	0	0	0	0	0	0
K08558	0	0	0	0	0	0	0	0
K13854	2	3	0	2	1	0	19	0
K08559	0	0	0	0	0	0	0	0
K13855	0	0	0	0	2	0	0	0
K12075	0	0	0	0	0	0	0	0
K13856	0	0	0	0	0	0	0	0
K12076	0	0	0	0	0	0	1	0
K13857	0	0	0	0	0	0	0	0
K12077	0	0	0	0	0	0	0	0
K13858	0	0	0	0	2	0	0	1
K12078	1	0	0	0	1	0	6	0
K13859	0	0	0	0	2	0	0	1
K12079	0	0	0	0	0	0	0	0
K17740	0	0	0	0	0	0	1	0
K03340	0	0	0	4	29	4	58	2
K17741	0	0	0	1	1	0	1	0
K03341	0	0	0	0	0	0	0	0
K17742	0	0	0	0	5	0	20	0
K03342	105	118	12	97	269	39	618	22
K17743	0	0	1	3	9	1	49	2
K03343	6	12	3	21	17	0	83	0
K21260	0	4	0	4	2	0	4	0
K17744	6	10	0	5	18	1	77	0
K21261	3	0	0	1	0	0	0	0
K03345	0	0	0	0	0	0	0	0
K17745	0	0	0	0	0	0	2	0
K21262	0	4	0	4	2	0	4	0
K03346	0	0	0	1	5	0	0	0
K17746	0	0	0	0	0	0	0	0
K17747	0	0	0	0	0	0	2	0
K21263	0	2	0	1	0	0	6	0
K03347	0	2	0	0	2	0	5	0
K17748	0	0	0	0	0	0	0	0
K21264	0	2	0	2	3	5	18	2
K03348	6	0	0	0	1	0	2	0
K03349	0	0	0	1	0	0	2	0
K21265	0	2	0	2	3	5	19	2
K17749	0	0	1	13	16	5	37	0
K21267	0	1	1	2	6	1	7	0
K21268	0	0	0	0	0	1	3	0
K07230	9	0	0	3	3	3	35	0
K21269	0	0	0	0	0	0	0	0
K07231	57	40	0	13	35	15	173	5
K07232	67	48	2	46	93	35	433	15
K07233	21	13	3	24	128	57	330	5
K12530	1	0	0	0	1	0	13	0
K07234	99	24	7	95	126	48	677	8
K05991	2	8	0	33	44	3	105	10
K12531	1	0	0	0	1	0	14	0
K07235	5	0	0	3	12	0	17	2
K12532	0	0	0	0	5	1	10	0
K07236	5	0	0	0	5	0	4	0
K12533	2	2	1	5	8	2	51	3
K07237	5	0	0	0	1	0	3	0
K05994	11	20	4	28	92	24	299	11
K12534	5	4	0	8	1	2	30	0
K07238	39	39	14	131	371	43	600	25
K05995	16	23	12	111	87	55	584	15
K12535	9	3	0	0	6	2	8	0
K07239	47	51	3	54	175	23	622	12
K05996	5	23	6	34	240	11	239	15
K12536	36	58	0	9	69	9	190	1
K05997	7	0	0	3	5	2	19	1
K12537	14	25	1	5	20	0	71	1
K05998	1	2	1	13	0	2	25	0
K12538	6	12	0	0	3	0	31	0
K05999	0	0	0	10	3	9	83	1
K12539	21	24	0	15	17	4	114	5
K09880	11	14	1	27	29	15	190	4
K09881	0	0	0	0	0	0	0	0
K16420	2	1	0	5	1	1	12	0
K03800	10	10	10	53	133	20	262	9
K02020	69	76	37	419	380	158	1979	80
K16421	5	9	2	26	54	7	130	5
K09882	53	38	6	83	102	47	615	12
K03801	78	96	10	205	350	81	1070	22
K02021	102	115	13	159	414	69	973	22
K16422	12	16	20	221	256	69	1000	42
K09883	75	65	8	133	163	56	669	23
K03802	109	166	17	145	569	57	1350	23
K02022	158	136	15	251	326	106	1512	53
K09884	0	0	0	0	1	1	9	0
K16423	13	19	1	21	30	1	54	6
K03803	8	0	0	0	2	0	0	0
K09885	0	0	0	1	0	0	4	0
K16424	5	1	1	4	20	4	73	2
K03804	1	3	0	0	2	0	2	0
K02024	42	47	1	27	23	17	197	10
K21721	8	7	0	20	31	11	105	3
K16425	0	0	0	6	9	0	5	1
K09886	0	0	0	4	6	0	26	1
K03805	12	4	0	3	5	3	41	2
K02025	678	814	87	1257	2199	487	7169	155
K09887	0	0	0	0	0	0	0	0
K16426	0	0	1	12	12	1	41	1
K03806	37	19	3	87	61	29	280	8
K02026	644	821	103	1273	2221	537	7382	187
K21723	0	0	0	0	0	0	0	0
K16427	0	3	2	34	10	6	111	5
K09888	56	32	2	68	77	26	350	15
K03807	18	13	0	2	14	7	46	1
K02027	946	1196	116	1844	3439	789	9515	236
K21724	0	0	0	1	1	0	3	1
K16428	3	24	1	26	28	1	58	3
K09889	23	22	3	3	18	8	144	4
K03808	25	15	4	58	37	21	270	6
K02028	307	196	28	375	553	205	2719	52
K21725	0	0	0	2	0	0	1	1
K16429	2	24	0	26	30	0	61	2
K03809	72	48	2	91	163	67	743	13
K02029	602	408	43	614	909	344	4327	94
K21726	0	3	3	60	59	23	199	7
K00790	165	171	37	514	810	247	3129	67
K21727	2	5	0	8	17	2	42	2
K00791	96	94	29	283	446	102	1441	34
K00793	66	79	20	216	348	96	1174	25
K00794	67	77	17	168	271	67	911	30
K04670	0	0	0	0	0	0	0	0
K17290	1	0	0	0	0	0	2	0
K00795	84	63	5	120	166	64	898	9
K04671	0	0	0	0	0	0	0	0
K17291	0	0	0	0	0	0	0	0
K11210	1	1	1	11	13	14	63	9
K00796	110	110	33	419	597	130	1831	62
K04672	0	0	0	0	0	0	0	0
K17292	2	0	0	1	4	0	16	0
K11211	11	12	10	114	200	10	254	6
K00797	112	141	27	340	702	197	2822	87
K04673	0	0	0	0	0	0	0	0
K17293	0	0	0	0	0	0	0	0
K11212	7	22	10	210	300	29	551	24
K00798	64	69	19	181	333	72	918	34
K17294	0	0	0	0	0	0	0	0
K04674	0	0	0	0	0	0	0	0
K11213	0	0	0	0	0	0	0	0
K00799	766	724	90	1301	1289	772	8624	168
K17295	0	0	0	0	0	0	0	0
K04675	0	0	0	0	0	0	0	0
K11214	0	0	0	6	7	0	16	1
K17296	0	0	0	0	0	0	0	0
K04676	0	0	0	0	0	0	0	0
K11215	0	0	0	0	0	0	2	0
K17297	0	0	0	0	0	0	0	0
K04677	0	0	0	0	0	0	0	0
K11216	4	11	0	15	30	12	98	5
K11217	0	0	0	0	0	0	0	0
K17298	0	0	0	0	0	0	3	0
K04678	0	0	0	0	0	0	0	0
K04679	0	0	0	0	0	0	0	0
K11218	0	0	0	0	0	0	0	0
K17299	0	0	0	0	0	0	10	0
K11219	0	0	0	0	0	0	0	0
K08560	0	0	0	0	0	0	0	0
K08561	0	0	0	0	0	0	0	0
K15100	0	0	0	1	0	0	3	0
K08562	0	0	0	0	0	0	0	0
K15101	0	0	0	0	0	0	0	0
K15102	22	19	0	0	1	0	3	1
K13860	0	0	0	0	0	0	0	0
K08564	0	0	0	0	0	0	0	0
K15103	1	1	0	0	0	0	0	0
K12080	2	6	0	11	7	7	98	0
K13861	0	0	0	0	2	0	0	1
K20400	0	0	0	0	0	0	0	0
K15104	0	0	0	1	1	0	1	1
K12081	0	0	1	2	4	3	25	1
K08565	0	0	0	0	0	0	0	0
K20401	0	0	0	0	0	0	0	0
K13862	0	0	0	0	0	0	0	0
K15105	0	0	0	1	1	0	2	0
K12082	0	0	0	0	1	0	5	0
K08566	0	0	0	1	3	0	4	0
K20402	0	0	0	0	0	0	0	0
K13863	0	0	0	1	1	1	1	0
K15106	0	0	0	0	0	0	0	0
K12083	1	1	0	1	5	0	31	0
K20403	1	0	0	0	1	0	2	0
K15107	0	0	0	0	0	0	0	0
K13864	0	0	0	1	1	1	1	0
K08568	0	0	0	1	0	0	2	0
K08569	0	0	0	0	0	0	0	0
K13865	0	1	0	1	1	1	0	0
K20404	0	0	0	0	0	0	3	0
K15108	0	0	0	0	1	0	1	1
K12085	1	0	1	0	1	0	2	0
K20405	0	0	0	0	0	0	1	0
K15109	15	1	0	1	1	0	2	0
K13866	1	1	0	0	1	0	1	0
K13867	0	0	1	0	0	0	2	0
K20406	2	0	0	0	0	0	0	0
K20407	0	0	0	0	1	1	5	0
K12088	0	0	0	2	0	0	3	0
K13868	0	0	6	22	24	7	136	4
K13869	0	0	0	0	0	1	1	0
K12089	0	0	0	3	6	0	2	0
K20408	0	0	0	2	0	0	6	0
K20409	1	0	0	0	0	0	4	0
K17750	0	0	0	0	0	0	0	0
K03350	1	0	2	3	9	3	18	1
K17751	0	0	0	0	1	0	2	0
K03351	0	0	0	1	0	0	2	0
K03352	0	0	0	0	2	0	1	0
K17752	11	20	10	84	140	32	470	14
K17753	0	0	0	0	0	0	0	0
K03353	0	0	3	4	9	3	22	0
K03354	0	0	0	0	3	0	6	0
K21270	1	1	0	4	3	2	30	3
K17754	3	0	1	7	7	7	39	1
K21271	0	1	0	12	15	0	29	0
K17755	6	4	1	15	11	4	42	0
K03355	0	2	0	1	4	0	2	0
K03356	0	0	0	0	0	0	0	0
K21272	0	0	0	3	9	3	28	1
K17756	0	5	0	1	8	2	23	0
K03357	3	2	0	1	0	0	0	0
K21273	6	17	5	34	48	4	121	5
K17757	1	0	0	1	0	0	3	0
K03358	0	0	0	0	0	0	0	0
K17758	56	77	28	334	597	98	1504	40
K03359	0	0	0	0	0	0	0	0
K21275	0	0	0	5	7	1	11	0
K17759	43	65	30	337	570	89	1393	42
K21276	8	1	0	0	0	0	9	0
K21277	0	1	0	0	2	2	13	0
K21278	0	0	0	0	0	0	2	0
K07240	155	192	38	525	730	185	2718	84
K21279	1	1	0	0	4	0	6	0
K07241	2	8	14	192	60	31	485	15
K07242	0	2	0	0	3	0	0	1
K07243	22	26	12	197	251	84	1120	38
K07244	0	0	0	2	12	1	16	0
K12540	11	16	0	1	4	1	19	0
K12541	68	64	4	36	147	62	582	8
K07245	32	58	12	274	283	59	907	35
K12542	53	38	1	25	100	27	303	8
K07246	77	84	16	251	317	106	1695	36
K12543	49	52	1	19	94	31	298	7
K12544	2	0	0	2	6	0	10	2
K07248	15	11	5	42	53	14	255	5
K12545	0	1	0	0	0	0	0	0
K07249	0	1	0	7	5	0	33	0
K12547	0	1	0	3	2	5	23	0
K12548	2	10	5	70	33	9	176	10
K12549	43	24	2	11	19	1	54	9
K09890	3	0	0	0	0	0	0	0
K16430	1	1	0	4	6	0	4	0
K09891	0	3	0	1	2	1	6	0
K03810	6	22	1	19	40	10	149	3
K02030	649	461	77	1018	1303	542	6239	170
K16431	0	1	3	11	21	2	54	2
K09892	9	12	2	0	8	2	38	0
K03811	36	41	2	17	34	16	269	7
K02031	896	739	134	1803	2328	569	9993	237
K16432	0	0	0	3	9	0	11	2
K09893	0	0	0	0	1	0	5	0
K03812	6	1	0	0	0	0	1	0
K02032	883	672	128	1696	2235	526	8929	243
K09894	0	0	0	0	0	0	0	0
K16433	0	1	0	0	0	0	2	0
K03813	5	1	0	21	9	11	88	0
K02033	723	712	160	1925	3271	766	10340	279
K21730	0	1	5	56	35	13	268	11
K16434	0	4	2	10	20	2	31	1
K09895	11	5	0	5	6	4	55	0
K03814	62	66	12	121	200	90	915	20
K02034	734	735	162	1845	3018	600	9706	252
K09896	0	0	0	0	0	0	0	0
K21731	0	0	1	30	22	6	115	3
K16435	7	9	0	11	5	2	24	1
K03815	14	10	2	11	21	6	99	1
K02035	1289	1317	387	4645	6905	1677	22076	744
K09897	0	0	1	0	0	0	3	1
K16436	1	6	1	17	15	1	62	0
K03816	5	0	1	1	16	0	14	0
K02036	71	76	24	324	489	189	2384	47
K21733	0	0	0	0	0	0	0	0
K16437	3	6	1	14	8	3	51	2
K09898	7	0	0	2	4	2	18	0
K03817	7	10	5	29	47	6	105	8
K02037	135	128	28	359	653	206	2342	54
K09899	0	0	0	0	0	0	0	0
K21734	0	0	0	0	1	0	0	0
K16438	3	3	1	8	7	2	14	0
K03818	5	16	2	9	28	10	134	3
K02038	122	94	32	421	649	197	2364	61
K21735	0	0	0	0	0	0	0	0
K16439	0	3	1	13	11	3	50	1
K03819	1	2	0	4	6	1	19	1
K02039	81	90	30	325	483	158	1802	53
K21736	264	234	0	0	0	0	0	0
K21737	0	0	0	0	1	0	1	0
K07700	0	0	0	0	0	0	0	0
K21738	0	0	0	0	4	0	3	0
K07701	4	0	0	0	0	0	1	0
K21739	7	3	4	51	52	32	286	7
K07702	0	0	0	0	1	0	1	0
K04680	0	0	0	0	0	0	0	0
K07703	2	0	0	0	1	0	3	0
K11220	0	0	0	0	0	0	0	0
K07704	3	1	2	13	23	3	58	1
K04681	0	1	0	0	0	0	1	0
K11221	0	0	0	0	0	0	0	0
K04682	0	0	0	0	0	0	0	0
K07705	4	5	5	58	71	22	235	14
K11222	0	0	0	0	0	0	0	0
K07706	2	0	0	4	5	0	7	0
K04683	0	0	0	0	0	0	0	0
K04684	0	0	0	0	0	0	0	0
K11223	0	0	0	0	0	0	0	0
K07707	0	0	0	0	0	0	0	0
K11224	0	0	0	0	0	0	0	0
K07708	81	62	18	155	224	83	883	21
K04685	0	1	0	0	2	0	5	0
K11225	0	0	0	0	0	0	0	0
K04686	0	0	0	0	0	0	0	0
K07709	6	11	14	108	324	65	744	32
K11226	0	0	0	0	0	0	0	0
K11227	1	0	0	0	3	0	0	0
K04688	0	1	0	0	1	0	5	0
K11228	0	0	0	0	0	0	0	0
K11229	0	2	0	0	0	0	2	0
K08570	1	0	0	0	0	0	0	0
K08571	0	0	0	0	0	0	0	0
K15110	0	0	0	0	0	0	0	0
K08572	0	0	0	0	0	0	0	0
K15111	2	3	0	0	0	0	2	0
K08573	0	0	0	0	0	0	2	0
K15112	0	0	0	0	0	0	0	0
K13870	0	0	0	0	0	0	1	0
K12090	0	1	0	0	0	0	1	0
K15113	1	3	0	0	2	0	0	0
K08574	0	0	0	0	0	0	1	0
K20410	0	0	0	0	0	0	1	0
K15114	0	0	0	0	0	0	0	0
K08575	0	0	0	0	0	0	1	0
K13871	0	0	0	0	1	0	1	0
K13872	0	0	1	0	0	0	3	0
K20411	0	0	0	0	0	0	0	0
K12092	3	0	0	1	2	2	43	1
K15115	1	1	0	0	0	0	3	0
K08576	0	0	0	1	1	0	0	1
K12093	0	0	0	0	0	0	0	0
K20412	0	0	1	0	0	0	7	0
K15116	0	0	0	0	0	0	1	0
K13873	1	0	0	1	4	0	11	0
K08577	0	0	0	0	0	0	1	0
K20413	0	0	0	0	0	0	0	0
K15117	0	0	0	0	1	0	0	0
K08578	0	0	0	0	0	0	3	0
K13874	69	64	11	122	106	22	537	9
K20414	0	0	0	0	0	0	0	0
K12095	0	0	0	0	0	0	0	0
K08579	0	0	0	0	1	0	0	0
K15118	0	0	0	0	0	0	2	0
K13875	61	81	3	71	129	63	804	9
K12096	0	0	0	0	0	0	0	0
K20415	0	0	0	0	0	0	0	0
K15119	1	2	0	0	0	0	1	0
K13876	5	13	3	29	38	26	279	2
K20416	0	0	1	2	1	1	17	1
K13877	96	77	6	68	78	24	531	14
K13878	0	0	0	0	0	0	0	0
K20417	1	0	0	0	0	0	0	1
K13879	0	0	0	0	0	0	0	0
K20418	0	0	0	0	0	0	2	0
K17760	48	43	30	264	279	159	1947	48
K03360	0	0	0	0	0	0	0	0
K17761	0	0	1	1	2	0	3	0
K03361	2	1	1	4	4	0	10	2
K03362	1	0	0	1	0	0	6	0
K17762	6	12	7	44	77	14	284	9
K17763	41	261	14	136	316	39	673	25
K03363	2	4	0	3	9	1	17	3
K17764	0	0	0	0	0	0	0	0
K03364	0	0	0	1	2	0	8	0
K21281	1	3	2	18	9	0	18	2
K17765	0	0	0	0	0	0	1	0
K03365	0	0	0	10	2	0	13	0
K17766	0	0	0	0	0	0	1	0
K03366	28	18	7	92	110	32	445	12
K21283	0	0	0	0	0	0	0	0
K17767	0	0	0	0	0	0	0	0
K03367	2	1	2	16	11	9	117	3
K21284	7	5	1	10	6	0	8	0
K17768	2	0	3	7	9	2	33	1
K03368	0	0	0	0	0	0	1	0
K03369	0	0	0	1	0	0	0	0
K17769	1	0	0	1	0	0	0	0
K21285	0	0	0	2	3	0	1	0
K21286	261	232	0	0	2	0	0	0
K21288	2	0	0	1	0	1	4	1
K07250	65	93	35	388	455	164	1906	55
K21289	0	0	0	0	0	0	0	0
K07251	2	6	5	44	96	2	65	5
K07252	0	0	0	0	0	0	2	0
K07253	0	0	0	1	0	0	0	0
K12550	0	0	0	0	0	0	0	0
K07254	0	0	0	1	12	2	7	0
K12551	0	0	1	8	13	0	18	0
K07255	5	5	1	10	26	3	66	1
K12552	0	0	0	5	28	6	70	1
K07256	6	9	0	3	8	1	52	0
K12553	0	0	0	1	7	0	4	0
K07257	5	5	4	32	56	8	242	14
K12554	0	0	0	0	8	0	2	0
K07258	174	143	23	457	495	188	2006	46
K12555	0	1	0	12	64	8	98	3
K07259	67	84	23	310	519	81	1395	57
K12556	0	0	0	5	28	6	70	1
K12557	0	0	0	0	0	0	2	0
K12558	0	0	0	0	0	0	1	0
K12559	0	0	0	0	0	0	1	0
K16440	1	3	0	4	1	0	7	0
K03820	151	154	23	418	549	156	2106	71
K02040	169	143	65	549	817	197	2482	96
K03821	152	149	34	726	813	363	3958	65
K02041	58	53	4	52	113	33	367	17
K03822	1	2	4	41	21	3	87	6
K02042	151	101	7	101	180	67	713	30
K03823	83	95	13	210	293	54	1013	36
K02043	32	29	2	18	26	9	82	2
K21740	0	0	0	0	0	0	0	0
K16444	5	14	3	40	28	4	118	9
K03824	37	32	2	44	114	16	262	10
K02044	100	104	15	149	270	108	852	33
K16445	0	0	0	0	1	0	2	0
K21741	0	0	0	2	2	1	27	1
K03825	15	19	3	26	76	15	271	4
K02045	85	83	16	142	311	71	1219	28
K21742	0	0	0	0	0	0	1	0
K16446	0	0	0	1	0	0	2	0
K03826	6	5	1	6	10	4	76	2
K02046	81	76	11	138	250	39	714	25
K16447	0	0	0	1	0	0	0	0
K21743	0	0	0	1	3	0	5	0
K03827	18	14	1	33	34	20	198	6
K02047	73	52	12	126	259	68	839	27
K21744	3	11	2	46	48	7	114	2
K03828	10	12	2	14	35	5	125	3
K02048	96	84	17	156	335	66	940	33
K21745	0	0	0	0	0	0	0	0
K16449	0	0	0	0	0	0	6	1
K03829	34	40	4	46	64	28	393	12
K02049	287	281	75	1204	1124	720	7434	172
K21746	1	0	0	0	1	0	1	0
K21747	3	2	0	6	5	2	19	1
K21748	7	3	0	2	8	3	92	1
K07710	1	2	4	51	109	37	409	19
K21749	0	2	0	2	10	2	12	3
K07711	29	17	7	68	156	74	668	17
K07712	108	120	32	313	501	163	2099	58
K04690	0	0	0	0	0	0	0	0
K07713	47	99	28	349	681	112	2074	82
K11230	0	0	0	1	0	0	4	0
K07714	20	47	13	222	591	148	1713	54
K04691	25	18	4	43	66	24	333	6
K04692	0	0	0	0	0	0	0	0
K11231	0	1	0	1	3	0	16	1
K07715	20	25	7	71	187	66	667	18
K04693	0	0	0	0	0	0	0	0
K11232	1	1	0	0	0	0	1	0
K07716	149	139	15	314	318	167	1755	52
K11233	0	0	0	0	0	0	0	0
K07717	0	4	0	6	7	1	46	1
K04695	0	0	0	0	0	0	0	0
K11234	0	0	0	0	0	0	0	0
K07718	13	4	0	16	71	5	62	1
K04696	0	0	0	0	0	0	0	0
K07719	1	3	1	4	4	2	13	0
K04697	0	0	0	0	0	0	0	0
K11236	0	0	0	0	0	0	4	0
K04698	0	0	0	0	0	0	0	0
K11237	0	0	0	0	0	0	5	0
K04699	0	0	0	0	0	0	0	0
K11238	1	0	0	1	4	0	5	0
K11239	0	0	0	0	0	0	0	0
K08580	0	0	0	0	0	0	0	0
K15120	0	0	0	0	0	0	0	0
K08581	0	0	0	0	0	0	0	0
K16900	0	0	0	0	0	0	0	0
K02500	96	97	27	291	420	72	1404	44
K16901	2	3	4	28	24	9	115	4
K15121	0	0	0	0	0	0	0	0
K08582	0	0	0	0	0	0	3	0
K02501	85	80	21	224	361	91	1351	33
K08583	0	0	0	1	0	0	2	0
K16902	0	0	0	0	1	1	18	2
K15122	0	0	0	0	0	0	0	0
K02502	82	86	13	170	242	43	643	34
K08584	0	0	0	0	0	0	0	0
K13880	0	0	0	0	0	0	0	0
K16903	0	0	0	0	0	0	1	0
K15123	0	0	0	0	0	0	0	0
K02503	63	83	24	203	343	82	1047	31
K13881	0	0	0	0	0	0	0	0
K15124	0	0	0	0	0	0	0	0
K20420	7	9	0	29	14	2	31	3
K16904	0	0	0	0	0	0	1	0
K08585	0	0	0	0	2	0	2	0
K02504	18	32	4	49	63	63	572	7
K08586	0	0	0	0	0	0	1	0
K20421	1	4	3	79	142	18	298	13
K19000	2	2	0	0	2	1	11	1
K16905	3	1	0	0	29	2	20	0
K15125	108	95	29	204	264	33	914	56
K13882	0	0	1	1	0	0	3	0
K02505	7	0	0	6	15	2	46	0
K15126	0	0	0	0	0	0	0	0
K08587	0	0	0	0	2	0	0	0
K16906	1	1	0	1	24	0	14	0
K20422	1	5	1	11	9	0	23	0
K19001	4	1	0	1	1	0	9	0
K02506	2	0	1	0	13	2	31	0
K13884	0	0	0	0	0	0	0	0
K08588	0	0	0	0	0	0	0	0
K15127	0	0	0	0	0	0	0	0
K20423	4	2	1	11	12	0	18	2
K19002	7	13	2	19	47	8	115	1
K16907	4	1	1	4	43	5	37	1
K02507	19	3	1	14	32	14	98	5
K16908	1	0	0	0	0	0	1	0
K20424	0	0	0	0	1	0	2	0
K19003	6	4	3	22	35	4	83	2
K15128	0	0	0	0	1	0	1	0
K13885	0	0	0	0	0	0	2	0
K08589	1	0	2	3	1	0	14	0
K02508	8	10	0	0	3	1	9	0
K20425	0	0	0	0	0	0	0	0
K19004	0	0	0	0	0	0	1	0
K16909	0	0	0	0	0	0	1	0
K15129	0	0	0	0	0	0	0	0
K13886	0	0	1	4	4	0	18	0
K02509	25	20	7	68	35	31	378	6
K20426	0	0	0	0	2	0	0	0
K19005	0	1	0	2	9	0	8	0
K13887	0	0	0	0	1	0	1	0
K19006	0	0	0	0	0	0	0	0
K20427	1	0	0	2	4	1	9	0
K13888	64	51	11	133	255	51	731	32
K19007	0	0	0	0	0	0	0	0
K20428	0	0	0	25	10	18	134	4
K13889	18	27	5	81	163	46	550	19
K20429	4	9	4	19	29	15	248	7
K19008	0	0	0	0	0	0	0	0
K19009	0	0	0	0	0	0	4	0
K03370	0	0	0	0	0	0	0	0
K17770	0	0	0	1	0	0	0	0
K03371	0	0	0	1	0	0	0	0
K17771	0	0	0	0	0	0	0	0
K17772	0	0	0	0	0	0	0	0
K03372	0	0	0	0	0	0	4	0
K03373	0	0	0	0	0	0	0	0
K17773	0	0	0	0	0	0	0	0
K21290	0	0	0	0	0	0	0	0
K03374	0	0	0	0	0	0	0	0
K17774	0	0	0	0	0	0	0	0
K03375	0	1	0	0	0	0	0	0
K17775	0	0	0	0	0	0	1	1
K21291	0	0	0	0	0	0	0	0
K03376	0	0	0	0	0	0	0	0
K21292	0	0	0	0	0	0	0	0
K17776	1	0	0	0	0	0	0	0
K21293	0	0	0	0	0	0	1	0
K17777	0	0	0	0	0	0	0	0
K03377	1	0	0	1	0	0	2	0
K17778	0	1	0	0	0	0	0	0
K21294	0	0	0	0	0	0	1	0
K17779	0	0	0	0	0	0	0	0
K21295	0	0	0	0	0	0	1	0
K03379	20	45	26	420	301	131	2117	41
K21297	2	5	0	4	7	1	18	1
K21298	5	5	2	3	40	1	46	1
K07260	21	24	6	41	169	14	284	7
K07261	28	41	6	118	105	37	418	12
K07262	32	36	1	25	48	29	392	5
K07263	272	339	112	1012	2039	653	8501	238
K12560	0	0	0	0	0	0	0	0
K07264	5	7	2	11	9	10	101	7
K12561	0	0	0	0	0	0	0	0
K07265	43	22	1	10	36	5	110	1
K12562	3	4	0	0	0	0	0	2
K07266	49	24	0	10	53	3	94	3
K12563	0	0	0	0	0	0	0	0
K07267	13	9	6	97	37	88	754	17
K12564	0	0	0	0	0	0	0	0
K07268	2	0	0	2	4	0	7	0
K12565	0	0	0	0	0	0	0	0
K07269	0	0	0	0	0	0	1	0
K12566	0	0	0	0	0	0	0	0
K12567	5	6	8	106	90	6	217	26
K12568	0	0	0	0	0	0	0	0
K12569	0	0	0	0	0	0	0	0
K03830	10	11	5	38	48	24	220	9
K02050	306	306	66	1343	1211	804	7315	177
K16451	0	0	0	0	0	0	0	0
K03831	26	22	7	33	59	12	199	8
K02051	351	353	123	1993	1854	1921	11783	385
K16452	0	0	0	0	0	0	0	0
K03832	218	223	44	379	639	159	2251	100
K02052	301	183	38	521	694	221	3319	73
K16453	0	0	0	0	1	0	0	0
K03833	15	18	25	347	505	85	1200	42
K02053	174	140	25	351	410	186	2160	51
K16454	0	0	0	0	0	0	0	0
K21750	0	0	1	0	0	0	4	0
K03834	0	0	2	7	11	3	71	0
K02054	199	139	24	331	398	178	2325	48
K03835	0	0	0	0	0	0	0	0
K21751	0	0	0	0	0	0	1	0
K16455	0	0	0	0	2	0	3	0
K02055	284	195	38	516	634	323	3365	76
K16456	0	0	0	0	0	0	0	0
K03836	0	0	0	0	0	0	0	0
K21752	1	0	0	0	0	0	0	0
K02056	420	474	81	767	1311	247	4611	98
K21753	0	0	0	0	0	0	0	0
K16457	0	0	0	0	0	0	0	0
K03837	1	1	0	0	1	0	9	0
K02057	583	629	71	911	1511	371	5682	114
K03838	0	0	0	0	0	0	0	0
K21754	0	0	0	0	0	0	1	0
K16458	0	1	0	2	2	0	15	0
K02058	315	362	28	459	549	206	2598	47
K16459	0	0	0	0	0	0	0	0
K21755	0	0	1	1	2	0	5	1
K03839	2	1	0	1	3	0	9	0
K21756	1	1	0	0	0	0	6	1
K21757	6	8	0	12	17	5	106	2
K21758	0	0	0	0	0	1	3	0
K07720	9	5	0	22	96	9	166	2
K21759	0	0	0	0	0	0	4	0
K07721	0	0	1	12	23	0	4	0
K07722	2	2	1	23	30	18	146	5
K07723	0	0	0	1	5	1	4	1
K11240	0	0	0	0	0	0	0	1
K07724	1	0	0	1	2	0	4	0
K11241	0	0	0	0	0	0	0	0
K07725	0	0	0	1	1	0	3	0
K11242	0	0	0	0	0	0	0	0
K07726	27	19	8	58	73	12	215	7
K11243	0	0	0	0	0	0	0	0
K07727	24	19	3	14	56	22	225	8
K07728	0	0	0	1	3	2	3	0
K11244	0	0	0	1	0	0	0	1
K11245	0	0	0	0	0	0	0	0
K07729	26	25	4	37	84	20	268	3
K11246	0	0	0	0	0	0	0	0
K11247	0	0	0	0	0	0	0	0
K11248	0	0	0	0	0	0	0	0
K11249	0	0	0	0	0	1	4	0
K15130	0	0	0	0	0	0	0	0
K16910	0	0	1	0	0	0	2	0
K08591	50	45	13	161	299	52	917	25
K02510	63	75	23	335	457	148	1969	52
K15131	1	0	0	0	0	0	0	0
K16911	0	0	0	0	0	1	4	0
K08592	16	12	0	0	1	0	2	0
K02511	0	0	0	4	0	2	36	2
K02512	0	0	0	0	0	0	0	0
K15132	0	0	0	0	0	0	0	0
K08593	0	0	0	0	0	0	0	0
K16912	0	0	0	1	0	0	2	0
K02513	0	0	0	0	0	0	0	0
K16913	0	0	0	0	0	0	0	0
K15133	2	0	0	0	0	0	4	0
K08594	0	0	0	0	0	0	0	0
K13890	11	21	4	51	84	19	342	11
K15134	0	0	0	0	0	0	0	1
K08595	0	0	0	0	0	0	0	0
K02514	0	0	0	0	0	0	0	0
K20430	0	0	0	3	6	2	9	0
K16914	0	0	0	0	0	0	6	0
K13891	4	13	1	20	52	11	213	5
K19010	0	0	0	0	0	0	0	0
K15135	0	0	0	0	0	0	0	0
K20431	7	7	1	17	25	6	110	4
K16915	2	2	0	12	31	8	91	5
K13892	73	24	0	35	44	24	356	5
K08596	0	0	0	0	1	0	1	0
K02515	0	0	0	0	0	0	5	0
K16916	0	0	0	0	0	0	0	0
K19011	0	0	0	0	0	0	0	0
K15136	0	0	0	0	0	0	1	0
K20432	0	0	0	0	1	1	2	0
K13893	121	83	17	384	369	193	1726	54
K08597	1	0	0	1	4	1	7	0
K02516	1	0	1	1	0	0	3	0
K19012	0	0	0	0	0	0	1	0
K15137	0	0	0	0	0	0	0	0
K16917	0	0	0	0	0	0	1	0
K08598	0	0	0	0	0	0	0	0
K20433	1	2	3	7	12	4	49	0
K13894	52	36	8	100	109	53	566	13
K02517	122	128	22	222	283	128	1661	44
K15138	0	0	0	0	0	0	0	0
K20434	0	0	0	0	0	0	1	0
K19013	3	0	0	0	2	0	7	1
K16918	0	1	0	0	5	1	18	0
K13895	44	38	8	91	99	41	469	9
K08599	1	1	0	0	1	0	1	0
K02518	63	49	14	144	245	102	952	28
K15139	0	1	0	0	0	0	1	0
K20435	1	2	0	3	0	2	6	1
K19014	0	0	0	1	0	0	0	0
K16919	0	0	0	1	1	0	1	1
K13896	262	157	14	214	264	102	1620	24
K02519	235	258	72	728	1084	340	4273	114
K13897	0	0	0	0	0	0	0	0
K20436	0	4	3	24	35	7	95	3
K19015	0	0	0	1	0	0	5	0
K13898	0	0	0	0	0	0	0	0
K20437	0	0	0	0	0	0	1	0
K13899	2	1	0	0	0	0	0	1
K20438	1	0	0	3	3	0	5	0
K06400	19	18	50	357	634	90	1485	56
K19018	0	0	0	0	0	0	0	0
K06401	2	1	0	2	13	1	14	0
K19019	0	0	0	0	0	0	0	0
K06402	7	4	1	91	177	24	384	10
K06403	0	0	0	0	3	0	0	0
K17780	13	7	0	0	0	0	0	0
K03380	19	25	1	52	42	43	389	4
K06404	0	0	0	0	2	0	2	0
K17781	0	0	0	0	0	0	2	0
K11700	0	0	0	0	0	0	0	0
K03381	35	33	8	130	125	42	582	19
K06405	1	0	0	0	3	0	0	0
K03382	5	9	0	0	0	0	17	0
K17782	0	0	0	0	0	0	0	0
K11701	0	0	0	0	0	0	0	0
K11702	0	0	0	0	0	0	1	0
K17783	0	0	0	1	0	0	0	0
K06406	3	1	0	2	15	1	27	1
K03383	2	2	3	61	36	14	209	3
K06407	0	0	0	0	2	0	0	0
K11703	0	0	0	1	0	0	1	0
K17784	0	0	0	0	0	0	0	0
K06408	0	0	0	3	11	0	2	0
K11704	0	0	0	0	5	0	1	0
K17785	1	0	0	0	0	0	2	0
K03385	5	10	6	41	231	43	499	14
K17786	0	0	0	0	0	0	0	0
K11705	0	0	0	0	9	0	5	0
K06409	4	7	1	12	29	1	47	2
K03386	113	107	20	302	375	198	1852	41
K17787	1	0	0	0	0	0	0	0
K11706	0	0	0	2	0	0	4	0
K03387	58	55	0	9	64	13	176	4
K17788	0	0	0	0	0	0	0	0
K11707	5	15	2	12	123	15	103	2
K03388	1	0	6	53	70	37	194	8
K17789	0	0	0	0	0	0	0	0
K11708	24	24	1	12	139	8	105	1
K03389	0	0	4	16	43	3	53	3
K11709	36	30	0	12	142	6	117	2
K07270	13	5	2	26	16	9	123	7
K07271	3	0	0	2	6	1	20	1
K07272	6	12	2	10	3	7	74	1
K07273	78	49	6	57	107	28	444	16
K12570	0	0	0	5	3	2	9	0
K07274	41	30	0	14	29	8	146	4
K12571	1	0	0	1	1	0	1	1
K07275	39	34	2	12	32	22	187	4
K12572	0	0	0	1	0	0	0	0
K07276	31	15	5	24	77	36	279	8
K12573	194	210	32	536	757	304	3596	75
K07277	228	220	65	680	1272	315	3822	158
K12574	117	99	44	518	751	181	2359	60
K07278	159	132	3	98	364	58	819	17
K12575	0	0	0	0	0	0	0	0
K07279	0	1	1	12	18	0	23	2
K12576	0	0	0	0	0	0	0	0
K12577	0	0	0	0	0	0	0	0
K12578	0	0	0	0	0	0	0	0
K12579	0	0	0	0	0	0	0	0
K03840	1	0	0	0	0	0	0	0
K16460	0	1	0	0	4	1	8	0
K16461	0	0	0	0	0	0	1	0
K03841	62	67	1	54	118	50	581	12
K16462	0	0	0	0	0	0	0	0
K03842	2	0	0	11	9	2	35	2
K02062	25	24	3	29	54	13	182	0
K16463	0	0	0	0	0	0	1	0
K03843	0	0	1	1	2	1	13	0
K02063	62	58	4	50	171	30	293	10
K16464	0	0	0	0	0	0	0	0
K21760	0	0	0	0	0	0	2	0
K03844	1	0	0	0	0	0	5	0
K02064	49	33	4	32	114	22	224	3
K21761	0	0	0	0	0	0	0	0
K16465	0	0	0	0	1	0	0	0
K03845	0	0	0	0	1	0	1	0
K02065	116	144	38	417	633	318	3249	71
K03846	1	0	0	0	1	0	2	0
K21762	0	0	0	0	0	0	0	0
K16466	0	0	0	0	0	0	0	0
K02066	147	173	30	529	751	294	3529	80
K21763	0	0	0	1	0	0	5	0
K16467	0	0	0	0	0	0	0	0
K03847	0	0	0	1	0	0	3	0
K02067	133	215	48	765	896	236	2988	86
K16468	0	0	0	0	0	0	0	0
K21764	0	0	0	1	1	0	0	0
K03848	0	0	0	0	0	0	0	0
K02068	0	0	4	15	31	8	57	5
K21765	0	0	0	0	0	0	0	0
K16469	0	0	0	0	0	0	0	0
K03849	0	0	2	0	0	0	2	0
K02069	2	6	4	61	64	5	132	3
K21766	0	0	0	0	0	0	0	1
K21767	2	0	0	1	4	0	5	0
K07730	0	0	0	0	1	0	2	0
K21768	0	0	1	2	0	0	1	0
K21769	1	0	0	0	1	0	3	0
K07731	0	0	0	1	4	0	4	0
K07732	0	0	0	5	20	7	27	1
K07733	15	4	0	17	32	2	162	5
K11250	16	15	0	11	12	3	108	1
K07734	41	47	10	127	100	28	661	17
K11251	55	37	0	1	1	0	1	1
K07735	71	88	17	203	255	99	947	27
K11252	4	7	0	1	3	0	2	0
K07736	45	40	11	160	191	101	839	22
K11253	3	3	0	4	4	1	4	0
K11254	5	1	0	2	2	0	2	0
K07738	65	57	14	149	270	78	958	22
K11255	0	0	0	0	0	0	0	0
K07739	3	1	0	5	50	10	29	1
K11256	0	0	0	0	0	0	0	0
K11257	0	0	0	0	0	0	0	0
K11258	4	2	0	0	1	1	6	0
K11259	0	0	0	3	6	0	8	0
K15140	0	0	0	0	0	0	0	0
K16920	0	0	0	0	2	0	0	0
K02520	64	66	18	186	332	151	1279	45
K15141	0	0	0	0	0	0	0	0
K16921	0	0	0	0	2	0	0	0
K02521	3	8	1	7	12	2	22	1
K15142	0	0	0	0	0	0	0	0
K16922	40	63	24	147	391	42	995	44
K15143	0	0	0	0	0	0	0	0
K16923	1	4	4	49	34	19	170	5
K02523	86	108	11	243	377	131	1581	30
K15144	0	0	0	0	0	0	0	0
K16924	0	0	0	5	26	3	31	5
K15145	0	0	0	0	0	0	0	0
K19020	0	0	0	0	1	0	2	0
K16925	6	9	2	3	25	3	50	0
K02525	3	3	0	4	10	2	44	0
K16926	0	0	0	0	0	0	0	0
K19021	0	0	1	0	0	0	0	0
K15146	0	0	0	0	2	0	1	0
K02526	8	0	1	5	8	8	77	2
K19022	1	0	0	0	0	0	0	0
K15147	1	0	0	0	1	0	2	0
K16927	5	17	4	44	60	4	89	5
K02527	92	83	16	247	293	115	1380	36
K15148	0	0	0	0	0	0	0	0
K19023	1	0	0	0	0	0	0	0
K20444	87	103	60	384	684	251	3240	96
K16928	1	2	1	16	17	5	48	0
K02528	96	89	33	281	495	61	1186	38
K16929	0	0	0	0	0	0	0	0
K19024	0	0	0	0	0	0	0	0
K15149	0	0	0	0	0	0	0	0
K20445	0	0	0	2	0	1	6	0
K02529	998	1182	104	1131	1436	295	5383	155
K20446	0	0	1	3	2	4	22	1
K19025	0	0	0	0	0	0	0	0
K20447	0	0	1	8	38	18	120	2
K19026	2	2	0	0	0	0	0	0
K19027	2	1	0	0	0	0	2	0
K20448	0	0	0	4	8	17	68	0
K06410	3	2	2	2	8	3	24	1
K06411	0	0	0	1	1	0	0	0
K19028	0	0	0	0	2	0	5	0
K20449	13	14	1	26	53	16	243	3
K19029	0	0	0	0	5	0	6	1
K06412	1	1	2	12	24	4	109	3
K17790	0	0	0	0	0	0	0	0
K06413	1	0	1	1	9	1	19	0
K03390	0	0	0	1	13	2	19	0
K06414	0	0	0	0	0	0	0	0
K17791	0	0	0	0	0	0	0	0
K11710	13	17	4	20	170	11	155	7
K03391	8	8	3	42	41	16	283	4
K17792	0	0	0	4	1	0	3	0
K11711	40	57	1	18	33	16	308	1
K06415	74	73	14	130	251	107	1213	28
K03392	29	24	43	452	440	266	2210	83
K17793	0	0	0	0	0	0	0	0
K11712	15	14	1	9	11	10	112	3
K06416	2	3	0	10	32	0	14	1
K17794	0	0	0	0	0	0	1	0
K11713	0	0	0	0	0	0	2	0
K06417	0	0	0	2	4	1	1	0
K03394	27	19	3	74	72	4	152	8
K06418	0	0	0	2	3	0	0	0
K17795	0	0	0	0	0	0	0	0
K11714	0	0	0	0	0	0	1	0
K03395	8	10	0	8	22	8	78	2
K06419	0	0	0	0	2	0	0	0
K17796	0	0	0	0	0	0	2	0
K11715	0	0	0	0	1	0	0	0
K03396	5	10	3	28	35	32	239	5
K17797	0	0	0	0	0	0	0	0
K11716	0	0	0	0	0	0	0	0
K03397	0	0	0	0	0	1	6	1
K17798	0	0	0	0	0	0	0	0
K11717	122	163	37	502	861	204	2507	65
K17799	0	0	0	0	0	0	0	0
K11718	27	22	0	1	0	0	5	1
K03399	1	2	0	4	23	4	13	2
K11719	67	62	4	47	63	45	453	4
K07280	0	0	1	1	5	1	19	3
K15600	2	2	0	5	17	2	25	0
K07281	2	7	0	9	43	12	118	4
K01200	53	53	5	30	124	25	325	7
K15601	4	2	0	0	0	0	2	0
K07282	28	61	30	198	565	66	1040	35
K01201	35	36	27	158	116	64	1030	27
K15602	0	0	0	0	0	0	0	0
K07283	28	14	4	19	38	3	119	5
K01202	0	3	0	8	5	1	41	0
K15603	0	0	0	0	0	0	0	0
K01203	0	0	0	0	0	0	0	0
K12580	0	0	0	0	4	0	6	1
K07284	17	29	5	87	263	32	423	13
K15604	0	0	0	0	0	0	0	0
K20900	0	1	0	13	12	1	42	1
K12581	5	6	0	1	1	0	3	1
K07285	10	8	0	2	17	12	72	1
K01204	0	0	0	1	1	1	3	0
K15605	0	0	0	0	0	0	0	0
K20901	0	2	0	1	5	0	9	0
K12582	1	0	0	0	1	0	4	1
K07286	6	2	0	0	3	0	2	0
K01205	24	21	3	30	18	2	138	2
K15606	0	0	0	0	0	0	0	0
K20902	0	0	0	9	7	0	45	1
K12583	6	30	3	55	44	3	93	3
K07287	27	25	1	21	26	18	247	3
K01206	143	266	26	337	332	176	2636	61
K15607	0	0	0	0	0	0	0	0
K20903	0	0	0	1	1	0	8	0
K12584	1	0	0	0	0	0	4	0
K07288	0	1	0	0	2	0	9	0
K01207	162	176	43	515	718	179	2452	66
K15608	0	0	0	0	0	0	0	0
K20904	0	0	0	0	1	2	7	0
K12585	10	34	1	6	29	8	166	4
K07289	182	115	26	351	322	162	1805	51
K01208	13	12	6	21	172	11	262	7
K15609	0	0	0	0	0	0	1	0
K20905	2	3	0	2	1	0	10	1
K12586	1	0	0	1	3	0	4	0
K01209	217	317	36	374	533	179	2785	62
K20906	10	8	0	15	29	15	214	1
K12587	0	0	0	0	0	0	1	0
K20907	2	1	0	4	7	2	30	0
K20908	0	0	0	0	0	0	0	0
K12589	3	1	0	4	14	6	8	1
K20909	0	0	0	1	0	1	0	1
K16470	0	0	0	0	0	0	0	0
K03850	2	1	0	1	0	0	2	1
K16471	0	0	0	0	0	0	0	0
K03851	8	3	1	19	40	8	95	1
K02071	46	32	1	23	49	12	187	2
K16472	0	0	0	0	0	0	0	0
K03852	13	16	3	91	129	70	537	13
K02072	33	22	1	12	17	8	80	0
K16473	0	0	0	0	0	0	0	0
K03853	0	0	0	0	0	0	4	0
K02073	43	43	0	17	24	7	90	1
K21770	1	2	0	0	0	0	0	0
K16474	0	1	0	1	0	0	7	2
K03854	0	0	0	2	1	0	5	0
K02074	23	31	5	129	95	39	346	13
K16475	0	0	0	0	0	0	0	0
K21771	0	0	0	0	0	0	0	0
K03855	0	1	0	4	9	3	17	1
K02075	43	48	18	241	170	90	1109	29
K16476	0	0	0	0	0	0	0	0
K21772	1	0	0	0	0	0	0	0
K03856	12	26	29	302	466	119	1738	48
K02076	0	0	2	1	10	2	11	0
K16477	0	0	0	0	0	0	0	0
K21773	10	6	0	0	0	0	3	0
K03857	0	0	1	2	3	0	7	1
K02077	64	60	27	198	233	97	1066	38
K21774	0	0	0	0	0	0	0	0
K03858	0	0	0	0	0	0	0	0
K16478	0	0	0	0	0	0	0	0
K02078	110	118	22	227	326	162	1412	48
K16479	0	0	0	0	0	0	0	0
K21775	0	0	0	0	0	0	0	0
K03859	0	0	0	0	0	0	3	0
K02079	0	0	0	0	2	0	4	0
K21776	9	6	0	0	0	0	2	0
K21777	10	7	0	0	0	0	3	0
K21778	1	0	0	0	0	0	4	0
K07740	8	2	0	0	1	0	0	0
K21779	0	0	0	17	4	2	18	0
K07741	7	3	0	1	3	0	10	1
K07742	36	37	6	56	98	25	256	10
K07743	0	1	1	1	7	0	17	5
K11260	0	0	0	0	0	0	0	0
K07744	0	0	0	0	2	2	7	0
K07745	0	0	0	0	4	1	2	0
K11261	0	0	0	25	11	8	63	2
K11262	8	6	0	1	3	0	8	1
K07746	60	32	1	18	71	10	194	9
K07747	0	1	0	0	1	0	0	0
K11263	36	65	24	285	465	30	733	34
K11264	1	2	4	74	43	13	252	5
K07748	2	2	0	0	4	1	7	0
K11265	1	1	0	2	1	0	14	1
K07749	150	176	61	1028	1054	438	5608	143
K11266	0	0	0	0	0	0	0	0
K11267	1	3	0	0	2	0	1	1
K11268	0	1	0	0	1	0	0	0
K11269	0	1	0	0	0	0	1	1
K15150	0	0	0	0	0	0	0	0
K02530	0	0	0	0	3	0	3	0
K02531	0	0	0	0	0	0	0	0
K16931	0	0	0	0	0	0	0	0
K15151	0	0	0	0	1	0	1	0
K16932	0	0	0	0	0	0	0	0
K15152	0	0	0	0	0	0	0	0
K02532	4	12	0	4	9	8	66	2
K15153	0	0	0	0	0	0	1	0
K16933	0	0	0	4	8	3	16	1
K02533	58	41	8	139	143	50	680	11
K16934	0	0	0	0	0	0	0	0
K15154	0	0	0	0	0	0	0	0
K20450	0	0	0	0	0	0	7	0
K15155	0	0	0	0	0	0	0	0
K19030	0	0	0	0	2	0	6	0
K20451	2	0	0	0	6	0	7	0
K02535	69	60	11	149	223	103	1145	17
K16936	0	0	1	1	0	0	8	1
K15156	57	50	0	1	0	0	4	0
K20452	2	1	2	8	16	2	39	2
K19031	0	0	1	3	5	2	12	1
K02536	93	83	26	206	238	80	1152	37
K19032	0	0	0	0	0	0	0	0
K15157	0	0	0	0	0	0	0	0
K20453	0	0	0	2	4	1	5	0
K16937	5	14	6	88	149	24	330	8
K02537	1	0	0	0	0	0	0	0
K15158	0	0	0	0	0	0	0	0
K16938	0	0	0	1	0	0	0	0
K02538	0	0	0	0	6	0	0	0
K20454	3	3	4	45	40	22	201	8
K19033	4	4	0	2	3	1	21	0
K02539	0	0	0	0	0	0	0	0
K19034	0	0	0	0	0	0	0	0
K15159	0	0	0	0	0	0	1	0
K16939	0	0	0	0	0	0	0	0
K20455	57	29	0	20	31	16	276	2
K19035	0	0	0	0	0	0	0	0
K20456	5	2	0	1	0	0	5	0
K20457	1	0	0	0	3	1	4	0
K19036	0	0	0	1	2	0	3	0
K19037	0	0	0	0	0	0	1	0
K06420	0	0	0	0	0	0	0	0
K20458	0	0	0	0	3	0	2	0
K06421	1	0	0	1	2	0	0	0
K20459	2	8	1	28	32	3	105	4
K19038	1	0	0	0	0	0	0	0
K06422	0	0	0	0	1	0	3	0
K19039	0	0	0	0	0	0	1	0
K06423	0	0	0	0	1	0	0	0
K11720	109	104	12	139	286	113	1323	38
K06425	0	0	0	0	0	0	0	0
K11721	0	0	0	0	0	0	1	0
K11722	0	0	0	0	0	0	0	0
K06426	0	0	0	0	1	0	1	0
K06427	0	0	0	0	0	0	0	0
K11723	0	0	0	1	1	0	3	0
K06428	0	0	0	0	0	0	0	0
K11724	1	1	0	0	0	1	2	0
K06429	0	0	0	0	1	0	0	0
K11725	0	0	0	0	1	0	4	0
K11726	0	0	0	0	0	0	1	0
K11727	0	0	0	1	1	0	3	0
K11728	0	0	0	0	0	0	0	0
K11729	2	0	0	3	8	2	31	1
K07290	82	61	7	89	162	60	972	22
K15610	0	0	0	0	0	0	1	0
K07291	0	3	0	3	30	5	77	1
K01210	17	27	11	219	51	94	700	21
K07292	0	0	0	0	0	0	0	0
K15611	0	0	0	0	0	0	1	0
K07293	0	0	0	0	0	0	0	0
K01212	20	55	8	45	119	10	347	20
K07294	0	0	0	0	0	0	0	0
K15613	3	2	0	0	0	0	0	0
K12590	0	0	0	0	1	0	0	0
K01213	28	36	1	4	2	1	16	0
K20910	0	0	0	0	0	0	0	0
K07295	0	0	0	0	0	0	0	0
K15614	0	0	0	0	0	0	0	0
K12591	3	0	0	2	0	0	7	0
K01214	214	255	64	825	1187	292	4580	100
K07296	0	0	0	0	0	0	0	0
K15615	0	0	0	0	0	0	0	0
K12592	0	0	0	0	1	0	0	0
K01215	0	1	2	5	7	1	18	3
K12593	0	0	0	0	0	0	0	0
K15616	3	0	0	0	0	0	0	0
K07297	2	1	0	0	0	0	7	1
K01216	5	7	7	12	42	3	281	18
K20913	0	0	0	0	0	0	0	0
K15617	0	0	0	0	0	0	0	0
K12594	0	0	0	0	0	0	0	0
K01217	0	0	1	1	1	0	11	2
K07298	0	0	0	2	0	1	2	0
K20914	0	0	0	0	0	0	0	0
K15618	0	0	0	0	0	0	0	0
K12595	0	1	0	0	0	1	1	0
K07299	0	0	0	0	0	0	1	0
K01218	67	116	19	80	162	22	527	28
K15619	0	0	0	0	0	0	0	0
K12596	0	0	0	0	0	0	0	0
K20915	0	0	1	4	2	0	15	0
K01219	5	8	2	31	59	13	144	3
K12597	0	0	0	0	1	1	5	2
K20917	0	0	0	0	0	0	0	0
K12598	2	2	0	1	2	1	6	1
K20918	1	0	0	0	1	0	3	0
K12599	20	8	0	4	4	0	11	0
K20919	0	1	0	1	3	0	16	0
K16480	0	0	0	0	0	0	0	0
K03860	0	0	0	0	1	1	2	1
K02080	0	2	1	7	5	3	37	0
K16481	0	0	0	0	0	0	0	0
K10400	7	3	0	0	0	0	4	0
K03861	0	0	0	0	0	0	1	0
K02081	29	41	12	90	64	31	330	14
K16482	0	1	1	5	4	0	13	0
K10401	0	0	0	1	0	0	0	0
K03862	8	16	0	12	9	8	172	1
K02082	12	5	2	29	20	14	161	5
K16483	0	0	0	0	0	0	0	0
K10402	0	0	0	1	0	1	3	0
K03863	46	37	0	11	26	9	130	0
K02083	36	64	12	203	243	37	788	21
K16484	0	0	0	0	0	0	0	0
K21780	1	3	2	5	27	1	21	0
K10403	3	1	0	0	1	0	2	1
K02084	0	1	1	2	8	0	16	2
K16485	0	0	0	0	0	0	0	0
K02085	0	0	0	0	0	0	0	1
K21781	0	1	0	1	0	0	6	1
K10404	0	0	0	4	6	0	26	1
K02086	0	0	0	0	6	0	3	0
K21782	1	2	0	10	14	1	18	0
K10405	1	2	0	0	1	0	6	0
K03867	0	0	0	6	5	1	13	2
K21783	13	6	0	4	5	2	36	0
K16487	0	0	0	0	0	0	0	0
K10406	11	5	0	0	0	0	4	0
K02087	0	0	0	0	0	0	2	0
K16488	0	0	0	0	0	0	0	0
K03868	0	0	0	0	0	0	1	0
K02088	0	0	0	0	0	0	0	0
K21784	0	3	0	5	2	0	7	0
K10407	1	3	1	17	22	8	85	11
K21785	0	3	0	2	2	1	1	0
K02089	0	0	0	0	0	0	3	0
K16489	1	0	0	0	0	0	0	0
K10408	0	0	3	2	20	0	37	3
K03869	3	0	0	0	0	0	3	0
K21786	0	0	0	8	11	0	19	1
K10409	0	0	0	4	1	0	4	0
K21787	9	19	2	52	122	10	258	4
K21788	0	0	0	3	4	0	3	0
K07750	0	0	0	0	0	0	2	3
K07751	0	0	0	0	0	0	2	0
K21789	0	0	0	2	4	0	16	0
K07752	0	0	0	0	14	0	30	2
K07753	0	1	0	1	2	0	9	0
K11270	0	0	0	0	0	0	0	0
K07754	0	0	1	2	1	0	1	0
K11271	0	0	0	0	0	0	0	0
K07755	4	16	21	227	531	87	1131	28
K11272	0	0	0	0	0	0	0	0
K07756	0	0	1	0	1	0	1	0
K07757	0	0	0	0	0	0	1	0
K11273	2	1	1	1	0	0	3	2
K07758	0	0	0	0	0	0	2	0
K11274	2	1	0	4	4	0	11	1
K11275	2	4	1	0	15	2	23	1
K07759	0	0	0	0	2	0	2	0
K11276	1	3	0	0	0	0	0	0
K11278	0	0	0	0	0	0	1	0
K11279	10	8	0	0	0	0	0	0
K15160	0	0	0	0	0	0	2	0
K16940	0	0	0	0	0	0	0	0
K02540	44	34	0	1	0	0	3	2
K16941	0	0	0	0	0	0	0	0
K15161	1	0	0	0	0	0	1	1
K02541	0	0	0	1	2	0	5	0
K16942	0	0	0	0	0	0	0	0
K15162	0	0	0	0	0	0	0	0
K02542	1	0	0	0	3	0	4	0
K16943	0	0	0	0	0	0	0	0
K15163	0	0	0	0	0	0	0	0
K02543	1	0	0	0	2	0	3	0
K02544	0	0	0	0	0	0	0	0
K16944	1	0	0	0	0	0	0	0
K15164	0	2	0	0	1	0	3	0
K20460	0	0	0	0	0	2	5	0
K15165	0	0	0	0	0	0	1	0
K16945	0	0	0	0	0	0	0	0
K02545	0	0	0	2	13	0	3	0
K19040	0	0	0	0	0	0	1	0
K20461	3	4	0	1	2	2	23	0
K20462	0	0	0	0	0	0	0	0
K16946	0	0	0	0	0	0	0	0
K15166	3	1	0	0	0	0	1	0
K19041	3	0	0	0	0	1	5	0
K02546	0	0	0	0	1	0	3	0
K16947	0	0	0	0	0	0	0	0
K15167	0	0	0	0	0	0	0	0
K19042	0	2	0	0	0	0	1	0
K02547	0	0	1	1	0	0	4	0
K20463	2	0	0	2	1	0	0	1
K20464	0	0	1	0	0	0	0	0
K19043	1	1	0	0	0	0	0	0
K16948	0	0	0	0	1	0	0	0
K15168	1	1	0	0	2	1	4	0
K02548	15	40	11	113	254	23	385	11
K15169	0	0	0	0	0	0	0	0
K16949	0	0	0	1	1	0	2	0
K20465	0	0	0	2	0	0	2	0
K19044	3	3	0	1	2	1	8	0
K02549	19	64	13	284	344	67	991	25
K19045	0	0	0	0	0	0	0	0
K20466	0	5	2	42	25	9	148	2
K20467	0	0	0	1	1	0	4	0
K19046	5	9	0	5	15	2	16	1
K20468	0	4	9	94	81	3	152	9
K19047	2	0	0	0	0	0	0	0
K06431	0	0	0	0	2	0	0	0
K20469	2	16	3	27	68	5	118	2
K19048	2	1	0	3	1	0	11	1
K06432	0	0	0	0	0	0	0	0
K19049	0	23	5	9	12	1	82	3
K06433	0	0	0	0	0	0	1	0
K06434	1	0	0	0	0	0	0	0
K11730	0	0	0	1	0	0	9	0
K11731	15	26	7	117	127	42	655	17
K06436	2	0	0	2	3	0	1	0
K11732	7	1	0	0	1	4	11	0
K06437	0	0	0	0	0	0	0	0
K11733	7	0	2	7	8	5	28	1
K11734	11	4	0	1	1	5	32	1
K06438	0	0	0	1	20	3	18	0
K06439	1	0	0	0	1	0	0	0
K11735	6	8	1	58	50	5	191	3
K11736	0	0	0	0	0	0	0	0
K11737	8	8	0	9	13	7	47	1
K11738	10	16	0	23	9	4	115	4
K11739	0	0	0	3	3	5	32	1
K15620	0	0	0	0	0	1	2	0
K01220	0	0	0	3	1	1	20	0
K15621	0	0	0	0	0	0	0	0
K15622	0	0	0	0	0	0	0	0
K01222	20	21	16	204	178	16	430	19
K15623	0	0	0	0	0	0	0	0
K01223	37	22	4	21	58	9	148	3
K20920	0	0	0	0	4	1	31	3
K01224	31	60	12	57	60	14	280	14
K19500	0	0	0	0	0	0	0	0
K01225	4	0	0	0	0	0	2	0
K05100	0	0	0	0	0	0	1	0
K20921	0	0	0	2	0	0	9	1
K15626	0	0	0	0	0	0	0	0
K05101	0	0	0	0	0	0	0	0
K19501	0	0	0	1	0	0	0	0
K20922	1	1	0	2	3	1	4	0
K01226	15	6	2	13	101	6	83	7
K05102	0	0	0	0	0	0	0	0
K20923	12	5	0	0	0	0	0	0
K19502	0	0	0	0	0	0	0	0
K15627	0	0	0	0	0	0	0	0
K01227	1	7	1	23	36	3	53	1
K19503	0	0	0	0	0	0	0	0
K05103	0	0	0	0	0	0	0	0
K20924	1	2	0	0	0	0	2	0
K01228	1	0	0	2	1	0	3	0
K15628	0	0	0	1	1	0	1	0
K19504	0	0	0	0	0	0	0	0
K05104	0	0	0	1	0	0	0	0
K15629	38	48	1	7	78	1	33	1
K01229	0	0	0	1	1	0	2	1
K05105	0	0	0	1	0	0	0	0
K19505	0	0	0	0	3	1	4	0
K05106	0	0	0	1	0	0	0	0
K20927	1	2	5	46	31	7	108	4
K19506	0	0	0	0	0	0	1	0
K05107	0	0	0	0	0	0	0	0
K20928	0	0	1	6	7	1	19	0
K19507	0	1	3	3	19	0	38	2
K05108	0	0	0	1	0	0	0	0
K20929	3	0	0	0	7	0	17	0
K19508	0	0	0	0	1	0	0	0
K05109	0	0	0	0	0	0	0	0
K19509	0	0	0	0	0	0	2	0
K16490	0	0	0	0	0	0	0	0
K02090	1	0	0	0	0	0	0	0
K03870	0	0	0	0	0	0	0	0
K02091	0	0	0	0	0	0	3	0
K10410	0	0	0	0	1	0	1	0
K03871	0	0	0	0	0	0	1	0
K16491	0	0	0	0	0	0	0	0
K16492	0	0	0	0	0	0	0	0
K02092	0	0	0	0	0	0	0	0
K03872	0	0	1	1	0	0	1	0
K10411	0	0	0	0	0	0	0	0
K03873	0	0	0	0	0	0	0	0
K02093	0	0	0	0	0	0	0	0
K16493	0	0	0	0	0	0	0	0
K10412	0	0	0	0	0	0	0	0
K21790	0	0	0	0	0	0	0	0
K02094	0	0	0	0	1	0	0	0
K16494	0	1	0	0	0	0	0	0
K03874	0	0	0	0	0	0	0	0
K10413	1	0	0	0	3	0	15	3
K21791	0	0	0	0	1	0	2	0
K02095	0	0	0	0	0	0	0	0
K16495	0	1	0	0	0	0	0	0
K10414	0	0	1	0	2	0	0	1
K03875	0	0	0	0	0	0	0	1
K03876	0	0	0	0	0	0	0	0
K16496	0	0	0	0	0	0	0	0
K10415	0	0	0	0	0	0	1	0
K02096	0	0	0	0	9	0	6	0
K21792	1	4	1	23	24	3	67	3
K02097	0	0	0	0	4	0	1	0
K03877	0	0	0	0	0	0	0	0
K16497	0	0	0	0	0	0	0	0
K21793	1	3	1	13	47	1	52	6
K10416	0	0	0	0	0	0	0	0
K02098	0	0	0	0	0	0	0	0
K10417	0	0	0	0	0	0	0	0
K16498	0	0	0	0	0	0	0	0
K03878	15	3	0	3	8	1	10	2
K16499	0	0	0	0	0	0	0	0
K21795	0	0	0	0	2	0	5	0
K10418	2	0	0	0	0	0	3	0
K03879	10	5	0	10	7	1	3	0
K02099	8	6	3	16	13	4	81	1
K10419	0	0	1	0	0	0	3	0
K21797	1	1	0	1	2	0	3	0
K21798	0	1	0	1	0	0	4	0
K07760	3	2	0	0	1	0	4	0
K21799	0	0	0	0	0	0	0	0
K07761	0	0	0	0	1	0	2	1
K14300	1	2	0	0	0	0	2	0
K14301	1	0	0	0	2	0	4	0
K07762	0	0	0	0	8	0	9	1
K14302	0	0	0	0	0	0	0	0
K07763	0	1	0	2	17	1	15	0
K07764	0	0	0	0	0	0	0	0
K14303	2	0	0	0	0	0	2	0
K11281	0	0	0	0	0	0	0	0
K14304	0	0	0	2	0	0	3	0
K07765	0	0	0	0	0	0	0	0
K14305	0	1	0	1	2	0	2	0
K11282	0	0	0	0	0	0	0	0
K07766	1	0	0	1	2	0	5	0
K14306	0	0	0	0	1	0	0	0
K07767	1	0	0	0	1	0	3	0
K14307	1	1	0	0	0	0	0	0
K11284	0	0	0	0	0	0	0	0
K07768	10	18	14	92	134	11	253	11
K11285	0	0	0	0	0	0	0	0
K14308	0	0	0	0	0	0	1	0
K07769	0	0	0	2	12	0	21	1
K11286	0	0	0	0	0	0	0	0
K14309	0	0	0	0	0	0	5	0
K11287	0	0	0	0	0	0	0	0
K11288	0	0	0	0	0	0	0	0
K11289	0	0	0	0	0	0	0	0
K15170	0	0	0	0	0	1	1	0
K16950	1	0	2	10	12	2	29	1
K02550	0	0	2	18	11	5	86	1
K15171	0	0	0	0	0	0	0	0
K16951	3	0	0	10	7	3	28	0
K02551	18	56	7	120	212	10	243	17
K16952	0	0	0	0	1	0	0	0
K15172	0	0	0	1	1	0	4	0
K02552	11	41	6	104	151	5	191	12
K16953	0	0	1	13	12	6	76	1
K15173	1	1	0	1	1	0	2	0
K02553	63	28	2	45	61	20	307	5
K16954	0	0	0	0	0	0	0	0
K20470	3	23	17	136	153	15	364	16
K15174	1	1	0	0	3	0	4	0
K02554	33	24	10	80	81	24	468	13
K16955	0	0	0	2	24	2	7	0
K19050	0	0	0	0	0	0	0	0
K20471	1	0	0	0	0	0	3	0
K15175	2	1	0	0	0	0	4	0
K02555	1	0	0	0	0	0	1	0
K16956	0	0	0	0	1	0	0	0
K20472	0	0	0	0	1	0	0	0
K19051	0	4	0	2	6	3	32	0
K15176	2	1	0	4	8	2	25	4
K02556	124	62	6	107	181	87	1044	23
K16957	0	0	0	0	1	0	4	0
K15177	0	0	0	1	0	0	1	0
K20473	1	0	1	0	2	0	1	1
K19052	0	0	0	4	5	1	6	0
K02557	173	158	17	258	381	92	1258	49
K20474	0	2	0	0	0	0	1	0
K19053	0	1	0	0	0	0	3	0
K16958	2	0	1	3	2	2	13	0
K15178	1	0	0	0	0	0	1	0
K02558	51	72	18	145	239	97	1105	29
K15179	0	0	0	0	0	0	1	0
K20475	0	0	0	0	0	0	0	1
K19054	0	0	1	0	3	0	14	0
K16959	2	0	0	1	3	1	9	1
K20476	87	69	0	0	0	0	3	1
K19055	41	27	6	85	171	42	462	15
K20477	1	0	2	0	0	0	0	0
K19056	0	0	0	0	0	0	5	0
K06440	0	0	0	0	2	0	1	0
K19057	3	0	0	0	1	0	0	0
K20478	10	4	1	1	3	0	21	0
K20479	0	0	0	0	0	0	0	0
K06441	0	0	0	0	0	0	0	0
K19058	1	0	0	0	3	0	6	0
K19059	1	0	0	0	2	0	6	0
K06442	59	56	19	224	354	52	789	32
K06443	24	19	1	6	58	2	110	1
K06444	2	0	0	2	18	0	22	1
K11740	13	19	2	23	61	19	255	3
K11741	61	37	1	38	99	30	318	4
K06445	76	58	10	114	126	93	1018	19
K11742	2	0	1	0	0	0	1	0
K06446	29	18	1	104	91	36	482	9
K11743	1	2	0	0	2	0	2	0
K06447	30	31	2	14	67	19	299	2
K06448	0	0	0	0	0	0	0	0
K11744	1	0	3	6	22	2	41	2
K11745	105	110	4	48	85	38	689	3
K11746	9	11	1	4	0	4	72	0
K11747	221	173	11	112	310	97	1337	11
K11748	18	17	1	9	13	7	108	1
K11749	127	146	47	398	667	198	2439	76
K15630	0	0	0	0	1	0	0	0
K01230	8	4	1	12	20	16	161	6
K15631	0	0	0	1	1	0	15	1
K01231	1	2	0	0	0	0	1	0
K15632	0	0	0	0	1	0	3	0
K01232	3	0	0	2	8	0	10	0
K15633	68	75	17	259	416	128	1603	34
K01233	5	19	4	25	26	0	107	1
K15634	52	69	18	150	226	46	533	17
K19510	18	11	0	2	6	1	20	1
K15635	0	4	4	73	230	34	441	13
K05110	0	0	0	1	1	0	1	0
K01235	56	86	9	106	151	54	710	10
K19511	0	0	1	16	37	5	108	1
K15636	0	0	0	0	0	0	1	0
K05111	0	0	0	1	1	0	1	0
K01236	156	165	31	400	834	184	2091	61
K05112	0	0	0	1	0	0	0	0
K15637	0	0	0	0	1	0	1	0
K01237	0	0	0	0	0	0	1	0
K15638	0	0	0	0	2	0	1	0
K05113	0	0	0	1	0	0	0	0
K19513	1	1	0	0	1	0	2	0
K01238	0	0	0	0	0	0	1	0
K19514	0	0	0	0	0	0	1	0
K05114	0	0	0	0	0	0	0	0
K15639	50	36	0	0	2	0	3	0
K01239	98	85	9	191	338	64	949	28
K05115	1	0	0	0	0	0	0	0
K19515	0	0	0	1	1	0	7	0
K20936	5	10	8	70	39	56	497	18
K19516	0	0	0	0	0	0	1	0
K05116	0	0	0	0	0	0	0	0
K20937	0	0	10	81	24	26	286	15
K05117	1	0	0	0	0	0	1	0
K19517	2	2	1	2	4	0	5	0
K20938	6	15	5	56	24	20	257	5
K06900	7	3	0	14	33	7	107	0
K19518	0	0	0	0	0	0	0	0
K05118	0	0	0	0	0	0	0	0
K06901	96	102	23	301	466	121	1680	35
K19519	5	10	0	7	10	1	57	3
K06902	73	82	8	91	475	85	1049	28
K05119	0	0	0	0	0	0	0	0
K06903	19	30	9	50	90	16	302	14
K03880	12	2	2	3	1	0	0	1
K10420	0	0	0	0	0	0	0	0
K06904	36	12	7	23	44	26	364	10
K03881	11	4	1	4	8	1	5	0
K10421	0	0	0	0	0	0	1	0
K09000	1	2	0	2	15	0	15	1
K06905	20	7	3	8	44	5	118	6
K03882	8	2	0	4	3	2	4	0
K10422	0	0	0	0	0	0	0	0
K09001	84	104	4	175	207	41	792	19
K06906	12	1	0	1	1	0	9	0
K03883	21	7	4	10	5	0	7	0
K10423	0	0	0	0	1	0	1	0
K09002	0	0	0	7	3	1	14	2
K06907	57	80	23	253	436	96	1303	53
K03884	5	1	1	3	6	0	6	0
K10424	0	0	0	0	0	0	0	0
K09003	32	42	5	65	125	45	601	15
K06908	4	0	1	0	1	0	13	0
K03885	185	218	65	1061	1305	313	4113	145
K10425	0	0	0	0	0	0	0	0
K09004	3	9	5	36	26	33	309	5
K06909	44	15	9	44	37	5	229	12
K03886	0	0	9	60	95	52	437	16
K10426	0	0	0	0	1	0	1	0
K09005	38	30	6	78	256	73	710	21
K03887	1	4	5	50	98	20	271	10
K09006	0	0	0	0	1	0	0	0
K10427	0	0	0	0	1	0	0	0
K03888	0	2	4	26	77	14	141	5
K10428	0	0	0	0	0	0	2	0
K09007	23	17	5	44	79	32	378	12
K03889	6	23	11	109	93	20	332	11
K10429	0	0	0	0	0	0	0	0
K09008	0	0	0	1	1	0	1	0
K09009	3	10	2	40	49	2	91	2
K07770	1	0	0	0	0	0	5	0
K14310	3	0	0	2	1	0	7	0
K07771	6	8	1	0	2	2	12	0
K14311	0	1	0	0	2	0	6	0
K07772	0	0	1	3	5	1	17	0
K14312	3	1	0	0	1	0	1	1
K07773	0	0	0	3	11	1	18	0
K14313	0	0	0	0	0	0	0	0
K11290	1	0	0	0	0	0	0	0
K07774	66	50	0	28	41	23	322	3
K11291	0	1	0	0	0	0	0	0
K14314	2	0	0	0	1	0	1	0
K07775	3	3	5	13	48	6	101	6
K14315	0	0	0	1	0	0	2	0
K11292	5	4	0	0	0	0	3	0
K07776	6	25	8	76	153	21	351	11
K14316	0	0	0	0	0	0	0	0
K11293	0	1	0	3	6	0	13	2
K07777	4	12	3	32	142	28	228	9
K14317	15	8	0	0	0	1	2	0
K11294	153	136	0	3	0	1	16	1
K07778	29	54	10	138	167	31	406	14
K14318	0	0	0	0	0	0	0	0
K11295	1	0	0	1	0	0	1	0
K07779	0	1	0	1	0	0	2	0
K14319	1	1	0	0	0	0	1	1
K11296	1	0	0	1	0	0	1	0
K11297	0	0	0	0	0	0	0	0
K11298	0	0	0	0	0	0	0	0
K11299	0	0	0	0	0	0	0	0
K15180	0	0	0	0	0	0	0	0
K16960	0	0	0	4	12	4	33	0
K02560	1	0	0	1	5	0	10	0
K02561	0	0	0	0	0	0	0	0
K15181	0	0	0	0	0	0	1	0
K16961	3	0	0	1	7	0	11	0
K15182	0	0	0	0	0	0	0	0
K02562	0	0	0	0	0	0	0	0
K16962	9	3	0	5	8	3	38	1
K15183	0	0	0	0	0	0	1	0
K16963	14	4	0	2	5	2	31	0
K02563	106	149	36	445	650	137	1952	46
K15184	0	0	0	0	0	0	0	0
K20480	2	1	0	4	5	0	2	0
K16964	0	0	2	15	69	26	122	2
K02564	27	38	25	140	297	71	1207	20
K15185	0	0	0	0	0	0	0	0
K16965	0	0	0	11	25	10	85	1
K02565	2	2	6	75	33	27	192	8
K20482	0	0	0	0	0	0	0	0
K15186	0	0	0	0	0	0	0	0
K16966	0	2	0	1	2	1	31	0
K02566	12	27	9	100	171	15	401	13
K15187	0	0	0	0	0	0	0	0
K20483	6	19	6	65	69	6	163	13
K19062	0	0	2	10	5	1	37	2
K02567	136	78	13	230	489	91	1287	20
K20484	5	4	4	27	36	2	64	0
K16968	29	13	1	27	20	20	111	1
K15188	3	0	0	0	0	0	0	0
K02568	23	6	1	17	23	8	105	2
K15189	0	0	0	0	0	0	0	0
K20485	0	0	1	0	4	0	3	0
K19064	0	1	1	11	53	14	167	4
K16969	0	1	1	7	2	2	26	0
K02569	22	8	3	38	44	38	322	9
K20486	0	4	0	23	11	0	70	4
K19065	1	4	0	2	10	8	43	0
K20487	0	2	0	1	5	1	5	0
K19066	0	0	0	0	4	0	10	1
K20488	0	2	0	0	7	0	10	0
K19067	0	0	0	0	4	0	10	1
K20489	0	0	0	0	0	0	0	0
K19068	11	9	1	8	8	6	62	1
K19069	0	0	0	1	0	0	3	0
K06454	0	0	0	0	0	0	0	0
K11750	1	0	1	10	9	3	43	1
K11751	85	123	20	121	330	80	1239	41
K06456	0	0	0	0	0	0	0	0
K11752	104	131	20	368	522	105	1522	35
K11753	100	110	21	338	480	108	1452	37
K11754	145	129	31	406	636	130	1936	45
K11755	55	52	7	118	196	66	625	19
K11756	1	0	0	0	0	0	1	0
K11757	1	0	0	0	1	0	1	0
K11758	0	0	0	0	0	0	0	0
K11759	0	0	0	0	0	0	0	0
K15640	3	3	3	16	23	2	48	6
K01240	0	0	0	1	5	2	5	0
K15641	1	54	0	8	48	3	86	3
K01241	115	98	4	88	143	55	677	8
K01242	0	0	0	0	0	0	0	0
K15642	1	3	0	3	11	1	30	3
K15643	0	3	2	4	20	1	23	3
K01243	50	49	11	106	114	46	558	18
K01244	0	0	0	0	1	0	6	0
K20940	18	32	9	166	103	90	923	23
K15644	0	2	1	6	7	0	19	1
K05120	0	0	1	0	0	0	0	0
K20941	4	9	10	111	69	57	461	17
K15645	0	0	1	2	3	0	9	1
K01245	0	0	0	0	1	0	0	0
K19521	0	0	0	0	0	0	0	0
K05121	0	0	0	0	0	0	0	0
K20942	2	4	3	26	18	13	112	3
K15646	1	2	0	0	0	0	0	0
K01246	65	52	22	231	334	91	1190	33
K19522	0	0	0	0	0	0	1	0
K05122	0	0	0	0	0	0	0	0
K20943	2	9	2	13	16	1	64	3
K01247	66	69	22	313	299	71	1164	45
K05123	0	0	0	0	0	0	0	0
K20944	6	10	0	2	6	0	27	0
K19523	0	0	0	0	0	0	0	0
K19524	0	0	0	0	0	0	0	0
K15649	0	0	0	0	0	0	0	0
K20945	2	1	1	1	4	0	5	0
K05124	0	0	0	0	0	0	0	0
K20946	4	2	1	2	3	0	17	0
K19525	94	71	0	0	3	0	16	2
K05125	0	0	0	0	0	0	0	0
K19526	0	0	0	0	0	0	0	0
K20947	0	0	0	0	0	0	1	0
K05126	0	0	0	0	0	0	0	0
K05127	0	0	0	0	0	0	2	0
K20948	0	0	0	6	10	1	28	0
K19527	0	0	0	0	0	0	0	0
K06910	59	74	18	227	222	77	1021	33
K19528	0	0	0	0	0	0	0	0
K05128	0	0	0	0	0	0	0	0
K20949	0	0	0	0	0	0	0	0
K06911	222	272	52	622	825	303	3830	80
K06912	5	10	5	88	56	36	354	11
K05129	0	0	0	0	1	0	2	0
K06913	3	0	1	26	22	3	60	4
K03890	14	24	7	74	110	4	177	6
K10430	0	0	0	0	0	0	0	0
K06914	0	0	0	1	0	1	6	0
K03891	11	32	15	157	202	46	610	10
K09010	0	0	0	1	0	0	0	0
K10431	0	0	0	0	0	0	0	0
K06915	234	230	46	441	968	232	2997	81
K03892	95	101	25	204	479	54	1051	35
K09011	7	14	0	9	12	8	68	3
K06916	121	81	5	135	181	80	936	12
K03893	9	25	2	158	121	8	278	7
K10433	0	0	0	0	0	0	0	0
K03894	9	4	0	0	5	2	11	0
K09012	0	0	0	0	4	0	10	0
K06917	34	27	0	10	39	15	233	8
K09013	70	61	19	259	438	140	1682	35
K06918	43	26	3	74	70	9	297	7
K03895	11	6	0	4	6	0	14	2
K10435	0	0	0	0	0	0	0	0
K09014	106	107	52	377	746	237	2591	65
K06919	54	46	58	403	664	58	2378	106
K03896	3	3	0	0	1	4	20	1
K10436	1	1	0	0	0	0	2	0
K09015	99	101	30	300	584	112	1382	46
K03897	24	33	1	20	34	5	65	0
K03898	0	0	0	0	0	0	0	0
K10437	0	0	2	2	2	0	1	1
K09016	6	2	0	3	1	2	19	0
K03899	0	0	0	0	0	0	0	0
K10438	0	0	0	0	0	0	2	0
K09017	57	68	11	108	156	72	788	14
K10439	519	551	67	828	1128	367	4925	99
K09018	7	13	4	29	23	19	261	8
K09019	41	20	4	35	35	19	312	8
K07780	0	0	0	0	0	0	0	0
K07781	0	1	0	1	0	2	10	0
K14320	0	1	0	0	0	0	0	0
K14321	0	0	0	0	0	0	0	0
K07782	33	38	2	5	58	22	209	3
K14322	0	0	0	0	0	0	0	0
K07783	4	6	2	18	48	7	172	3
K01702	1	1	0	9	5	2	69	1
K14323	0	0	0	0	0	0	0	0
K07784	0	0	0	0	1	0	6	0
K01703	168	199	56	693	896	318	4227	106
K14324	0	0	0	0	0	0	0	0
K07785	0	0	0	1	1	0	1	0
K01704	80	82	20	336	439	120	1517	51
K14325	0	0	0	0	0	0	1	0
K18200	0	0	0	2	5	4	43	4
K07786	0	2	2	14	0	4	85	4
K01705	1	1	2	29	13	40	210	3
K18201	0	0	0	0	0	0	1	0
K14326	49	34	0	3	4	0	6	1
K07787	110	115	38	584	1114	414	6115	70
K01706	75	88	4	141	140	39	730	19
K18202	0	1	0	3	4	5	21	0
K14327	3	1	0	1	0	0	7	0
K07788	56	73	72	1037	192	387	4684	110
K01707	68	71	0	38	54	16	301	4
K18203	0	0	0	0	0	0	0	0
K14328	0	0	1	0	0	0	1	0
K07789	41	69	57	967	179	360	4229	104
K01708	56	52	2	64	104	46	653	16
K14329	0	0	0	0	0	0	4	0
K18204	1	1	0	3	1	0	7	0
K01709	44	25	9	92	140	31	693	24
K18205	1	0	0	0	1	0	10	0
K18206	11	36	0	7	5	0	24	1
K18207	127	109	0	0	0	0	1	0
K18208	0	0	0	0	0	0	0	0
K18209	0	0	2	3	5	0	16	1
K15190	1	0	1	0	0	0	2	0
K02570	21	5	0	9	3	3	40	1
K15191	20	35	0	0	1	0	0	0
K02571	12	2	0	5	6	0	37	1
K15192	0	1	0	2	1	0	3	0
K02572	7	1	0	8	20	6	52	0
K15193	2	6	0	1	0	0	0	0
K02573	1	3	2	19	42	12	124	8
K15194	0	0	0	0	0	0	0	0
K20490	0	0	1	10	4	1	15	1
K02574	0	1	2	0	17	3	19	0
K15195	0	0	0	0	0	0	0	0
K20491	0	0	0	1	4	0	4	0
K19070	0	0	1	30	34	14	73	3
K02575	156	140	17	295	428	117	1515	36
K20492	0	0	0	0	1	0	0	0
K02576	0	0	0	0	0	0	1	0
K19071	0	1	5	22	29	5	36	4
K15196	2	0	0	2	0	0	1	0
K15197	0	0	0	0	0	0	0	0
K02577	0	0	0	0	0	0	1	0
K20493	0	0	0	1	0	0	0	0
K19072	0	0	3	26	21	3	32	0
K20494	0	0	0	0	0	0	0	0
K02578	0	0	0	0	0	0	1	0
K15198	1	0	0	0	0	0	0	0
K19073	0	1	0	1	3	0	10	1
K19074	0	0	0	0	0	1	0	0
K02579	3	1	0	0	0	0	1	0
K20495	0	0	0	0	0	1	0	0
K15199	0	1	0	0	0	0	5	1
K20496	0	0	0	0	0	0	0	0
K19075	0	0	0	7	18	0	20	3
K20497	1	9	6	133	106	24	465	14
K19076	0	3	0	4	15	2	18	2
K06460	0	0	0	0	0	0	0	0
K19077	0	0	0	0	1	0	1	0
K20498	0	0	0	0	0	0	6	0
K06461	0	0	0	0	1	0	0	2
K19078	0	0	0	0	0	0	0	0
K19079	0	0	0	0	0	0	0	1
K06462	0	0	0	0	1	0	0	2
K11760	0	0	0	0	0	0	0	0
K06464	0	0	0	0	1	0	0	0
K11761	0	0	0	0	0	0	0	0
K11762	0	0	0	0	0	0	0	0
K06467	0	0	0	0	0	0	0	0
K11763	0	0	0	0	0	0	0	0
K11764	0	0	0	0	0	0	0	0
K06468	1	1	0	2	2	0	3	0
K11765	0	0	0	0	0	0	1	0
K11766	0	0	0	0	0	0	0	0
K11767	0	0	0	0	0	0	0	0
K11768	0	0	0	0	0	0	1	0
K11769	0	0	0	0	0	0	0	0
K15650	0	1	0	5	9	3	40	1
K01250	18	30	6	104	176	15	401	14
K15651	0	0	0	0	0	0	0	0
K01251	125	137	49	517	861	253	3704	83
K15652	6	1	1	9	11	3	31	0
K01252	6	3	0	4	4	0	8	0
K15653	4	13	0	2	19	1	22	0
K01253	33	48	21	283	247	132	1569	52
K20950	0	0	0	0	0	0	0	0
K15654	6	23	2	37	51	8	117	7
K01254	0	0	0	3	5	0	7	0
K05130	0	0	0	0	0	0	0	0
K20951	0	5	0	0	18	2	37	2
K19530	1	0	1	0	0	0	1	0
K15655	1	2	1	5	12	4	31	1
K01255	205	212	45	629	938	257	3271	90
K19531	0	0	0	0	0	0	1	0
K15656	0	1	0	0	2	0	0	0
K20952	0	8	0	19	29	5	72	4
K01256	259	381	47	776	1085	336	4884	112
K05132	0	0	0	0	0	0	0	0
K15657	0	0	0	1	0	0	0	0
K01257	1	1	1	1	0	0	6	0
K19532	0	0	0	0	0	0	12	1
K05133	0	0	0	0	0	0	0	0
K19533	0	1	0	0	0	0	0	0
K20954	0	0	0	2	0	0	1	0
K15658	1	1	0	1	3	0	12	0
K01258	33	47	16	180	267	73	1150	38
K19534	0	0	0	0	0	0	0	0
K20955	0	0	1	3	3	0	6	1
K15659	2	9	2	2	12	3	53	1
K01259	114	138	41	500	550	162	2462	66
K19535	0	0	0	0	0	0	0	0
K05135	0	0	0	0	0	0	0	0
K20956	4	0	0	4	3	2	9	0
K05136	0	0	0	0	0	0	0	0
K20957	0	0	0	0	0	0	1	0
K20958	0	0	0	0	1	0	5	0
K06920	52	45	12	189	255	94	1127	35
K05138	0	0	0	0	0	0	0	0
K19538	0	0	0	0	0	0	1	0
K20959	1	2	0	0	3	0	12	0
K06921	6	7	5	64	127	6	196	12
K19539	0	0	0	0	0	0	0	0
K06922	0	4	6	82	216	7	410	17
K06923	57	43	8	77	109	43	528	9
K06924	0	0	0	0	0	0	0	0
K10440	499	534	54	827	1153	294	5198	87
K10441	507	509	66	747	1191	248	4683	107
K09020	18	15	7	73	108	37	440	9
K06925	43	56	10	128	232	34	588	16
K10442	1	2	0	2	5	1	22	1
K09021	11	8	1	8	9	12	99	3
K06926	8	6	1	14	21	4	59	3
K10443	9	12	0	0	3	1	10	4
K09022	37	25	28	300	327	132	1601	57
K06927	0	1	0	10	44	11	37	5
K06928	0	0	1	2	33	3	10	0
K10444	0	0	0	0	3	1	7	0
K09023	7	8	1	12	13	9	128	4
K10445	0	0	0	0	1	0	0	0
K09024	22	9	0	17	23	5	82	1
K06929	36	33	14	165	297	101	1036	34
K10446	1	2	0	0	1	0	4	0
K09025	0	1	0	0	0	0	1	0
K09026	0	0	0	0	0	0	0	0
K10447	0	0	0	3	3	0	23	0
K09027	0	0	0	0	0	0	0	0
K10448	0	0	0	0	1	0	2	0
K09028	0	0	0	0	0	0	0	0
K10449	0	0	0	0	0	0	0	0
K09029	0	0	0	0	0	0	0	0
K07790	1	0	0	3	11	1	11	0
K14330	0	0	0	1	4	0	9	0
K07791	0	1	4	23	14	19	253	5
K01710	190	206	89	861	1390	300	4231	148
K14331	0	0	1	1	5	0	4	2
K07792	0	1	4	38	21	25	349	6
K01711	67	86	31	330	500	191	2537	65
K14332	0	0	0	0	0	0	0	0
K07793	273	271	21	286	934	373	3165	67
K01712	137	143	34	392	638	170	2586	53
K14333	24	33	13	243	131	127	1029	28
K07794	53	52	3	30	103	30	317	11
K01713	11	16	5	43	35	31	326	8
K14334	1	0	0	0	0	0	2	1
K07795	106	99	4	48	291	68	781	13
K01714	352	330	80	931	1257	434	5311	143
K18210	0	0	0	0	0	0	0	0
K14335	50	27	4	52	45	22	243	6
K07796	1	0	0	0	1	1	3	0
K01715	47	75	20	248	418	130	1335	34
K07797	0	0	0	0	0	0	1	0
K18211	0	0	0	0	0	0	0	0
K01716	31	21	4	38	37	26	258	8
K18212	0	0	0	0	0	0	0	0
K14337	6	11	5	51	34	4	95	4
K07798	45	66	9	139	328	98	1675	29
K18213	6	3	0	0	0	0	2	0
K14338	10	23	5	144	77	52	609	11
K07799	25	37	36	453	148	160	1685	60
K18214	0	0	0	0	4	1	4	0
K14339	6	11	5	56	34	4	104	5
K01719	102	123	26	288	383	75	987	38
K18215	1	8	0	39	79	7	141	4
K18216	0	1	0	1	11	1	12	0
K18217	0	1	1	4	11	17	55	3
K18218	0	0	0	0	0	0	0	0
K18219	1	0	0	3	7	3	31	0
K02580	0	0	0	1	1	0	5	0
K10900	0	0	0	0	1	1	1	0
K02581	0	0	0	0	0	0	0	0
K02582	0	0	0	0	0	0	0	0
K10901	673	637	0	0	3	0	20	0
K02583	0	0	0	0	0	0	0	0
K10902	0	0	0	1	0	0	4	0
K10903	0	0	0	0	0	0	2	0
K02584	32	49	35	263	556	145	1878	70
K19080	0	0	0	0	3	0	1	0
K10904	0	0	0	0	0	0	0	0
K02585	1	1	1	3	13	1	18	1
K10905	0	0	0	0	0	0	0	0
K19081	0	0	0	0	1	0	0	0
K02586	0	0	1	2	13	3	25	0
K13000	0	1	0	0	1	2	24	1
K19082	0	0	0	0	1	0	0	0
K13001	0	3	0	3	0	0	23	0
K10906	2	2	0	0	0	1	8	0
K02587	0	0	1	7	61	1	29	0
K19083	0	0	0	0	1	0	2	0
K13002	3	5	0	8	12	0	52	0
K10907	8	21	19	222	406	82	1106	39
K02588	1	1	2	3	8	1	22	0
K19084	0	0	0	0	0	0	0	0
K02589	0	0	1	2	4	0	4	0
K13003	0	1	0	4	5	0	29	1
K10908	5	4	1	7	3	0	8	3
K19085	0	0	0	0	4	1	3	0
K13004	2	9	1	2	21	3	43	1
K10909	0	7	1	2	10	1	39	1
K13005	0	2	2	7	10	2	47	3
K13006	0	1	0	1	16	0	42	0
K19088	0	0	1	3	1	0	0	0
K13007	14	7	1	64	62	24	275	11
K13008	0	0	0	0	0	0	0	0
K19089	0	0	0	0	0	1	2	0
K06473	0	0	0	0	0	0	0	0
K13009	0	1	5	14	24	4	90	5
K06474	0	0	0	0	0	0	0	0
K11770	0	0	0	0	0	0	1	0
K06475	0	0	0	0	0	0	0	0
K11771	0	0	0	0	0	0	1	0
K11772	1	0	0	0	0	0	2	0
K06476	0	0	0	0	0	0	1	0
K11773	0	0	0	0	0	0	0	0
K11774	0	0	0	0	0	0	0	0
K06478	0	0	0	0	0	0	0	0
K11775	0	0	0	0	0	0	0	0
K06479	0	0	0	0	0	0	0	0
K11776	0	0	0	0	0	0	0	0
K11777	0	0	0	7	6	1	18	0
K11778	2	0	2	0	2	0	4	0
K11779	33	53	33	440	514	124	1614	60
K15660	2	3	0	7	14	1	31	3
K01260	0	0	0	1	3	0	2	0
K01261	0	0	0	0	5	0	7	0
K15661	0	1	0	1	2	2	6	0
K15662	1	10	1	1	4	0	9	1
K01262	222	227	55	764	1126	330	4146	119
K15663	0	3	1	0	1	0	6	0
K01263	7	21	1	52	65	26	412	9
K20960	0	0	0	2	1	0	4	1
K15664	2	2	0	0	0	1	7	1
K01264	0	6	2	19	19	3	77	5
K05140	0	0	0	0	0	0	0	0
K15665	0	1	0	1	1	0	4	0
K20961	6	0	0	0	0	0	17	0
K19540	4	0	2	28	47	18	274	7
K01265	157	171	27	414	658	138	2200	57
K05141	0	0	0	0	0	0	0	0
K15666	1	1	0	0	0	1	6	1
K20962	1	2	3	14	35	5	74	2
K01266	52	51	20	275	370	71	1188	32
K05142	0	0	0	0	0	0	0	0
K20963	4	0	0	1	5	0	7	1
K15667	3	11	1	2	13	4	38	3
K01267	22	24	0	39	50	4	144	0
K05143	0	0	0	0	0	0	0	0
K20964	0	0	0	1	0	0	1	0
K01268	0	1	0	0	0	0	0	0
K15668	0	1	0	1	5	2	16	0
K20965	0	0	0	0	1	0	1	0
K15669	11	19	3	36	50	25	302	12
K01269	3	11	2	15	41	1	88	3
K05145	0	0	0	0	0	0	0	0
K20966	35	9	0	1	4	1	6	0
K19545	0	1	2	7	20	3	32	4
K05146	0	0	0	0	0	0	0	0
K19546	1	2	0	0	0	0	4	0
K20967	2	12	0	11	34	7	146	0
K20968	0	0	0	1	3	2	6	0
K19547	2	3	0	20	21	9	144	3
K06930	0	0	0	1	5	1	8	1
K05148	0	0	0	0	0	0	0	0
K19548	5	4	3	32	38	9	128	5
K06931	0	0	1	3	5	1	15	0
K05149	0	0	0	0	0	0	0	0
K19549	0	0	0	0	0	1	1	0
K06932	0	0	0	8	25	6	12	1
K06933	0	0	0	0	1	0	0	0
K10450	1	2	0	2	3	0	3	1
K06934	10	14	5	28	90	13	204	3
K09030	0	0	0	0	0	0	0	0
K10451	0	0	0	0	0	0	0	0
K06935	0	0	0	0	0	0	0	0
K09031	0	0	0	0	0	0	0	0
K10452	0	0	0	0	0	0	0	0
K06936	0	0	1	6	12	6	113	4
K09032	0	0	0	0	0	0	0	0
K10453	0	0	0	0	1	0	0	0
K06937	12	28	10	97	155	45	715	15
K09033	0	0	0	0	0	0	0	0
K10454	0	0	0	0	4	0	3	0
K06938	37	24	2	6	20	8	147	3
K06939	0	0	0	0	0	0	0	0
K10455	0	1	0	0	1	0	3	0
K09035	0	0	0	0	0	0	0	0
K10456	0	0	0	0	2	0	4	0
K09036	0	0	0	0	0	0	0	0
K10457	1	2	0	1	3	1	8	1
K09037	0	0	0	0	0	0	0	0
K10458	0	0	0	0	1	0	0	0
K09038	0	0	0	0	0	0	0	0
K10459	0	0	0	0	1	0	2	0
K09039	0	0	0	0	0	0	0	0
K14340	5	17	9	108	145	17	340	20
K01720	23	31	17	222	232	158	1503	46
K14341	0	0	0	0	0	0	0	0
K01721	14	15	10	151	164	54	612	17
K14342	0	0	0	0	1	0	0	0
K14343	0	0	0	0	0	0	0	0
K01723	21	25	0	0	0	0	0	0
K14344	0	0	0	0	0	0	0	0
K01724	63	58	12	201	326	85	974	38
K14345	0	0	0	0	0	0	0	0
K05600	0	0	0	1	0	1	3	0
K18220	10	10	17	118	107	9	171	11
K01725	10	17	1	33	16	23	204	4
K14346	0	0	0	0	1	0	0	0
K18221	0	0	0	0	0	0	0	0
K05601	7	4	3	3	18	2	18	0
K18222	0	1	0	1	3	0	23	0
K14347	38	20	2	25	32	13	167	3
K05602	8	20	5	95	138	17	335	6
K01727	12	18	1	31	53	6	123	15
K18223	1	1	2	45	25	12	140	6
K14348	3	2	0	2	4	2	53	0
K05603	46	58	0	58	134	34	609	6
K01728	99	168	15	65	107	22	423	25
K05604	0	0	0	0	0	0	0	0
K18224	2	2	3	29	6	13	80	2
K14349	0	0	0	0	0	0	0	0
K01729	48	59	8	66	143	44	575	27
K18225	6	3	2	37	20	16	88	1
K05605	4	4	0	27	36	25	194	3
K18226	1	0	1	16	1	2	15	2
K05606	46	52	19	188	318	63	767	36
K18227	0	0	0	13	13	1	25	0
K05607	1	2	0	3	6	0	14	0
K18228	0	0	0	0	0	0	0	0
K18229	0	0	1	50	36	11	173	2
K05609	0	0	0	0	0	0	1	0
K02590	0	0	1	3	4	0	3	0
K10910	0	0	0	0	0	0	5	0
K02591	1	0	1	7	13	1	34	0
K10911	0	0	0	0	0	0	0	0
K02592	1	0	0	1	7	2	15	0
K02593	0	0	0	0	0	0	4	0
K10912	8	11	4	14	34	10	110	3
K10913	1	0	0	0	0	0	0	0
K02594	3	3	2	53	46	9	114	3
K02595	0	0	0	0	3	0	4	0
K19090	0	0	1	2	8	0	8	1
K10914	94	115	39	504	832	186	2229	98
K02596	0	0	0	1	2	1	5	0
K19091	0	6	0	3	19	0	8	1
K13010	23	41	22	187	312	77	1366	41
K10915	5	7	0	1	5	2	29	0
K19092	42	13	0	15	69	5	117	6
K13011	0	0	0	0	0	0	5	0
K10916	9	10	0	0	4	1	20	0
K02597	1	8	1	19	12	3	52	2
K19093	0	0	0	0	0	0	3	0
K13012	5	7	0	28	71	16	199	3
K10917	2	0	2	20	7	1	28	1
K02598	10	7	0	11	32	10	105	1
K13013	32	23	5	122	103	62	512	20
K10918	3	1	0	0	0	3	10	1
K02599	4	2	0	9	11	3	43	2
K13014	0	0	0	2	1	0	19	1
K13015	57	72	31	357	654	116	2031	65
K06480	0	0	0	0	0	0	0	0
K13016	11	11	2	6	31	4	147	5
K06481	0	0	0	0	0	0	0	0
K00400	0	0	0	0	1	0	1	0
K14800	0	1	1	3	1	1	4	0
K13017	17	16	7	39	49	16	326	7
K00401	0	0	0	0	0	0	0	0
K14801	0	2	0	0	0	0	2	0
K13018	14	15	8	66	115	29	457	21
K06482	0	0	0	2	1	0	3	0
K00402	0	0	0	0	0	0	0	0
K06483	0	0	0	0	2	0	3	1
K14802	3	3	0	1	5	0	4	0
K13019	7	14	6	57	121	29	430	18
K06484	0	1	0	1	6	0	6	1
K14803	82	91	0	2	2	0	6	0
K11780	3	6	4	29	57	22	203	8
K14804	0	0	0	0	0	0	0	0
K11781	3	6	4	41	65	32	255	9
K06485	0	0	0	2	1	0	3	0
K00404	108	56	10	122	205	135	1493	21
K06486	0	0	0	0	0	0	0	0
K14805	2	1	1	0	1	0	0	0
K11782	3	6	12	95	138	22	391	21
K00405	72	46	7	114	188	85	961	18
K14806	0	0	0	0	1	0	4	0
K11783	3	4	2	11	26	2	78	4
K06487	0	1	0	1	4	0	7	1
K00406	96	59	18	150	284	80	1270	36
K14807	1	1	0	0	0	1	1	0
K11784	9	16	20	205	249	85	1331	38
K00407	31	8	2	11	29	21	159	1
K00408	0	0	0	0	0	0	0	0
K06489	0	0	0	0	0	0	0	0
K14808	0	0	0	0	0	1	2	1
K11785	4	10	20	124	202	71	808	29
K22200	1	0	0	0	0	0	0	0
K14809	0	0	0	1	2	0	4	0
K11786	1	0	0	0	2	0	8	0
K11787	0	0	0	3	8	5	40	0
K11788	12	33	14	115	137	10	361	14
K22203	0	0	0	0	0	0	0	0
K11789	1	1	0	0	0	0	2	0
K22204	0	0	0	0	0	0	1	0
K22205	2	13	15	150	305	56	580	23
K22206	0	0	0	0	0	5	5	0
K15670	4	6	0	33	10	0	10	2
K01270	4	2	7	26	32	7	105	4
K22207	0	0	0	3	2	2	5	0
K15671	2	4	1	35	18	0	16	0
K01271	128	103	43	512	720	184	2271	61
K15672	0	1	0	10	6	1	13	0
K15673	1	3	0	28	15	1	12	1
K22209	22	21	2	70	76	33	487	10
K01273	140	134	37	430	738	251	3016	74
K15674	1	2	0	3	12	0	10	0
K01274	4	19	6	99	138	20	340	11
K20971	97	61	19	59	125	43	550	37
K19550	1	1	0	19	14	4	43	1
K15675	0	4	0	4	15	0	25	1
K01275	0	0	0	1	0	1	4	1
K05151	0	0	0	0	0	0	0	0
K20972	20	5	3	9	14	6	90	1
K19551	9	18	0	0	5	0	12	0
K15676	0	14	1	8	15	2	69	2
K01276	0	0	0	0	0	0	0	0
K19552	0	0	0	0	2	0	0	0
K05152	1	0	0	0	1	0	0	0
K20973	14	10	1	10	21	16	119	3
K15677	0	11	2	9	21	0	24	1
K01277	3	6	4	53	106	48	475	10
K19553	0	0	0	0	0	0	0	0
K15678	0	11	0	2	6	0	11	0
K20974	34	22	4	47	118	28	362	6
K01278	107	114	36	436	619	155	2583	94
K19554	0	0	0	0	0	0	0	0
K15679	1	14	0	5	25	0	25	0
K20975	13	11	2	8	22	14	126	4
K01279	0	0	2	7	1	0	9	0
K05155	0	0	0	0	0	0	0	0
K20976	14	4	3	11	34	17	129	3
K05156	0	0	0	0	0	0	0	0
K20977	13	4	1	21	17	14	147	3
K05157	0	0	0	0	0	0	0	0
K20978	8	2	1	9	10	3	23	3
K06940	45	37	4	46	111	27	333	12
K19558	0	0	0	0	0	0	0	0
K20979	0	0	0	0	0	0	0	0
K06941	140	144	37	389	638	179	2397	76
K19559	0	0	0	0	1	0	0	0
K06942	119	103	36	395	731	161	1982	48
K06943	4	0	0	2	5	1	16	2
K10460	1	0	0	1	0	0	2	0
K06944	1	1	4	42	75	12	146	8
K09040	0	0	0	0	0	0	0	0
K10461	1	0	0	1	7	4	29	0
K06945	26	31	3	94	83	10	185	6
K09041	0	0	0	0	0	0	0	0
K10462	0	0	0	0	3	0	1	0
K06946	0	1	1	21	27	8	133	5
K09042	0	0	0	0	0	0	0	0
K10463	0	0	0	2	2	0	3	0
K06947	0	1	4	2	45	5	20	2
K09043	0	0	0	2	0	0	0	1
K10464	0	0	0	0	0	1	3	0
K06948	0	0	0	2	5	0	1	1
K09044	0	0	0	0	0	0	0	0
K10465	0	0	0	0	2	1	4	0
K06949	57	114	14	209	400	37	1033	24
K10466	0	0	0	0	0	0	0	0
K09045	0	0	0	0	0	0	0	0
K10467	0	0	0	1	1	0	4	0
K10468	0	0	0	0	0	0	1	0
K09047	0	0	0	0	0	0	2	0
K09048	0	0	0	0	0	0	0	0
K10469	0	0	0	0	1	0	0	0
K09049	0	0	0	0	0	0	0	0
K14350	0	0	0	0	0	0	0	0
K01730	22	23	4	39	51	29	335	13
K01731	0	0	0	0	0	0	2	1
K14351	0	0	0	0	0	0	0	0
K14352	0	0	0	0	0	0	0	0
K01732	2	5	1	5	9	1	59	3
K14353	0	0	0	0	0	0	0	0
K01733	147	176	69	900	1274	324	4357	129
K14354	0	0	0	0	0	0	2	0
K01734	39	25	2	14	34	6	124	1
K18230	4	19	1	29	50	0	40	4
K14355	0	0	0	0	0	0	0	0
K05610	0	1	0	1	0	0	2	0
K01735	133	135	28	360	589	128	2083	67
K05611	0	0	0	0	0	0	0	0
K14356	0	0	0	0	0	0	0	0
K18231	3	0	0	2	4	1	5	0
K01736	109	104	32	445	655	119	2079	57
K14357	0	0	0	0	0	0	0	0
K05612	0	0	0	0	1	0	0	0
K18232	7	9	3	74	55	4	94	2
K01737	41	60	22	181	278	79	993	32
K18233	8	12	11	89	156	5	235	14
K14358	0	0	0	6	19	1	35	1
K05613	0	0	0	0	1	0	1	0
K01738	230	236	59	698	1049	292	3891	90
K14359	0	0	0	0	0	0	0	0
K18234	9	7	1	13	21	4	86	2
K05614	0	0	0	0	1	0	1	0
K01739	163	208	54	653	961	240	3486	98
K05615	0	0	0	0	0	0	0	0
K18235	11	17	33	361	339	90	1069	66
K05616	0	0	0	0	0	0	0	0
K18236	0	0	0	0	6	0	2	1
K05617	0	0	0	0	0	0	0	0
K18237	0	0	0	0	2	0	0	0
K05618	0	0	0	0	0	0	0	0
K05619	0	0	0	0	0	0	0	0
K18239	0	1	2	4	1	2	20	1
K10920	0	0	0	0	0	0	0	0
K10921	0	4	0	1	3	0	12	1
K09500	3	1	0	2	2	0	4	0
K09501	0	0	0	0	0	0	1	0
K10923	0	0	0	0	0	0	0	0
K09502	0	0	0	0	1	0	3	0
K10924	5	6	0	4	13	1	41	1
K09503	0	0	0	6	4	0	20	0
K09504	0	0	0	1	1	0	4	0
K13020	16	16	10	47	122	40	493	7
K10925	0	0	0	0	2	0	6	0
K13021	6	11	6	208	40	82	920	15
K10926	9	5	0	5	23	2	52	2
K09505	0	0	0	0	1	0	1	0
K13022	0	0	0	0	0	0	2	0
K10927	7	8	2	6	17	8	61	1
K09506	0	0	0	1	2	0	4	0
K10928	0	0	0	0	0	0	1	0
K13023	0	0	0	0	1	0	0	0
K09507	0	1	0	0	1	0	6	0
K09508	0	0	0	0	1	0	2	1
K13024	0	4	2	0	0	0	3	0
K09509	0	0	0	0	0	0	2	0
K13025	3	0	0	0	1	0	2	0
K06490	0	0	0	0	0	0	0	0
K13026	0	0	0	0	0	0	5	0
K13027	5	4	0	0	0	0	0	0
K14810	1	0	0	0	1	0	1	0
K06491	0	0	0	0	0	0	0	0
K00410	56	32	7	123	73	99	703	9
K06492	0	0	0	0	0	0	0	0
K14811	1	0	0	1	0	1	4	0
K13028	3	6	0	6	4	5	55	0
K00411	59	51	6	77	115	36	502	11
K13029	0	2	0	0	0	0	0	0
K14812	0	0	0	0	0	0	0	0
K06493	0	0	0	0	1	0	0	0
K00412	153	111	21	319	386	264	2398	41
K14813	0	0	0	0	0	0	1	0
K11790	0	1	0	3	2	0	9	0
K06494	0	0	0	0	2	0	3	0
K00413	75	60	5	73	143	69	700	7
K11791	0	0	0	0	0	0	0	0
K14814	0	0	0	0	0	0	0	0
K00414	0	1	0	0	0	0	4	0
K06495	0	0	0	0	2	0	3	0
K11792	0	0	0	0	0	0	0	0
K14815	0	0	0	0	0	0	1	0
K06496	0	0	0	0	2	0	3	0
K00415	0	0	0	0	0	0	0	0
K11793	0	0	0	0	0	0	1	0
K06497	0	0	0	0	0	0	0	0
K14816	0	0	0	0	0	1	2	0
K00416	0	0	0	0	0	0	0	0
K00417	0	0	0	0	0	0	0	0
K14817	0	0	0	0	0	0	0	0
K11795	0	0	0	0	1	0	2	0
K14818	0	3	4	15	23	0	37	6
K06499	0	0	0	0	0	0	0	0
K00418	0	0	0	0	0	0	1	0
K00419	0	0	0	0	0	0	1	0
K11796	0	0	0	0	0	0	0	0
K22210	1	0	0	7	4	0	22	0
K14819	0	0	0	1	5	0	2	0
K22211	0	0	0	0	0	0	0	0
K11797	19	14	1	4	2	0	8	0
K22212	3	2	3	62	44	10	116	1
K11798	0	1	1	2	2	0	4	0
K11799	0	0	0	0	0	0	0	0
K22213	6	6	21	240	121	78	765	39
K22214	9	2	0	2	4	3	29	0
K22215	23	10	0	1	7	2	36	0
K15680	0	0	0	0	0	0	0	0
K22216	6	4	1	2	10	7	55	0
K01280	2	2	1	0	7	0	19	2
K15681	0	1	0	2	7	0	14	2
K22217	27	16	0	4	18	9	93	0
K01281	9	14	1	56	144	10	207	6
K15682	0	0	0	0	0	0	0	0
K22218	0	0	0	0	0	0	0	0
K01282	2	0	0	2	1	0	16	0
K15683	0	0	0	0	0	0	1	0
K22219	3	6	0	3	1	1	6	1
K01283	44	68	19	166	329	108	1256	23
K15684	0	0	0	0	0	0	0	0
K01284	104	156	26	292	359	195	2136	31
K05160	0	0	0	0	0	0	0	0
K15685	1	0	0	0	0	0	0	0
K19560	0	0	0	1	0	0	2	0
K01285	4	7	0	0	0	0	0	0
K15686	0	0	0	0	0	0	0	0
K19561	0	1	0	0	0	0	1	0
K01286	184	210	28	451	651	173	2383	61
K05162	0	0	0	0	0	0	0	0
K15687	2	1	0	0	0	0	0	1
K19562	0	1	0	0	0	0	2	0
K05163	0	0	0	0	0	0	0	0
K19563	0	0	1	9	20	1	70	2
K15688	0	0	0	0	0	0	0	0
K01288	1	0	0	0	1	0	6	0
K05164	0	0	0	0	0	0	0	0
K19564	1	0	0	0	1	0	1	0
K15689	0	0	0	0	0	0	0	0
K05165	0	0	0	0	0	0	0	0
K19565	0	0	0	0	0	0	0	0
K20986	0	0	0	0	0	0	0	0
K05166	0	0	0	0	0	0	0	0
K20987	1	1	0	3	10	1	13	1
K05167	0	0	0	0	0	0	0	0
K20988	1	1	0	8	20	3	72	0
K06950	31	31	10	93	117	49	330	15
K05168	0	0	0	0	0	0	0	0
K20989	1	1	0	7	60	1	19	0
K06951	0	0	6	22	42	10	125	6
K05169	0	0	0	0	0	0	0	0
K19569	0	2	0	3	8	2	53	1
K06952	38	19	6	48	26	18	208	2
K06953	53	41	1	42	78	28	362	8
K10470	0	0	0	0	0	0	1	0
K06954	54	31	2	68	47	34	672	8
K10471	0	0	0	0	1	0	0	0
K09050	0	0	0	0	0	0	0	0
K06955	14	10	2	5	37	3	73	1
K10472	0	0	0	0	0	0	0	0
K09051	0	0	0	0	0	0	0	0
K06956	4	10	0	4	15	3	34	2
K10473	0	0	0	0	0	0	3	1
K09052	0	0	0	0	0	0	0	0
K06957	0	1	0	1	7	5	14	0
K09053	0	0	0	0	0	0	0	0
K10474	0	0	0	0	0	0	1	0
K06958	52	61	21	247	360	85	1053	27
K09054	0	0	0	0	0	0	0	0
K10475	0	1	0	0	4	1	2	1
K06959	125	137	9	206	350	62	1072	30
K09055	0	0	0	0	0	0	0	0
K10476	0	0	0	0	0	0	0	0
K09056	0	0	0	0	0	0	0	0
K10477	0	0	0	0	0	0	1	0
K09057	0	0	0	0	0	0	0	0
K10478	0	0	0	0	0	0	1	0
K10479	0	0	0	0	0	0	0	0
K09059	0	0	0	0	0	0	0	0
K14360	0	0	0	0	0	0	0	0
K01740	103	114	33	418	448	165	2085	37
K14361	0	0	0	0	0	0	0	0
K01741	0	0	0	0	0	2	4	0
K14363	0	0	0	0	0	0	0	0
K14364	0	0	0	0	0	0	0	0
K01744	43	54	12	145	249	156	1663	36
K05620	0	0	0	0	0	0	0	0
K18240	7	11	4	8	14	8	97	1
K14365	0	0	0	0	0	0	0	0
K01745	200	227	43	527	752	215	2722	63
K05621	0	0	0	0	0	0	0	0
K14366	0	0	0	2	2	0	5	0
K01746	0	2	0	26	80	7	112	7
K05622	0	0	0	0	0	0	0	0
K14367	1	7	0	2	1	0	1	0
K18242	13	11	2	46	13	30	271	4
K05623	0	0	0	0	0	0	0	0
K14368	1	5	0	2	0	0	1	0
K18243	4	6	0	3	6	10	76	0
K05624	0	0	0	0	0	0	0	0
K14369	1	0	0	1	4	0	2	0
K18244	5	9	8	57	129	29	431	11
K01749	108	108	36	322	491	85	1363	42
K05625	0	0	0	0	0	0	0	0
K18245	0	0	0	0	0	0	0	0
K05626	0	0	0	0	0	0	0	0
K18246	0	0	0	0	0	0	1	0
K05627	0	0	0	0	0	0	0	0
K18247	0	0	0	0	0	0	1	0
K05628	0	0	0	0	0	0	0	0
K18248	10	6	0	4	10	5	59	1
K05629	0	0	0	0	0	0	1	0
K18249	0	0	0	12	14	1	25	0
K10930	0	0	0	2	2	0	7	0
K10931	0	0	0	1	2	0	8	0
K09510	51	59	0	1	3	0	14	1
K10932	0	0	0	0	0	0	0	0
K09511	0	1	0	1	1	0	6	0
K09512	2	0	0	1	1	0	5	1
K09513	0	0	0	0	0	0	0	0
K10934	1	0	0	0	0	0	1	0
K13030	8	6	0	0	0	0	0	0
K09514	0	0	0	0	0	0	2	0
K10936	0	0	0	1	4	0	6	0
K09515	0	0	0	0	0	1	1	0
K13032	1	0	0	0	0	0	0	0
K10937	0	0	0	2	1	0	3	0
K09516	15	23	1	10	46	6	163	5
K10938	2	5	0	0	1	0	1	0
K09517	0	0	0	0	1	0	2	0
K10939	0	0	1	4	5	1	9	0
K13034	1	0	0	0	1	0	0	0
K09518	2	2	0	0	1	0	2	0
K13035	2	0	0	4	6	1	10	0
K09519	1	0	0	0	0	0	1	0
K00420	0	0	0	0	0	0	0	0
K14820	0	0	1	0	0	0	1	0
K13037	0	1	0	0	1	0	3	0
K14821	0	0	0	0	0	0	1	0
K13038	118	135	30	466	740	148	2235	50
K14822	0	0	0	0	0	0	0	0
K13039	1	1	2	50	30	30	190	3
K00422	4	0	2	10	4	2	31	3
K14823	1	0	0	0	0	0	4	0
K00423	3	0	0	0	4	2	23	1
K14824	2	1	0	8	10	0	18	1
K00424	14	2	0	3	0	2	13	0
K14825	0	0	0	0	0	0	1	0
K18700	3	7	1	32	21	25	162	3
K00425	134	146	34	491	685	315	3258	52
K18701	1	2	3	14	26	1	102	3
K14826	161	147	0	0	0	4	30	3
K00426	123	115	28	315	341	139	1822	36
K14827	0	2	0	0	2	0	2	2
K18702	2	6	2	116	190	50	552	17
K00427	0	2	1	35	4	15	146	0
K04303	0	0	0	0	0	0	0	0
K14828	0	0	0	0	0	0	2	1
K18703	2	1	2	14	36	15	143	4
K00428	83	149	25	311	591	135	2522	88
K22220	0	0	0	3	0	0	2	0
K18704	1	1	0	7	25	2	24	0
K14829	0	0	1	5	7	0	13	3
K04305	0	0	0	0	0	0	0	0
K18705	0	0	0	0	0	0	1	0
K22221	0	0	1	1	7	0	8	1
K18706	0	0	0	0	0	0	0	0
K04306	0	0	0	0	0	0	0	0
K22222	0	0	0	0	3	0	1	0
K22223	0	0	0	5	16	3	12	1
K04307	0	0	0	0	1	0	0	0
K18707	76	55	19	229	312	90	1009	38
K18708	0	0	0	0	0	0	0	0
K04308	0	0	0	0	0	0	0	0
K22224	7	12	13	161	255	66	749	20
K04309	0	0	0	0	0	0	0	0
K22225	0	0	0	0	0	0	1	0
K18709	0	0	0	0	0	0	0	0
K15690	0	0	0	0	0	0	0	0
K01290	0	0	0	0	1	0	1	0
K22226	0	3	0	14	26	5	83	3
K15691	1	0	0	0	0	0	0	0
K22227	1	3	3	16	75	11	160	9
K01291	0	0	0	1	7	0	3	0
K15692	1	0	0	0	0	0	1	0
K01292	0	0	0	0	1	0	3	0
K01293	0	0	0	1	0	2	5	0
K15693	0	0	0	0	0	0	0	0
K22229	12	8	0	3	2	1	20	0
K01294	0	0	0	0	1	0	2	0
K15694	0	0	0	0	0	0	0	0
K15695	0	0	0	0	0	0	1	0
K05170	0	0	0	0	0	0	0	0
K20991	0	0	0	0	0	0	0	0
K01295	70	56	16	256	378	110	1600	42
K15696	0	0	0	0	0	0	1	0
K01296	0	0	0	0	1	0	1	0
K05172	0	0	0	0	0	0	0	0
K15697	0	0	0	0	0	0	0	0
K20993	0	0	0	0	0	0	0	0
K19572	8	6	1	2	2	1	37	0
K01297	64	72	10	126	262	60	937	23
K20994	0	0	0	0	1	0	6	0
K19573	0	0	0	0	0	0	0	0
K15698	0	0	1	0	0	0	0	0
K01298	0	1	0	1	7	0	3	0
K05174	0	0	0	0	0	0	0	0
K19574	0	0	0	0	0	0	1	0
K20995	0	0	0	0	1	0	4	0
K15699	0	0	0	0	0	0	1	0
K01299	31	43	11	243	397	81	1112	31
K05175	0	0	0	0	0	0	0	0
K19575	0	0	0	0	0	0	0	0
K20996	0	0	0	1	0	0	4	2
K19576	4	0	0	1	7	0	4	0
K20997	61	44	6	59	115	40	481	15
K20998	1	0	0	6	9	1	16	3
K19577	175	135	3	108	85	31	631	9
K06960	5	16	10	69	92	15	226	12
K20999	0	0	1	1	1	0	10	0
K19578	0	0	0	1	4	0	6	0
K06961	0	0	1	4	13	2	9	0
K19579	0	0	0	0	0	0	0	0
K06962	1	2	3	23	38	4	72	0
K06963	0	0	0	3	10	2	7	1
K06964	0	0	0	0	0	0	0	0
K10480	1	0	0	0	0	0	1	0
K10481	0	0	0	0	2	0	0	0
K09060	2	2	0	0	0	0	0	0
K06965	5	2	0	6	25	3	13	0
K09061	0	0	0	0	0	0	0	0
K10482	0	0	0	0	0	0	0	0
K06966	163	149	38	438	712	271	3301	67
K09062	0	0	0	0	0	0	0	0
K10483	0	0	0	1	0	0	1	0
K06967	5	1	0	2	7	1	13	0
K10484	0	0	0	0	0	0	0	0
K09063	0	0	0	0	0	0	0	0
K06968	20	15	5	20	40	9	181	3
K09064	0	0	0	0	0	0	0	0
K10485	0	0	0	0	0	0	0	1
K06969	100	136	24	239	511	120	1759	48
K10486	0	0	0	0	0	0	0	0
K09065	28	41	4	52	136	38	505	7
K10487	0	0	0	0	0	0	0	0
K10488	0	0	0	0	0	0	0	0
K09067	0	0	0	0	0	0	0	0
K10489	0	0	0	0	0	0	0	0
K09068	0	0	0	0	0	0	0	0
K09069	0	0	0	0	0	0	0	0
K14370	0	0	1	8	0	0	17	0
K01750	126	127	44	377	562	195	2129	67
K14371	12	29	0	31	9	1	22	1
K01751	12	15	5	67	84	15	279	8
K14372	0	0	0	0	0	0	0	0
K01752	143	122	8	187	185	92	1450	32
K01753	29	23	2	38	36	18	251	4
K14374	0	0	0	1	4	0	4	0
K01754	266	332	84	1063	1461	341	5295	138
K14375	0	2	0	3	2	0	3	0
K05630	0	0	0	0	0	0	0	0
K01755	149	158	33	536	834	184	3087	77
K05631	0	0	0	0	0	0	2	0
K18251	0	0	0	10	2	0	36	0
K14376	3	3	0	0	1	0	4	0
K01756	139	155	44	582	866	251	3172	73
K18252	0	0	1	2	2	0	12	0
K05632	0	0	0	0	0	0	0	0
K01757	14	17	0	17	16	2	32	1
K14378	0	0	0	0	0	0	0	0
K18253	0	0	0	0	0	0	0	0
K05633	0	0	0	0	0	0	0	0
K01758	49	60	24	227	376	121	1657	37
K05634	0	0	0	0	0	0	0	0
K18254	0	1	0	3	2	0	6	0
K14379	8	17	1	9	47	0	102	1
K01759	105	101	19	286	450	180	1890	60
K18255	0	0	1	11	5	0	14	0
K05635	0	0	0	0	1	0	1	0
K18256	0	0	1	13	9	7	37	1
K05636	0	0	0	0	0	0	0	0
K05637	0	0	0	0	0	0	1	1
K18257	0	0	0	1	0	0	1	0
K05638	0	0	0	0	0	0	0	0
K18258	3	2	2	32	50	13	172	4
K18259	0	0	0	0	0	0	0	0
K05639	0	1	0	0	0	0	0	0
K09520	0	0	0	0	0	0	0	0
K10941	63	91	4	74	130	29	616	15
K09521	0	0	0	0	0	0	1	0
K10942	13	3	2	8	41	25	96	2
K10943	43	26	7	95	149	47	614	15
K09522	0	0	0	0	0	0	1	0
K10944	0	0	0	8	28	3	26	1
K09523	0	0	0	7	7	2	37	1
K09524	0	0	0	0	1	0	0	0
K13040	2	5	4	9	20	12	118	1
K10945	0	0	1	6	27	1	23	2
K09525	0	0	0	0	0	0	0	0
K13041	12	15	2	15	26	13	174	4
K10946	0	0	0	7	31	8	34	1
K09526	0	0	0	0	0	0	0	0
K13042	0	0	0	0	1	0	2	0
K10947	23	35	7	62	89	25	379	14
K10948	0	0	0	0	0	0	0	0
K13043	9	17	1	11	28	9	154	1
K09527	4	4	1	19	20	3	89	7
K13044	0	0	0	0	0	0	1	0
K10949	0	1	0	0	0	0	0	0
K09528	0	0	0	0	0	0	2	0
K09529	0	1	0	1	1	0	3	0
K13045	0	0	0	0	1	0	0	0
K13046	0	0	0	0	1	0	0	0
K14830	0	0	2	2	3	0	10	0
K13047	0	0	0	0	2	1	5	0
K00430	285	159	0	1	0	0	6	0
K14831	0	0	0	0	2	0	0	0
K13048	0	0	0	0	0	0	2	0
K00431	0	0	0	0	0	0	1	0
K14832	0	0	0	0	1	0	5	0
K13049	16	28	6	49	127	34	503	5
K00432	97	80	9	117	140	62	800	15
K14833	61	64	0	0	0	0	3	0
K00433	133	132	19	306	289	190	2105	51
K14834	0	1	0	0	1	0	2	0
K00434	1	1	0	2	0	0	6	0
K04310	0	0	0	0	0	0	0	0
K18710	0	0	0	0	0	0	0	0
K14835	1	0	0	0	4	0	5	1
K00435	0	3	4	21	77	19	217	5
K18711	0	0	0	0	0	0	0	0
K14836	0	0	0	0	0	0	0	0
K00436	2	0	18	156	159	24	458	7
K18712	0	0	0	0	0	0	0	0
K00437	0	0	0	0	7	3	14	0
K14837	2	0	0	1	0	0	3	0
K18713	0	0	0	0	0	0	0	0
K14838	1	1	0	0	0	0	1	0
K18714	0	0	0	0	0	0	0	0
K04314	0	0	0	0	0	0	0	0
K14839	0	0	0	0	0	0	0	0
K22230	1	0	0	1	7	0	15	0
K18715	0	0	0	0	0	0	0	0
K22231	0	0	0	1	0	1	3	0
K04316	0	0	0	0	0	0	0	0
K18716	0	0	0	0	0	0	0	0
K22232	0	0	0	2	27	2	38	0
K18717	0	0	0	0	0	0	0	0
K22233	0	0	0	2	4	1	5	0
K04318	0	0	0	0	0	0	0	0
K22234	0	0	0	0	0	0	0	0
K18718	0	0	0	0	0	0	0	0
K04319	0	0	0	0	0	0	0	0
K22235	0	0	0	0	0	0	0	0
K18719	0	0	0	1	2	0	0	0
K22236	0	0	0	0	0	0	0	0
K22237	0	0	0	0	0	0	0	0
K22238	0	0	0	0	0	0	0	0
K08200	0	0	0	1	0	0	1	0
K22239	0	0	0	0	0	0	0	0
K08202	159	157	0	3	3	0	2	0
K19580	5	7	0	16	18	3	53	1
K08203	0	0	0	1	0	2	1	0
K19581	0	0	0	0	0	0	0	0
K08204	0	0	0	1	0	2	1	0
K05181	0	0	0	1	0	0	0	0
K13500	0	1	0	4	9	0	17	0
K19582	0	0	0	0	0	0	0	0
K08205	0	0	0	1	0	0	0	0
K13501	0	1	1	4	9	1	18	4
K13502	0	0	0	0	0	0	0	0
K08206	0	0	0	0	0	0	0	0
K19583	0	0	0	0	0	0	1	0
K05184	0	0	0	0	0	0	0	0
K08207	0	0	0	0	0	0	0	0
K19584	0	0	0	2	2	0	4	1
K13503	42	33	11	157	136	46	498	18
K05185	0	0	0	0	0	0	0	0
K08208	0	0	0	1	0	2	1	0
K13504	0	0	0	0	0	0	0	0
K19585	32	30	2	21	45	42	312	4
K05186	0	0	0	0	0	0	0	0
K13505	0	0	0	0	0	0	0	0
K19586	12	11	6	43	31	13	217	14
K08209	0	0	0	0	0	0	0	0
K19587	0	0	0	0	0	0	3	0
K13506	0	0	0	0	0	0	2	3
K06970	4	2	0	0	0	0	13	1
K19588	0	0	0	1	6	2	28	1
K13507	0	0	0	1	7	0	12	1
K06971	12	12	6	43	124	8	271	13
K13508	12	4	0	0	0	0	1	0
K05189	0	0	0	0	0	0	0	0
K19589	0	0	0	0	0	0	0	0
K06972	30	26	2	34	89	7	179	9
K13509	1	0	1	2	4	1	15	1
K06973	8	14	9	37	95	24	273	8
K10490	0	0	0	0	0	0	0	0
K06974	3	6	2	13	30	4	85	6
K10491	0	0	0	0	0	0	0	0
K09070	0	0	0	0	0	0	0	0
K06975	62	41	2	52	85	35	375	9
K06976	10	14	6	96	85	8	206	10
K10493	0	0	0	0	0	0	0	0
K09072	0	0	0	0	0	0	0	0
K06977	9	16	2	15	16	16	130	2
K10494	0	0	0	0	0	0	0	0
K09073	0	0	0	0	0	0	0	0
K06978	116	183	106	1413	1149	509	6301	219
K09074	0	0	0	0	0	0	0	0
K10495	0	0	0	0	0	0	0	0
K06979	0	4	0	1	6	0	3	0
K10496	0	0	0	0	0	0	0	0
K09075	0	0	0	0	0	0	0	0
K10497	0	0	0	0	0	0	0	0
K10498	0	0	0	0	0	0	0	0
K10499	0	0	0	0	0	0	0	0
K09079	0	0	0	0	0	0	0	0
K14380	0	0	0	0	0	0	0	0
K01760	128	103	14	282	365	162	1972	43
K14381	0	0	0	0	0	0	0	0
K01761	59	62	22	239	415	91	1365	28
K14382	0	0	0	0	0	0	4	0
K01762	0	1	0	0	0	0	2	0
K14383	0	0	0	1	4	0	8	0
K01763	0	0	0	1	2	2	4	0
K14384	0	0	0	0	0	0	2	0
K01764	0	0	0	0	0	0	1	0
K05640	0	0	0	0	0	0	0	0
K14385	0	0	0	0	1	0	2	0
K18260	0	0	0	0	0	0	0	0
K01765	4	1	0	0	0	0	0	0
K18261	0	0	0	0	0	0	0	0
K14386	0	0	0	0	4	0	5	0
K05641	0	0	1	0	1	0	2	0
K01766	14	2	1	16	27	6	73	0
K18262	0	0	0	0	0	0	0	0
K05642	0	0	0	0	0	0	0	1
K14387	1	6	1	5	25	2	77	2
K18263	0	0	0	1	1	0	3	0
K14388	0	0	0	1	4	0	6	0
K05643	3	1	0	1	3	0	21	1
K01768	458	693	188	2707	4057	1213	14836	447
K18264	0	0	0	0	0	0	0	0
K14389	0	0	0	1	1	0	7	0
K05644	0	0	0	0	0	0	0	0
K01769	3	1	5	65	106	29	397	8
K18265	0	0	0	0	0	0	0	0
K05645	0	0	0	0	1	0	3	0
K18266	0	0	0	0	0	0	0	0
K05646	0	0	0	0	0	0	0	0
K18267	0	0	0	0	0	0	0	0
K05647	0	0	1	0	0	0	0	0
K18268	0	0	0	0	0	0	0	0
K05648	0	0	0	0	0	0	0	0
K18269	0	0	0	0	0	0	0	0
K05649	0	0	0	1	1	0	1	0
K10950	1	0	0	0	0	0	1	0
K10951	0	0	0	0	1	0	0	0
K09530	0	0	0	0	0	0	2	0
K09531	1	1	0	0	2	0	8	0
K09532	0	0	0	0	0	0	0	0
K10953	7	1	1	2	8	1	23	3
K10954	7	4	0	0	2	0	30	0
K09533	1	3	0	0	0	0	3	0
K13050	0	0	0	0	0	0	6	0
K10955	0	1	0	0	1	0	0	0
K09534	0	0	0	1	0	0	3	0
K13051	60	72	13	149	292	102	1193	31
K10956	0	1	0	1	3	0	2	0
K09535	0	0	0	0	0	0	1	0
K10957	0	0	0	0	0	0	0	0
K09536	0	0	0	0	0	0	2	0
K13052	9	10	6	35	45	4	60	6
K09537	1	0	0	0	0	0	2	0
K13053	18	7	1	5	12	4	84	1
K10958	0	0	0	0	0	0	0	0
K10959	0	0	0	0	0	0	0	0
K13054	0	0	0	0	1	0	0	0
K09538	0	0	0	0	1	0	0	0
K13055	0	0	0	0	0	0	1	0
K09539	0	0	0	0	0	0	3	0
K00440	0	0	0	0	0	0	0	0
K14840	2	0	0	0	0	0	0	0
K13057	4	17	18	198	430	27	551	19
K14841	0	1	0	0	0	0	0	0
K13058	6	0	1	1	13	0	17	0
K00441	12	26	1	41	120	14	233	5
K14842	1	0	0	0	1	0	0	1
K13059	0	0	3	10	4	2	46	0
K00442	0	0	0	0	0	0	0	0
K00443	0	0	0	0	0	0	0	0
K14843	1	1	0	0	1	0	2	0
K00444	0	0	0	0	0	0	0	0
K14844	0	1	0	0	0	0	5	0
K04320	0	0	0	0	0	0	0	0
K00445	0	0	0	0	0	0	0	0
K14845	1	1	0	0	0	0	0	0
K18720	0	0	0	0	0	0	1	0
K18721	0	0	0	0	0	0	0	0
K14846	0	0	0	1	2	0	1	0
K00446	38	32	15	191	123	78	686	25
K18722	0	0	0	0	0	0	0	0
K14847	0	0	0	0	0	0	1	0
K18723	1	1	0	0	1	0	0	0
K14848	5	2	0	1	0	0	4	1
K00448	35	34	6	101	112	46	453	11
K22240	0	0	0	0	0	0	0	0
K18724	0	0	0	0	0	0	0	1
K04324	0	0	0	0	0	0	0	0
K14849	0	1	0	2	1	0	1	1
K00449	45	50	14	154	238	72	773	27
K22241	0	0	0	0	0	0	0	0
K18725	0	0	0	1	0	0	2	0
K04326	0	0	0	0	0	0	0	0
K22242	0	0	0	0	0	0	0	0
K18726	2	2	0	0	1	0	1	0
K22243	0	0	0	0	0	0	0	0
K18727	0	0	0	0	0	0	1	0
K04328	0	0	0	0	0	0	0	0
K22244	0	0	0	0	2	0	1	0
K18728	0	0	0	0	0	0	0	0
K22245	0	1	0	0	1	0	3	0
K18729	0	0	0	0	1	0	1	0
K22246	0	0	0	0	0	0	0	0
K08210	0	0	0	0	0	0	0	0
K22248	1	0	0	0	1	0	2	0
K08211	0	0	0	0	0	0	0	0
K22249	2	0	2	2	10	0	16	0
K08212	0	0	0	0	0	0	0	0
K08213	0	0	0	0	0	0	0	0
K05190	0	0	0	0	0	0	0	0
K19590	0	0	0	0	0	0	0	0
K08214	0	0	0	1	0	0	0	0
K19591	45	35	2	34	101	13	252	9
K13510	0	2	0	0	0	0	2	0
K08215	0	0	0	0	0	0	0	0
K05192	0	0	0	1	0	0	0	0
K13511	1	2	0	1	0	0	2	2
K19592	11	5	0	1	6	0	38	0
K08216	0	0	0	1	0	2	1	0
K13512	0	0	0	0	0	0	0	0
K19593	4	0	2	30	0	7	52	3
K05193	0	0	0	0	1	0	2	0
K13513	0	0	0	0	0	0	0	0
K19594	9	5	4	62	61	39	358	11
K08217	9	15	3	42	93	18	237	10
K05194	0	0	0	0	0	0	1	0
K13514	0	0	0	0	0	0	0	0
K19595	2	2	2	45	11	21	150	6
K08218	90	120	18	238	345	158	1833	40
K05195	0	0	0	0	1	0	4	0
K05196	0	0	0	0	0	0	0	0
K13515	0	0	0	0	0	0	0	0
K19596	0	0	0	0	3	0	0	0
K08219	0	0	0	2	3	0	0	0
K13516	0	0	0	0	0	1	1	0
K05197	0	0	0	1	0	0	0	0
K19597	34	5	2	7	23	9	100	1
K06980	80	83	9	225	355	105	1140	38
K19598	0	0	0	0	0	0	0	0
K05198	0	0	0	1	0	0	0	0
K13517	0	0	0	0	0	0	0	0
K00900	0	0	0	1	1	0	0	0
K06981	0	2	0	6	33	5	26	1
K05199	0	0	0	1	0	0	0	0
K19599	0	0	0	0	0	0	0	0
K06982	0	0	0	5	21	7	12	1
K00901	42	38	14	64	117	39	425	12
K00902	1	0	0	0	1	0	1	0
K13519	0	0	0	0	0	0	0	0
K06983	4	10	1	8	17	4	49	0
K06984	0	0	2	7	14	1	21	2
K00903	1	1	2	12	28	2	88	4
K09080	0	0	0	0	0	0	0	0
K00904	0	0	0	0	0	0	0	0
K06985	83	59	4	85	108	68	570	17
K17400	0	0	0	0	0	0	0	0
K09081	0	0	0	0	0	0	0	0
K00905	0	0	0	0	0	0	0	0
K03000	0	0	0	0	0	0	0	0
K06986	14	6	2	14	11	14	160	7
K09082	0	0	0	0	0	0	0	0
K03001	0	0	0	0	0	0	0	0
K17401	0	0	0	0	0	0	0	0
K06987	91	67	12	123	190	56	685	18
K00906	46	56	2	58	78	54	662	3
K09083	0	0	0	0	0	0	0	0
K17402	0	0	0	0	0	0	1	0
K00907	0	1	1	0	1	1	2	2
K06988	50	99	27	335	383	94	1299	46
K03002	24	8	1	1	1	0	2	0
K09084	0	0	0	0	0	0	0	0
K03003	0	0	0	0	0	0	0	0
K17403	0	0	0	0	0	0	0	0
K06989	6	8	2	69	65	17	213	12
K00908	1	1	0	0	1	0	2	0
K09085	0	0	0	0	0	0	0	0
K17404	0	0	0	0	0	0	0	0
K00909	0	0	0	0	0	0	1	0
K03004	0	0	0	0	0	0	1	0
K09086	0	0	0	0	0	0	0	0
K17405	0	0	0	0	0	0	0	0
K03005	0	0	0	0	0	0	1	0
K09087	0	0	0	0	0	0	0	0
K17406	0	0	0	0	0	0	0	0
K03006	26	15	0	9	7	0	37	4
K17407	0	0	0	0	0	0	0	0
K03007	0	0	0	0	0	0	0	0
K09089	0	0	0	0	0	0	0	0
K17408	0	0	0	0	0	0	2	0
K03008	0	0	0	0	0	0	0	0
K17409	0	0	0	0	0	0	0	0
K03009	0	0	0	0	0	0	0	0
K14390	0	0	0	0	0	0	2	0
K01770	72	67	18	223	277	78	982	31
K14391	0	0	0	2	4	0	7	0
K01771	3	1	4	27	20	5	110	7
K14392	23	23	0	23	80	19	302	6
K01772	134	129	30	313	537	147	1698	41
K01773	0	0	0	0	0	0	0	0
K14393	105	166	13	175	639	99	1578	20
K14394	0	0	0	1	0	0	3	0
K14395	0	0	0	0	0	0	1	0
K18270	1	0	0	0	0	0	0	0
K05650	0	0	0	1	1	0	2	0
K01775	145	160	41	441	664	160	2149	56
K18271	0	0	0	0	0	0	0	0
K14396	1	1	0	1	0	0	1	0
K05651	0	0	0	1	1	0	1	0
K01776	72	92	15	227	415	68	998	33
K14397	1	3	0	0	0	0	0	0
K18272	0	0	0	0	0	0	1	0
K05652	0	0	0	1	1	0	1	0
K01777	35	24	12	154	193	33	583	24
K18273	0	0	0	0	0	0	1	0
K14398	5	8	0	0	0	0	0	0
K05653	0	0	0	0	1	0	4	1
K01778	95	92	16	251	456	129	1593	46
K18274	0	0	0	0	0	0	1	0
K14399	0	0	1	0	1	0	3	0
K05654	1	1	0	0	0	0	2	0
K01779	86	88	8	111	176	67	875	22
K18275	0	0	0	7	3	0	10	0
K05655	13	15	0	2	2	0	5	0
K18276	0	0	0	2	0	0	1	0
K05656	0	1	0	0	1	1	9	1
K18277	7	8	1	17	27	22	159	4
K05657	16	16	0	4	7	2	22	1
K18278	0	0	0	0	1	0	0	0
K05658	58	31	0	11	17	6	84	1
K18279	0	0	0	0	0	0	0	0
K05659	0	0	0	1	1	2	3	0
K10960	0	6	1	10	34	5	78	3
K10961	0	0	0	0	0	0	0	0
K09540	1	2	0	0	1	0	5	1
K10962	0	0	0	0	0	0	0	0
K09541	0	0	0	0	0	0	0	0
K09542	0	0	0	0	0	0	0	0
K09543	0	0	0	0	0	0	0	0
K09544	0	0	0	0	0	0	0	0
K10965	0	0	0	0	0	0	0	0
K13060	17	6	0	4	12	4	34	0
K09545	0	0	0	0	0	0	0	0
K13061	5	7	0	1	2	0	19	0
K10966	0	0	1	1	6	2	28	0
K09546	0	0	0	0	0	0	0	0
K10967	0	0	0	1	0	0	2	0
K09547	0	0	0	0	0	0	0	0
K10968	0	0	0	0	1	0	0	0
K13063	18	35	3	26	41	0	101	4
K13064	5	1	0	3	0	0	0	0
K10969	0	0	0	0	0	0	0	0
K09548	0	0	0	0	0	0	0	0
K13065	28	22	0	2	0	0	15	0
K09549	0	1	0	0	0	0	0	0
K13066	0	0	0	0	0	1	3	1
K13067	0	0	0	0	0	0	1	0
K14850	0	0	0	0	5	0	2	1
K00450	26	24	14	202	198	155	1052	45
K13068	0	0	0	0	0	0	3	0
K14851	8	8	0	0	1	0	0	0
K00451	99	100	27	295	428	120	1765	41
K14852	0	0	0	0	0	0	1	0
K13069	19	7	0	11	38	4	106	2
K00452	10	13	9	56	63	43	336	8
K14853	0	0	0	0	0	0	0	0
K00453	66	80	15	179	308	90	1075	35
K14854	0	0	0	0	0	0	0	0
K00454	3	4	0	1	1	0	3	0
K18730	0	3	0	1	0	0	1	0
K14855	0	5	7	68	53	3	131	15
K00455	5	6	1	9	21	4	119	0
K18731	0	0	0	0	0	0	0	0
K14856	1	1	0	0	0	0	2	0
K00456	0	1	2	19	17	6	68	3
K04332	0	0	0	0	0	0	0	0
K18732	0	0	0	0	2	0	2	0
K14857	1	0	0	0	0	0	1	0
K00457	177	186	28	369	514	216	2461	49
K18733	1	0	0	0	0	0	0	0
K00458	0	0	0	0	0	0	0	1
K14858	0	0	0	0	0	0	1	0
K04333	8	1	0	0	5	1	3	0
K04334	2	0	0	0	1	0	0	0
K18734	97	78	0	0	0	0	0	0
K14859	0	0	0	1	0	0	0	0
K22250	6	1	1	59	38	18	221	5
K00459	161	168	28	605	526	156	2509	72
K18735	0	2	0	0	0	0	0	0
K04335	5	0	0	1	1	0	1	0
K22251	0	1	0	1	1	0	1	0
K18736	0	0	0	0	0	0	0	0
K04336	0	0	0	0	0	0	0	0
K22252	13	14	1	12	17	3	104	0
K18737	0	0	0	0	0	0	0	0
K04337	2	2	0	0	0	0	1	0
K22253	8	11	0	7	14	0	11	0
K22254	0	0	0	0	0	0	0	0
K18738	0	0	0	0	0	0	2	0
K04338	3	4	0	0	2	0	7	0
K22255	1	0	0	0	0	0	0	0
K18739	0	0	0	0	0	0	0	0
K04339	0	1	1	4	2	2	11	0
K22256	38	44	0	0	0	0	0	0
K22257	0	0	0	0	0	0	0	0
K22258	0	0	0	0	0	0	0	0
K08220	0	0	1	0	0	0	2	0
K08221	3	1	1	63	25	3	115	3
K08222	0	5	0	0	7	1	19	0
K08223	69	49	16	209	336	65	967	36
K13520	0	0	0	1	3	0	4	0
K08224	37	23	7	72	66	37	393	12
K13521	0	0	0	0	0	0	0	0
K08225	34	37	6	119	117	48	669	18
K13522	26	18	1	4	8	2	52	1
K08226	0	4	2	6	42	13	155	3
K13523	1	1	0	0	0	0	1	2
K08227	2	1	0	2	7	0	18	1
K08228	0	0	0	0	0	0	0	0
K13524	1	8	2	12	8	18	141	5
K08229	0	0	0	0	0	0	0	0
K13525	35	45	9	113	486	98	747	18
K13526	0	0	0	0	0	0	0	0
K06990	2	10	14	116	236	52	642	23
K13527	9	16	12	108	218	48	584	27
K06991	23	22	3	21	45	14	158	3
K00910	0	0	0	0	0	0	2	0
K13528	0	0	0	0	0	0	0	0
K00911	0	0	0	0	0	0	0	0
K06992	8	8	2	4	24	3	83	1
K06993	0	0	0	0	2	0	4	2
K13529	61	99	14	256	236	56	940	31
K00912	90	79	9	145	199	86	983	30
K06994	97	239	176	1970	2168	200	4364	178
K00913	0	2	0	0	1	2	3	0
K09090	0	0	0	0	0	0	0	0
K06995	56	41	0	17	26	11	191	1
K00914	0	1	1	0	0	0	3	0
K09091	0	0	0	0	0	0	0	0
K17410	0	0	0	0	0	0	0	0
K00915	0	0	0	0	0	0	2	0
K06996	98	135	37	432	549	196	2395	70
K03010	273	234	1	4	6	0	20	0
K17411	0	0	0	0	0	0	1	1
K09092	0	0	0	0	0	0	0	0
K03011	0	0	1	0	0	0	3	0
K00916	0	0	0	0	2	0	2	0
K06997	77	82	15	222	396	92	1124	34
K09093	0	0	0	0	0	0	0	0
K03012	9	6	0	0	0	0	4	0
K17412	1	1	0	0	0	0	0	0
K06998	60	40	18	172	226	60	856	20
K00917	6	19	1	51	39	8	108	6
K09094	0	0	0	0	0	0	0	0
K17413	0	0	0	0	1	0	1	0
K06999	123	122	18	237	456	94	1408	40
K00918	0	2	0	0	5	0	5	0
K03013	1	0	0	0	2	0	1	1
K09095	0	0	0	0	0	0	0	0
K17414	0	0	0	0	4	0	2	0
K00919	83	87	21	237	384	56	960	25
K03014	0	0	0	1	6	0	4	0
K17415	0	0	0	0	0	0	0	0
K09096	0	0	0	0	0	0	0	0
K03015	1	0	0	0	0	0	2	0
K09097	0	0	0	0	0	0	0	0
K03016	0	0	0	0	0	0	0	0
K09098	0	0	0	0	0	0	0	0
K17417	0	0	0	0	0	0	0	0
K03017	0	0	0	0	0	0	0	0
K09099	0	0	0	0	0	0	0	0
K17418	0	0	0	0	0	0	0	0
K03018	1	1	0	1	0	2	5	0
K17419	0	0	0	0	0	0	0	0
K03019	0	0	0	0	0	0	1	0
K01781	19	12	11	130	144	60	742	20
K01782	150	178	31	427	594	178	2572	57
K01783	89	85	24	281	454	129	1737	50
K01784	376	460	135	1730	2639	516	8715	267
K18280	0	0	0	0	0	0	0	0
K05660	0	0	0	1	0	1	4	0
K01785	182	196	29	349	337	110	1602	44
K18281	0	0	0	0	0	0	0	0
K12200	164	131	0	0	0	0	1	0
K05661	0	1	0	0	4	1	15	0
K12201	0	0	0	0	0	0	0	0
K18282	0	0	0	0	1	0	5	0
K05662	0	0	0	0	1	0	6	0
K01787	5	0	1	13	14	5	113	5
K18283	0	0	0	3	1	1	4	0
K05663	5	4	0	0	4	1	13	0
K12202	0	0	0	0	4	0	6	0
K01788	4	5	0	9	8	0	27	1
K18284	0	0	0	0	2	0	4	0
K12203	22	18	0	10	17	17	262	0
K05664	0	0	0	1	0	2	1	0
K18285	15	14	11	131	249	89	1145	29
K12204	2	6	2	4	22	4	76	4
K05665	16	12	0	2	3	0	17	1
K18286	6	16	6	119	97	16	292	13
K12205	0	0	0	0	0	0	15	0
K05666	720	664	0	1	1	0	19	1
K18287	5	4	1	9	12	1	31	2
K12206	5	0	1	6	5	1	56	1
K05667	0	0	0	1	1	0	3	1
K12207	1	0	0	0	1	0	1	0
K18288	0	2	2	33	45	22	183	7
K05668	0	0	0	0	1	0	3	0
K05669	0	2	0	0	3	0	2	2
K18289	7	9	0	20	16	14	190	0
K12208	0	0	0	0	0	0	2	0
K12209	1	0	0	0	1	0	8	0
K10970	0	0	0	0	0	0	0	0
K10971	0	0	0	0	0	0	0	0
K09550	0	0	0	0	0	0	0	0
K10972	0	0	0	1	1	0	2	0
K09551	0	1	0	0	0	0	0	0
K10973	0	2	0	0	2	0	9	0
K09552	0	0	0	0	1	0	2	0
K10974	9	5	7	52	38	1	82	4
K09553	8	4	4	16	18	8	91	7
K09554	0	0	0	0	0	0	1	0
K13070	0	0	0	0	1	0	1	0
K10975	0	0	0	1	3	0	6	0
K13071	1	0	0	0	2	0	1	0
K10976	1	0	0	0	0	0	1	0
K09555	0	0	0	0	0	0	0	0
K09556	0	0	0	0	0	0	0	0
K10977	0	0	0	3	0	1	5	0
K13073	0	0	0	0	0	0	0	0
K09557	1	0	0	0	0	0	0	0
K10978	0	0	0	0	3	4	25	0
K09558	0	0	0	0	0	0	0	0
K13074	0	4	0	7	1	0	17	2
K10979	185	190	54	432	762	311	3186	76
K09559	0	0	0	0	0	0	0	0
K13075	13	16	12	168	118	34	563	24
K13076	0	0	0	1	3	0	0	0
K00460	0	0	0	0	0	0	0	1
K14860	0	0	0	0	0	0	0	0
K14861	0	0	2	2	3	0	6	1
K00461	0	6	0	0	2	0	9	1
K14862	0	0	0	0	0	0	2	0
K00462	1	1	1	2	6	1	44	2
K14863	0	1	0	1	1	1	7	0
K00463	3	1	0	13	27	7	85	1
K14864	2	0	1	0	1	0	2	0
K00464	5	9	1	10	35	1	48	0
K04340	0	0	0	1	1	3	26	2
K00465	0	2	0	0	0	0	2	0
K18740	0	0	0	0	1	0	1	0
K04341	0	0	0	0	0	0	0	0
K18741	0	0	0	0	0	1	2	0
K00466	5	11	4	45	32	21	204	6
K04342	0	0	1	8	1	3	56	3
K00467	7	16	8	113	95	13	381	12
K18743	0	0	0	0	0	0	0	0
K04343	34	54	6	113	138	19	325	17
K18744	0	0	0	0	0	0	0	0
K22260	0	0	0	0	0	0	0	0
K04344	0	0	0	0	0	0	0	0
K00469	56	45	2	14	18	15	218	9
K18745	0	0	0	0	0	0	0	0
K22261	0	0	0	0	0	0	0	0
K04345	0	0	0	3	6	1	7	3
K04346	0	0	0	0	0	0	0	0
K22262	5	0	0	0	2	0	11	0
K22263	0	0	0	0	0	0	0	0
K04347	0	0	0	0	0	0	1	0
K18747	0	0	0	0	0	0	0	0
K22264	0	0	0	0	0	0	0	0
K18748	1	0	0	0	0	0	3	1
K04348	0	0	0	0	0	0	2	0
K22265	0	0	0	0	0	0	0	0
K18749	0	0	0	0	0	0	1	0
K04349	0	0	0	0	0	0	0	0
K22266	0	0	0	0	0	0	0	0
K22267	0	0	0	0	0	0	0	0
K22268	0	2	2	1	6	1	31	0
K08230	0	0	0	0	1	0	0	0
K08231	0	0	0	0	0	0	2	0
K22269	0	2	2	31	21	5	50	2
K08232	1	1	0	0	0	0	1	0
K13530	4	11	1	24	35	8	120	5
K08234	36	49	14	162	210	72	900	34
K13531	0	1	1	4	3	1	15	0
K08235	72	65	0	2	0	1	5	0
K08236	2	1	0	0	0	0	0	0
K13532	0	0	0	6	5	1	11	0
K13533	0	0	1	16	17	4	49	1
K08237	39	46	0	0	0	0	5	0
K08238	39	39	0	0	0	0	0	0
K13534	0	0	0	0	0	0	0	0
K13535	0	0	0	0	2	0	5	0
K08239	0	0	0	0	1	1	1	0
K13536	0	0	0	0	0	0	0	0
K13537	0	0	0	0	0	0	0	0
K00920	0	0	0	0	0	0	1	0
K13538	0	0	0	0	0	0	0	0
K00921	6	2	0	1	2	0	5	1
K13539	0	0	0	0	0	0	0	0
K00922	0	0	0	0	1	0	3	0
K00923	0	0	0	0	1	0	1	0
K00924	11	12	0	1	2	0	8	0
K17420	0	0	0	0	0	0	0	0
K03020	0	0	0	0	0	0	1	0
K04800	0	0	0	7	23	5	12	1
K00925	49	49	45	430	490	198	2505	55
K17421	0	0	0	0	0	0	0	0
K04801	0	0	0	5	27	5	17	0
K00926	12	10	15	207	216	40	753	24
K03021	1	0	0	0	0	0	8	0
K17422	0	0	0	0	0	0	0	0
K03022	1	1	0	0	0	0	0	0
K04802	0	0	0	2	20	4	12	1
K00927	147	156	29	457	723	187	2540	61
K17423	0	0	0	0	0	0	0	0
K04803	0	0	0	0	0	0	0	0
K03023	2	1	0	0	1	0	1	0
K00928	137	162	36	517	896	292	3227	91
K04804	0	0	0	0	0	0	0	0
K03024	0	0	0	0	0	0	0	0
K17424	0	0	0	0	0	0	1	0
K00929	2	0	1	1	12	0	19	0
K04805	0	0	0	0	0	0	0	0
K17425	0	1	0	2	7	5	47	1
K03025	0	0	1	0	0	0	1	0
K04806	0	0	0	0	0	0	0	0
K17426	0	0	0	0	0	0	1	0
K03026	1	1	0	0	0	0	0	0
K04807	0	0	0	0	0	0	0	0
K17427	0	1	0	0	0	0	1	0
K03027	0	0	0	1	1	0	9	1
K04808	0	0	0	0	0	0	0	0
K17428	0	0	0	0	0	0	2	0
K03028	0	0	0	0	2	0	6	0
K17429	0	0	0	0	0	0	0	0
K04809	0	0	0	0	0	0	0	0
K03029	0	0	0	0	2	0	1	0
K01790	88	92	23	240	428	119	1698	47
K01791	98	116	21	271	643	144	2202	61
K01792	43	33	2	22	27	8	193	5
K01793	0	0	0	1	1	0	7	0
K01794	0	0	0	0	0	0	0	0
K18290	0	3	1	28	35	7	107	7
K05670	691	650	0	0	2	0	2	0
K01795	4	2	2	14	33	2	75	3
K12210	5	6	0	0	3	0	4	0
K05671	0	0	0	0	0	0	0	0
K18291	13	12	3	14	25	13	209	4
K01796	32	50	11	234	243	65	1029	25
K18292	6	6	2	17	34	9	120	3
K12211	1	0	0	0	0	0	2	0
K05672	0	0	0	0	0	0	0	0
K12212	0	0	0	0	1	1	6	1
K18293	0	0	0	0	1	0	2	0
K05673	0	1	0	0	2	0	9	1
K18294	1	0	0	0	0	0	0	0
K12213	2	0	0	0	0	0	6	1
K05674	1	0	0	0	1	0	0	0
K01799	38	34	19	186	187	72	713	33
K18295	2	2	0	1	3	0	3	0
K12214	1	0	0	0	2	0	8	0
K05675	0	0	0	0	0	0	1	0
K12215	0	0	0	0	0	0	0	0
K18296	2	9	0	3	2	0	13	0
K05676	0	0	0	0	0	0	1	0
K18297	12	8	0	3	10	1	44	3
K12216	5	2	2	18	14	2	64	3
K05677	2	1	0	0	0	1	2	0
K18298	26	15	4	25	37	13	192	5
K12217	3	1	2	0	11	1	52	1
K05678	0	0	0	0	0	0	0	0
K18299	92	59	34	330	211	110	2024	56
K12218	1	0	1	0	1	0	17	0
K05679	0	0	0	0	0	0	1	0
K12219	0	0	0	1	0	0	1	1
K10980	0	0	0	0	0	0	0	0
K10981	0	0	0	0	0	0	0	0
K09560	1	1	1	4	4	1	15	0
K10982	0	0	0	0	0	0	0	0
K09561	0	0	0	3	3	1	10	0
K09562	2	1	0	0	0	0	0	0
K09563	0	0	0	0	0	0	0	0
K10984	0	0	0	0	0	0	0	0
K13080	0	0	0	0	0	0	0	0
K10985	0	0	0	0	0	0	0	0
K09564	1	1	0	0	1	0	1	1
K13081	0	0	0	0	0	0	0	0
K10986	0	0	0	0	0	0	0	0
K21400	0	0	1	2	5	0	36	2
K09565	22	20	4	39	47	24	315	15
K13082	0	0	0	0	0	0	0	0
K21401	15	39	18	181	268	32	637	23
K09566	0	0	0	0	1	0	8	0
K13083	3	0	0	0	0	0	0	0
K09567	0	0	0	0	0	0	1	0
K21402	1	0	0	3	3	1	23	0
K13084	0	0	0	0	0	0	0	0
K21403	0	0	0	0	0	0	1	0
K09568	1	0	0	3	3	0	10	0
K21404	0	0	0	0	0	0	0	0
K13085	1	0	0	2	1	0	1	0
K09569	0	1	0	1	0	1	12	1
K21405	124	81	16	111	162	49	799	18
K13086	5	4	1	1	10	0	11	0
K13087	0	0	0	0	0	0	0	0
K21406	0	0	0	0	0	0	0	0
K13088	0	0	0	0	0	0	0	0
K21407	14	15	0	0	1	0	3	0
K00471	1	6	1	41	31	3	102	3
K13089	0	0	0	0	0	0	0	0
K00472	43	34	2	16	69	24	393	7
K00473	0	0	0	0	3	0	4	0
K00474	0	0	0	0	4	1	12	0
K18750	0	0	0	0	0	0	0	0
K00475	0	1	0	0	0	0	0	0
K04350	0	0	0	0	0	0	0	0
K18751	0	0	0	0	0	0	0	0
K04351	0	0	0	0	0	0	2	0
K00476	3	1	0	19	14	16	114	3
K18752	0	2	0	0	5	0	9	0
K04352	0	0	0	0	0	0	1	0
K00477	8	17	0	26	59	14	265	7
K00478	0	0	0	0	0	0	0	0
K18753	2	0	0	0	0	0	0	0
K04353	0	0	0	0	0	0	4	0
K22270	13	12	3	117	68	65	571	18
K18754	0	0	0	0	3	0	3	0
K04354	4	2	0	0	1	0	1	0
K00479	50	65	22	380	386	158	1562	48
K18755	0	0	0	0	0	0	0	0
K04356	0	0	0	0	0	0	0	0
K18756	0	0	0	1	0	0	1	0
K04357	0	0	0	0	0	0	1	0
K18757	0	1	0	0	0	0	2	0
K04358	0	0	0	0	0	0	0	0
K18758	0	0	0	0	1	0	1	1
K04359	0	0	0	0	0	0	0	0
K18759	0	0	0	0	0	0	0	0
K22276	0	0	0	1	0	0	4	0
K22277	0	0	0	2	0	0	0	0
K08240	0	0	0	0	0	0	0	0
K22278	53	61	36	347	361	88	1365	49
K22279	0	0	0	0	0	0	0	0
K08241	6	4	0	0	0	0	1	0
K08242	0	0	0	0	0	1	4	0
K08243	0	0	0	0	0	0	0	0
K13540	7	16	0	22	25	5	88	3
K08244	1	2	1	5	0	0	5	1
K13541	30	32	5	105	106	8	222	6
K08245	1	0	0	0	1	0	0	0
K08246	0	0	0	0	1	0	2	0
K13542	25	60	26	260	477	66	918	44
K13543	24	22	2	16	32	6	148	8
K08247	2	0	0	0	0	0	0	0
K13544	0	0	0	0	0	0	0	0
K08248	0	0	0	0	0	0	0	0
K13545	2	1	0	0	0	0	0	0
K08249	0	0	0	0	0	0	0	0
K00930	92	111	34	349	460	148	1824	46
K00931	110	112	31	291	357	76	1270	39
K00932	10	0	0	0	1	0	6	0
K00933	0	0	0	0	4	1	7	0
K00934	0	0	0	0	3	0	6	0
K04810	0	0	0	0	0	0	0	0
K17430	0	0	0	0	0	0	0	0
K03030	2	0	0	0	0	0	0	0
K04811	0	0	0	0	0	0	0	0
K17431	0	0	0	0	0	0	0	0
K03031	0	1	0	0	0	0	1	0
K00936	20	48	14	124	176	16	366	11
K04812	0	0	0	0	0	0	0	0
K17432	0	0	0	0	0	0	0	0
K00937	205	253	59	705	999	356	4358	112
K03032	2	1	0	0	0	0	4	1
K04813	0	0	0	0	0	0	0	0
K03033	0	0	0	0	1	0	0	0
K17433	0	0	0	0	0	0	0	0
K00938	1	15	2	13	26	2	78	3
K17434	1	0	0	0	0	0	0	0
K03034	0	0	0	0	0	0	0	0
K04814	0	0	0	0	1	0	0	1
K00939	81	97	26	344	532	160	1889	57
K04815	0	0	0	0	0	0	0	0
K17435	0	0	0	0	0	0	0	0
K03035	1	0	0	0	0	0	3	0
K04816	0	0	0	0	0	0	0	0
K17436	0	0	0	0	0	0	0	0
K03036	1	0	0	1	1	0	1	0
K04817	0	0	0	0	0	0	0	0
K17437	0	0	0	0	0	0	0	0
K03037	0	0	0	1	0	0	0	0
K04818	0	0	0	0	0	0	0	0
K17438	0	0	0	0	1	0	0	0
K03038	0	1	0	0	0	0	1	0
K04819	0	0	0	0	0	0	0	0
K17439	0	0	0	0	0	0	1	0
K03039	2	0	0	0	0	0	2	1
K08700	0	0	0	0	1	0	1	0
K08701	0	0	0	0	0	0	0	0
K08702	0	0	0	0	0	0	0	0
K08703	0	0	0	0	0	0	0	0
K05680	0	0	0	0	0	0	0	0
K08704	0	0	0	0	0	0	0	0
K05681	0	0	0	0	5	0	8	2
K08705	0	0	0	0	0	0	0	0
K12221	0	0	0	0	0	0	4	0
K05682	0	0	0	0	1	0	0	0
K08706	0	0	0	0	0	0	0	0
K12222	0	0	0	0	0	0	4	0
K05683	0	0	0	0	0	0	0	0
K12223	0	0	0	0	0	0	1	0
K05684	0	0	0	0	0	0	0	0
K08707	0	0	0	0	0	0	0	0
K12224	0	0	0	0	1	0	4	0
K05685	58	45	20	175	224	70	982	24
K08709	0	0	0	0	0	0	0	0
K12225	0	0	0	0	0	0	0	0
K05687	1	2	0	0	2	0	3	0
K12226	0	0	0	1	1	2	11	0
K12227	0	0	0	0	0	0	0	0
K05688	0	0	0	0	0	0	0	0
K05689	0	0	0	0	1	2	7	1
K12228	1	0	0	1	0	0	14	2
K12229	0	0	0	0	0	0	0	0
K10990	0	0	0	0	0	0	0	0
K10991	0	0	0	0	0	0	0	0
K09570	0	0	0	0	0	0	0	0
K10992	0	0	0	0	0	0	0	0
K09571	4	0	1	2	2	0	13	0
K10993	0	0	0	0	0	0	0	0
K09572	0	1	0	0	1	0	3	0
K10994	0	0	0	0	0	0	0	1
K09573	0	0	0	0	0	0	0	0
K13090	0	0	0	0	0	0	0	0
K10995	0	0	0	0	0	0	0	0
K09574	0	0	0	1	1	0	7	0
K21410	0	0	0	0	0	0	0	0
K10996	0	0	0	0	0	0	0	0
K13091	0	2	0	0	1	0	1	0
K09575	0	1	0	1	0	1	3	0
K13092	0	0	0	0	0	0	0	0
K10997	0	0	0	0	0	0	2	0
K21411	0	1	0	0	0	0	8	0
K09576	0	0	0	0	0	0	0	0
K21412	0	0	1	0	1	0	0	0
K13093	1	0	0	0	0	0	3	0
K10998	0	0	0	0	0	0	1	0
K09577	0	0	0	1	0	2	7	0
K21413	0	0	0	0	0	0	8	0
K13094	1	0	0	0	0	0	1	0
K10999	3	2	0	1	0	0	2	0
K09578	1	0	0	1	1	1	6	0
K21414	0	0	1	0	0	0	1	0
K13095	2	0	0	0	0	0	1	0
K09579	0	0	0	0	1	0	0	0
K21415	1	0	0	0	2	0	13	0
K16119	1	0	1	4	8	2	22	1
K13096	0	0	0	0	0	0	0	0
K13097	0	0	0	0	0	0	0	0
K21416	21	36	33	397	545	134	1653	57
K00480	69	58	25	348	166	128	1486	41
K21417	31	31	45	425	523	149	1637	50
K13098	0	0	0	0	0	0	1	0
K00481	87	82	16	277	253	84	1238	29
K21418	0	0	0	0	0	0	0	0
K13099	1	1	0	1	0	0	2	0
K21419	0	0	0	0	0	0	0	0
K00483	14	17	23	445	426	150	1667	53
K00484	4	6	0	17	10	4	40	0
K18760	0	0	0	0	0	0	0	0
K04360	0	0	0	0	1	0	1	0
K00485	12	6	0	3	6	2	36	1
K18761	0	0	0	0	0	0	0	0
K04361	0	0	0	1	1	0	0	0
K00486	19	24	6	75	94	56	536	8
K18762	0	0	0	0	0	0	0	0
K00487	0	1	0	0	0	0	0	0
K04362	0	0	0	1	1	0	0	0
K18763	0	0	0	0	0	0	0	0
K04363	0	0	0	0	0	0	0	0
K00488	0	0	0	0	1	0	2	0
K04364	0	0	0	0	0	0	1	0
K00489	0	0	1	1	0	0	0	0
K18764	0	0	0	0	2	0	8	0
K18765	0	0	0	0	1	1	0	0
K04365	0	0	1	0	1	0	4	1
K18766	0	2	0	0	1	0	0	0
K04366	0	0	0	0	0	0	1	0
K22282	0	0	0	0	0	0	3	1
K22283	0	0	0	0	0	0	0	0
K18767	1	0	0	0	0	0	11	0
K04367	0	0	0	0	0	0	1	0
K22284	0	0	0	0	0	0	0	0
K04368	0	0	0	0	1	0	1	0
K18768	1	0	0	0	0	0	7	0
K18769	0	0	0	0	0	0	1	1
K04369	0	0	0	0	0	0	0	0
K22285	0	0	1	0	0	0	1	0
K22287	0	0	0	0	0	0	0	0
K22288	0	0	0	0	0	0	0	0
K08251	0	0	0	0	0	0	0	0
K08252	28	50	7	120	198	37	724	30
K08253	5	10	11	86	106	30	509	22
K08254	1	0	0	1	4	0	0	0
K08255	0	0	0	0	0	0	1	0
K08256	8	29	12	200	339	18	525	26
K08257	0	0	0	0	0	0	4	0
K08259	13	10	1	19	38	9	180	1
K00940	48	63	11	169	303	154	1321	33
K00941	100	102	15	229	363	115	1305	42
K00942	76	72	18	197	382	89	1112	40
K00943	88	96	32	396	599	155	1820	72
K00944	0	0	0	0	0	0	3	0
K17440	0	1	0	0	2	0	4	0
K00945	83	86	17	235	408	76	1224	42
K03040	116	126	41	368	630	207	2426	60
K17441	0	0	0	0	0	0	1	0
K00946	66	62	18	258	361	77	1193	38
K03041	0	0	0	10	57	21	65	4
K17442	0	0	0	0	0	0	1	0
K00947	0	1	3	54	27	7	123	12
K03042	0	0	0	1	4	3	3	0
K17443	0	0	0	0	0	0	0	0
K00948	136	131	25	423	795	197	2604	60
K03043	400	440	113	1082	1641	832	9029	186
K17444	0	0	0	0	0	0	0	0
K04824	0	0	0	0	0	0	0	0
K03044	0	0	0	1	4	0	0	0
K00949	27	21	4	18	49	4	96	6
K17445	0	0	0	0	0	0	0	0
K04825	0	0	0	0	0	0	0	0
K03045	0	0	0	0	0	0	0	0
K17446	0	0	0	0	0	0	0	0
K04826	0	0	0	0	0	0	0	0
K03046	372	436	106	1207	1810	789	9222	185
K04827	0	0	0	0	0	0	1	0
K17447	0	0	0	0	0	0	0	0
K03047	0	0	0	4	17	5	17	3
K17448	0	0	0	0	0	0	0	0
K04828	0	0	0	0	0	0	1	0
K03048	0	0	0	0	1	0	0	0
K04829	0	0	0	0	0	0	1	0
K17449	0	0	0	0	0	0	0	0
K03049	0	0	0	3	14	6	10	0
K08711	4	0	0	0	0	0	6	3
K08712	7	0	0	1	1	0	11	3
K05690	0	0	0	0	0	0	0	0
K08713	0	0	0	0	2	0	3	0
K12230	0	0	0	0	0	0	0	0
K05691	0	0	0	0	0	0	0	0
K08714	7	9	2	11	77	1	48	4
K12231	1	0	0	0	0	0	2	0
K08715	1	7	5	83	6	22	379	15
K05692	1	1	1	1	8	0	5	2
K05693	0	0	0	0	0	0	0	0
K08716	0	0	0	0	1	0	3	1
K12232	0	0	0	0	0	0	2	1
K12233	0	0	0	0	0	0	0	0
K05694	0	0	0	2	1	0	0	0
K08717	7	4	0	11	22	11	61	1
K08718	0	0	0	0	0	0	1	0
K12234	20	38	17	187	249	27	435	25
K05695	0	0	0	0	1	0	1	0
K12235	0	1	0	9	7	0	18	1
K05696	1	0	0	0	0	0	1	1
K05697	0	0	0	0	0	0	0	0
K12236	1	0	0	0	0	0	1	0
K12237	0	1	0	0	2	0	0	0
K05698	0	0	0	0	0	0	1	0
K05699	0	0	0	0	1	0	0	0
K12238	3	2	0	4	8	3	27	0
K12239	4	18	0	14	20	0	39	1
K09580	8	5	0	4	3	2	14	0
K16120	0	1	0	0	4	2	4	0
K09581	0	0	0	0	0	0	0	0
K17900	1	0	0	0	0	0	1	0
K03500	223	203	27	460	612	143	2069	58
K17901	0	0	0	0	0	0	0	0
K16121	0	1	0	0	1	0	0	0
K09582	0	0	0	0	0	0	0	0
K03501	68	71	9	154	282	53	729	22
K17902	0	0	0	0	0	0	0	0
K16122	1	0	0	0	2	0	7	0
K09583	0	0	0	0	3	0	0	0
K03502	45	39	8	45	105	30	436	7
K17903	0	0	0	0	0	0	0	0
K16123	0	2	0	3	3	0	6	0
K09584	0	0	1	0	1	0	5	0
K03503	10	4	3	6	27	2	95	5
K17904	0	0	0	0	0	0	0	0
K09585	0	0	0	0	0	0	0	0
K21420	77	62	5	87	133	63	713	15
K16124	0	2	0	2	6	0	15	0
K03504	0	0	0	0	0	0	1	0
K17905	0	0	0	0	0	0	0	0
K03505	0	1	0	0	0	0	0	0
K21421	0	0	0	1	0	0	0	0
K16125	2	1	0	6	5	1	21	0
K09586	0	0	0	0	0	0	0	0
K21422	0	0	0	0	0	0	0	0
K09587	1	0	0	0	0	0	2	0
K17906	15	13	0	0	0	0	5	1
K16126	0	1	0	3	13	0	17	0
K03506	0	0	0	0	0	0	0	0
K21423	0	0	0	0	0	0	0	0
K09588	0	0	0	0	0	0	2	0
K17907	0	0	0	1	0	0	2	0
K16127	0	2	2	6	14	5	31	1
K03507	1	0	1	0	0	0	4	0
K03508	0	0	0	0	0	0	0	0
K09589	0	0	0	0	0	0	0	0
K21424	0	0	0	2	2	0	1	0
K17908	0	0	1	0	2	0	5	0
K16128	2	2	2	12	20	3	42	1
K17909	0	0	0	0	0	0	0	0
K16129	4	5	1	12	35	3	51	2
K03509	65	67	0	0	1	0	2	0
K00490	0	0	0	0	0	0	1	0
K00491	7	32	3	30	46	2	86	4
K21428	3	1	0	2	3	0	4	0
K21429	0	2	1	5	10	1	72	1
K00493	46	41	2	152	163	49	622	16
K00494	0	0	0	0	2	0	9	1
K04370	0	0	0	0	0	0	0	0
K00495	0	0	0	0	0	0	0	0
K18770	0	0	0	2	5	0	7	1
K04371	177	158	2	1	3	0	6	0
K00496	13	13	2	42	40	13	182	10
K00497	0	0	0	0	0	0	0	0
K04372	0	0	0	0	0	0	3	0
K00498	0	0	0	0	0	0	0	0
K04373	0	0	0	0	0	0	10	0
K22290	0	0	0	0	0	0	0	0
K04374	12	9	0	0	0	0	0	0
K00499	43	58	15	147	235	90	913	15
K04375	0	0	0	0	0	0	0	0
K22291	0	0	0	0	0	0	0	0
K18775	3	14	1	9	17	0	32	3
K04376	0	0	0	0	0	0	0	0
K22292	25	24	3	7	19	14	225	0
K18776	0	0	0	0	1	2	5	0
K04377	0	0	0	0	0	0	0	0
K22293	49	31	4	26	34	11	155	6
K18777	0	0	0	0	1	0	3	0
K04378	0	1	0	0	0	0	0	0
K22294	2	7	0	7	0	0	28	1
K18778	14	16	0	11	25	18	211	5
K04379	0	0	0	0	0	0	0	0
K22295	1	0	0	4	6	0	20	0
K18779	0	0	0	12	31	11	33	0
K22296	5	1	1	11	9	9	96	3
K22297	3	14	1	52	55	2	71	7
K08260	0	0	0	0	0	0	0	0
K22298	5	10	2	10	13	0	32	1
K22299	0	1	0	3	7	0	9	1
K08261	17	15	4	33	46	12	239	2
K08264	1	1	0	1	2	1	2	0
K08265	0	0	0	0	0	0	0	0
K20100	0	0	0	0	0	0	1	0
K20101	0	2	0	0	0	0	0	0
K08266	0	0	0	2	10	0	11	0
K20102	3	2	0	1	1	0	13	0
K08267	1	0	0	1	2	2	3	0
K08268	0	0	0	0	0	0	0	0
K20103	0	0	0	0	0	0	1	1
K08269	0	0	0	0	2	1	14	1
K20105	0	0	0	0	0	0	0	0
K13566	25	24	2	20	34	14	183	5
K20106	0	0	0	0	0	0	0	0
K13567	0	0	0	0	0	0	0	0
K00950	77	79	13	180	357	72	851	29
K13568	0	0	0	0	0	0	0	0
K20107	0	0	0	1	2	0	0	0
K00951	241	243	69	698	1207	308	3620	101
K20108	0	0	0	1	2	0	0	0
K00952	1	1	0	7	34	6	13	0
K20109	0	0	0	0	2	0	0	0
K00953	0	1	0	5	7	7	34	2
K00954	53	78	14	183	338	122	1385	33
K04830	0	0	0	0	0	0	0	0
K17450	0	0	0	0	1	0	10	0
K03050	0	0	0	2	5	2	3	0
K00955	130	123	34	344	538	175	2351	57
K04831	0	0	0	0	0	0	0	0
K17451	0	0	0	0	0	0	0	0
K00956	132	119	22	287	389	126	1745	39
K03051	0	0	0	3	9	1	4	1
K03052	0	0	0	0	0	1	2	0
K17452	0	0	0	0	0	0	0	0
K04832	0	0	0	0	0	0	0	0
K00957	111	111	33	270	341	119	1589	40
K17453	0	0	0	0	0	0	0	0
K04833	0	0	0	0	0	0	0	0
K00958	5	25	16	249	505	91	1016	34
K03053	0	0	0	1	9	1	5	0
K17454	0	0	0	0	0	0	0	0
K04834	0	0	0	0	0	0	1	0
K03055	0	0	0	0	1	0	3	0
K17455	0	0	0	0	1	0	0	0
K04835	1	4	0	14	8	1	27	2
K04836	0	0	0	0	0	0	0	0
K03056	0	0	0	1	4	0	2	0
K04837	0	0	0	0	0	0	0	0
K17457	0	0	0	1	0	0	3	0
K03057	0	0	0	1	3	4	7	0
K04838	0	0	0	0	0	0	0	0
K03058	0	0	0	1	9	1	5	0
K17458	1	0	0	0	1	0	9	0
K03059	0	0	0	0	4	2	2	0
K04839	0	0	0	0	0	0	0	0
K17459	1	0	0	0	0	0	6	0
K08720	0	1	0	12	53	2	73	2
K08721	3	1	0	2	6	1	11	1
K08722	1	0	2	5	8	1	13	0
K08723	4	5	0	13	35	4	61	4
K12240	6	32	1	28	46	4	125	1
K08724	1	0	0	6	31	6	74	1
K12241	0	3	0	0	2	0	2	0
K08726	0	0	0	0	3	2	14	1
K12242	0	1	0	1	3	1	6	0
K08727	0	0	0	0	0	0	0	0
K12243	8	1	1	0	2	0	31	0
K12244	1	0	0	0	0	0	3	0
K08728	1	0	2	5	14	0	20	1
K12245	0	0	0	0	0	0	3	0
K08729	0	0	0	0	0	0	0	0
K12248	0	0	0	0	0	0	0	0
K12249	0	0	0	0	0	0	0	0
K09590	1	1	0	0	0	1	2	0
K17910	0	0	1	5	18	0	10	0
K16130	0	2	0	17	47	6	70	8
K09591	1	1	0	0	1	0	4	0
K03510	1	0	0	0	0	0	1	0
K17911	0	1	0	0	0	0	0	0
K16131	0	0	0	0	11	3	28	2
K09592	0	0	0	0	0	0	0	0
K03511	1	0	0	0	1	0	4	1
K09593	0	0	0	0	0	0	1	0
K17912	0	2	0	0	0	0	2	0
K16132	0	2	1	6	21	0	34	1
K03512	0	0	0	0	0	0	0	0
K17913	0	0	0	0	0	0	0	0
K03513	0	0	0	0	0	0	0	0
K16133	0	0	0	0	0	0	0	0
K09594	0	0	0	0	0	0	0	0
K16134	0	0	0	1	0	0	0	0
K21430	123	161	15	192	906	179	2099	64
K17914	0	0	0	1	2	0	2	0
K09595	0	0	0	1	0	0	2	0
K03514	0	1	0	1	0	0	0	0
K21431	0	0	0	12	1	1	18	0
K17915	0	0	0	1	0	0	2	0
K16135	7	8	0	7	2	8	50	0
K09596	0	0	0	0	0	0	0	0
K03515	2	2	0	0	1	0	4	1
K03516	0	0	0	0	0	0	1	0
K21432	0	0	0	0	0	0	2	0
K16136	0	2	0	1	1	0	5	1
K17916	0	0	0	0	0	0	0	0
K09597	1	0	0	0	1	0	1	0
K21433	1	0	0	0	0	0	1	0
K17917	0	1	0	0	1	0	5	0
K16137	87	82	21	141	142	64	891	24
K09598	1	0	0	0	0	0	0	0
K03517	98	96	26	257	421	152	2000	50
K17918	0	0	0	0	0	0	0	0
K09599	0	0	0	0	0	0	0	0
K21434	1	0	0	0	0	0	3	0
K16138	0	0	0	1	0	0	1	0
K03518	46	59	66	690	782	247	2989	108
K17919	0	0	0	1	0	0	1	0
K21435	0	0	0	0	0	0	2	0
K16139	0	1	1	2	14	1	49	2
K03519	40	68	64	899	858	279	2888	123
K21436	0	0	0	0	0	0	3	0
K21437	0	2	0	0	0	0	4	0
K21438	0	0	0	0	0	0	1	0
K07400	14	8	1	11	40	10	123	2
K21439	0	0	0	1	3	1	11	0
K07401	20	19	2	35	38	5	103	7
K07402	150	143	35	488	554	107	1708	66
K04380	0	0	0	0	0	0	0	0
K07403	29	48	20	228	631	94	1357	36
K04381	0	0	0	0	0	0	0	0
K12700	9	16	0	4	10	0	56	1
K07404	34	55	12	186	142	56	975	32
K04382	1	0	0	0	1	0	2	0
K07405	6	10	0	11	17	4	91	0
K18783	0	0	1	0	2	1	17	1
K07406	57	43	11	134	183	38	595	19
K04384	0	0	0	0	0	0	0	0
K18784	0	0	0	0	2	0	0	0
K07407	104	207	37	414	342	113	1761	44
K04385	0	0	0	0	0	0	0	0
K18785	2	0	1	15	31	8	95	0
K07408	21	34	1	3	10	2	37	0
K04386	0	0	0	0	0	0	0	0
K18786	162	121	0	71	122	118	1065	9
K07409	10	14	0	0	0	0	0	0
K04387	0	0	0	0	0	0	0	0
K18787	0	0	0	0	4	0	2	0
K04388	0	0	0	0	0	0	0	0
K18788	0	0	0	0	1	1	5	0
K18789	0	0	0	0	0	0	0	0
K08270	0	0	0	0	0	0	0	0
K08271	0	0	0	0	0	0	0	0
K08272	1	0	0	1	0	0	0	0
K08273	0	0	0	0	0	0	0	0
K13570	1	3	2	23	23	9	69	4
K20110	0	0	0	1	3	0	10	0
K13571	11	18	14	97	164	69	479	18
K20111	0	0	0	0	2	0	1	1
K13572	6	25	12	92	199	8	348	16
K08276	0	0	0	3	0	1	7	0
K08277	0	0	0	0	0	0	0	0
K20112	0	0	0	0	0	0	0	0
K13573	15	47	23	207	334	13	331	29
K20113	0	0	0	0	0	0	0	0
K13574	7	15	6	89	123	33	573	13
K20114	0	0	0	0	0	0	0	0
K13575	0	0	0	0	2	0	0	1
K08279	3	7	2	9	17	5	102	0
K20115	0	0	0	0	0	0	1	0
K13576	0	0	0	0	0	0	1	0
K20116	4	0	2	6	24	6	56	0
K13577	1	0	0	0	1	0	3	0
K00960	13	10	0	7	17	2	63	1
K13578	0	0	0	0	0	0	0	0
K20117	4	0	2	6	24	6	56	0
K20118	4	0	2	6	24	6	56	0
K00962	204	209	68	672	1181	369	4722	111
K20119	0	0	0	0	0	0	0	0
K00963	126	168	31	428	533	140	1927	56
K17460	0	0	0	0	0	0	0	0
K04840	0	0	0	0	0	0	0	0
K00965	24	53	17	321	455	113	1106	46
K03060	44	39	5	100	147	72	534	25
K17461	0	0	0	0	0	0	0	0
K04841	0	0	0	0	0	0	1	0
K00966	97	82	19	287	444	78	1084	42
K03061	0	1	0	0	1	0	2	0
K04842	0	0	0	0	0	0	0	0
K17462	0	0	1	4	9	0	11	0
K00967	0	0	0	0	1	0	4	0
K03062	221	206	1	1	1	0	8	0
K17463	0	0	0	0	0	0	0	0
K04843	0	0	0	0	0	0	0	0
K00968	2	4	0	4	6	4	55	0
K03063	2	2	0	0	1	0	2	0
K17464	0	0	0	0	0	0	0	0
K03064	0	1	0	0	1	0	3	0
K04844	5	4	0	8	32	8	45	2
K00969	65	60	16	214	361	73	1081	31
K17465	0	0	0	0	0	0	0	0
K03065	3	0	0	1	0	0	4	1
K17466	0	0	0	0	0	0	0	0
K03066	0	0	1	0	1	0	3	0
K04847	0	0	0	0	0	0	0	0
K17467	0	0	0	0	0	0	0	0
K17468	0	0	0	4	8	2	30	1
K03068	0	1	1	0	5	0	13	1
K17469	0	0	0	0	0	0	0	0
K04849	0	0	0	0	0	0	1	0
K08730	0	0	0	0	0	0	0	0
K08731	0	0	0	0	0	0	0	0
K08732	0	0	0	0	0	0	0	0
K08733	0	0	0	0	0	0	0	0
K12250	0	0	0	0	0	0	2	0
K08734	54	59	0	1	0	0	2	0
K12251	53	49	12	179	281	86	1054	34
K08735	4	1	0	0	0	0	10	0
K12252	37	16	1	25	23	2	139	3
K08736	0	0	0	0	1	0	10	0
K12253	0	1	0	18	12	1	38	3
K08737	7	2	0	0	2	0	7	0
K12254	30	22	4	25	28	19	207	4
K08738	172	181	32	466	658	259	2674	96
K12255	23	27	1	32	62	21	282	4
K08739	0	0	0	0	1	0	1	0
K12256	73	49	2	41	105	40	424	8
K12257	170	182	45	450	739	206	2418	91
K12258	0	0	0	0	0	0	0	0
K12259	0	0	1	1	0	0	1	0
K17920	0	0	0	0	0	0	0	0
K16140	10	1	0	0	0	0	3	0
K03520	146	183	251	3416	2855	969	11747	403
K16141	0	0	0	0	0	0	0	0
K17921	0	0	0	0	0	0	0	0
K03521	104	104	29	393	545	171	2128	53
K16142	0	0	0	0	0	0	0	0
K17922	0	0	0	0	1	0	1	1
K03522	127	107	35	394	616	122	1890	54
K16143	0	0	0	0	0	0	0	0
K17923	0	0	0	0	0	0	0	0
K03523	37	34	2	38	132	10	283	8
K17924	0	0	0	0	0	0	0	0
K16144	0	0	0	0	0	0	0	0
K21440	26	12	10	39	36	17	226	7
K03524	86	93	17	195	405	68	911	36
K16145	0	0	0	0	0	0	0	0
K17925	1	1	0	0	0	0	0	0
K21441	1	1	0	1	0	0	1	0
K03525	67	96	25	256	465	70	1181	39
K17926	0	0	0	0	0	0	0	0
K21442	1	0	0	0	3	0	2	0
K16146	22	36	3	85	113	8	190	8
K03526	125	114	44	440	632	177	2487	68
K17927	0	0	0	0	0	0	0	0
K21443	0	0	0	0	0	0	0	0
K16147	69	112	35	427	783	133	1594	57
K03527	92	119	30	438	670	175	2311	60
K17928	0	0	0	0	0	0	0	0
K21444	48	37	0	0	0	0	4	0
K16148	11	29	12	107	175	20	294	13
K03528	11	5	0	6	6	6	79	0
K21445	0	0	0	1	0	0	0	0
K17929	0	0	0	0	0	0	0	0
K16149	4	18	11	93	151	37	513	22
K03529	298	301	60	802	1229	302	3869	93
K21446	0	0	0	0	0	0	0	0
K21447	0	0	0	0	0	0	0	0
K07410	2	5	0	0	0	0	0	0
K07411	0	0	0	0	0	0	0	0
K21449	120	161	53	386	675	99	2005	141
K07412	0	0	0	0	0	0	0	0
K04390	0	0	0	0	0	0	0	0
K07413	0	0	0	0	0	0	0	0
K04391	0	0	0	0	0	0	0	0
K12710	2	1	0	3	23	2	48	0
K07414	0	0	0	0	1	0	3	0
K07415	0	0	0	0	0	0	0	0
K04392	1	0	0	0	0	0	3	1
K07416	0	0	0	0	0	0	0	0
K04393	1	0	0	0	1	0	0	0
K18793	2	0	0	0	0	0	2	0
K04394	0	0	0	0	0	0	0	0
K07417	0	0	0	0	1	0	0	0
K18794	2	0	0	0	0	0	2	0
K04395	0	0	0	0	0	0	0	0
K18795	0	0	0	1	0	0	1	0
K07418	24	23	0	0	4	1	18	1
K07419	0	0	0	0	1	0	0	0
K04396	0	0	0	0	0	0	0	0
K04397	0	0	0	0	0	0	0	0
K04398	0	0	0	0	0	0	0	0
K18798	5	2	0	1	2	0	5	0
K04399	0	0	0	0	0	0	1	0
K18799	0	0	0	0	0	0	5	0
K08280	0	1	0	2	2	0	11	0
K16600	0	0	0	0	0	0	1	0
K08281	34	43	14	157	213	51	601	26
K02200	118	78	17	227	283	88	1172	30
K16601	0	0	0	1	0	0	0	0
K08282	114	152	58	697	814	188	3176	104
K02201	0	0	1	1	11	1	3	1
K08283	0	0	0	0	0	0	0	0
K02202	1	2	0	0	0	0	3	0
K16602	0	0	0	0	0	0	0	0
K08284	0	0	0	0	1	0	2	0
K16603	0	0	1	0	0	0	2	0
K13580	3	1	0	2	2	1	8	0
K02203	14	7	1	8	19	3	84	1
K16604	0	0	0	0	0	0	0	0
K08285	0	0	0	1	1	0	0	0
K21900	1	1	0	1	10	0	20	0
K20120	0	0	0	0	0	0	0	0
K13581	57	42	3	86	97	46	477	7
K02204	72	83	6	174	168	83	878	18
K16605	0	0	0	0	0	0	0	0
K02205	0	0	0	2	7	1	6	0
K21901	1	0	0	0	1	0	0	0
K20121	0	0	0	0	1	0	1	0
K13582	93	71	15	199	214	56	913	38
K08286	7	3	4	3	5	0	14	4
K20122	0	0	0	0	0	0	0	0
K21902	0	0	0	8	2	0	7	0
K08287	30	30	0	0	2	0	5	0
K16606	0	0	0	0	0	0	0	0
K13583	38	22	5	67	35	26	262	7
K02206	7	7	0	0	1	0	2	0
K16607	0	0	0	0	0	0	0	0
K02207	0	0	0	0	0	0	1	0
K21903	1	5	2	31	54	5	113	1
K20123	0	0	0	0	0	0	0	0
K13584	39	32	5	65	75	52	527	10
K08288	0	0	0	1	0	0	3	0
K20124	0	0	0	0	0	0	0	0
K02208	0	2	0	1	1	0	4	0
K21904	1	0	0	0	1	0	1	0
K16608	0	0	0	0	0	0	0	0
K13585	0	1	0	0	0	1	3	0
K08289	42	41	1	15	75	29	396	3
K21905	0	0	0	0	0	0	0	0
K20125	0	0	0	0	0	0	0	0
K16609	7	10	0	0	0	0	2	0
K13586	5	3	0	1	1	1	20	0
K02209	0	1	0	0	2	0	3	0
K21906	0	0	0	0	0	0	0	0
K20126	0	0	0	0	0	0	0	0
K13587	98	78	17	198	265	127	1281	18
K00970	131	159	51	458	679	143	2063	75
K20127	0	0	0	0	0	0	0	0
K21907	1	3	0	0	0	0	1	0
K13588	38	33	5	39	61	36	276	4
K00971	130	122	22	286	432	120	1680	48
K20128	0	0	0	0	0	0	0	1
K21908	0	0	0	0	0	0	2	0
K13589	21	20	3	25	33	20	245	4
K00972	0	0	0	16	36	3	159	7
K21909	23	9	0	4	24	6	69	2
K20129	0	0	0	1	3	1	14	1
K00973	107	106	47	373	825	129	2417	58
K00974	121	161	43	403	698	88	1827	59
K04850	0	0	0	0	0	0	0	0
K17470	3	3	1	3	2	2	21	0
K00975	229	254	28	383	615	167	2442	59
K03070	266	283	89	916	1541	615	7711	166
K17471	3	5	0	0	0	0	4	0
K00976	0	0	0	0	1	0	3	0
K04851	0	0	0	0	2	0	1	0
K03071	57	41	4	54	73	41	429	5
K00977	0	0	0	0	0	0	0	0
K04852	0	0	0	0	0	0	0	0
K17472	0	0	0	0	2	0	7	1
K03072	260	294	56	714	1182	297	3573	119
K04853	0	0	0	0	0	0	0	0
K17473	0	0	0	0	0	0	0	0
K00978	40	41	17	169	257	97	1291	31
K03073	43	45	9	62	138	51	475	18
K04854	0	0	0	0	0	0	0	0
K17474	3	3	5	67	42	8	255	6
K00979	65	66	10	172	268	91	1158	18
K03074	60	78	28	270	432	158	1659	29
K17475	1	0	0	0	0	0	0	0
K04855	0	0	0	0	0	0	0	0
K03075	47	41	8	70	124	33	477	11
K17476	1	7	1	18	6	0	16	2
K04856	0	0	0	0	0	0	0	0
K03076	129	144	43	449	805	372	3738	84
K04857	0	0	0	0	1	0	0	0
K17477	0	0	0	0	0	0	0	0
K03077	16	44	11	118	100	33	404	16
K04858	0	0	0	0	0	0	0	0
K17478	0	0	0	0	3	0	6	0
K03078	0	0	2	1	1	0	3	0
K04859	0	0	0	0	0	0	0	0
K17479	1	3	0	0	0	0	0	0
K03079	0	2	10	46	73	27	395	9
K08740	2	0	0	0	2	0	5	0
K08741	4	1	1	0	1	0	2	0
K08742	38	44	0	0	0	0	0	0
K08743	0	0	0	0	0	0	0	0
K12260	0	0	0	0	0	0	0	0
K08744	65	48	26	270	328	117	1125	31
K12261	0	2	7	38	47	12	164	9
K08745	0	0	0	2	1	0	3	0
K12262	112	60	3	78	98	56	800	14
K08746	1	0	0	5	1	0	10	0
K08747	0	0	0	0	0	0	0	0
K12263	1	3	0	4	27	11	70	3
K12264	0	0	0	0	2	0	0	0
K08748	0	0	0	4	0	0	7	0
K12265	5	0	0	1	1	3	10	1
K08749	1	0	0	5	1	0	10	0
K12266	21	14	11	78	141	65	610	14
K12267	14	27	12	108	177	50	570	21
K12268	0	0	0	1	0	0	0	0
K12269	0	0	0	1	0	5	39	2
K17930	1	0	0	0	0	0	0	0
K16150	1	12	4	43	107	15	265	8
K03530	76	66	20	155	279	95	858	43
K16151	0	0	0	0	0	0	0	0
K17931	0	0	0	0	0	0	1	0
K03531	163	186	38	384	639	257	2957	56
K17932	0	0	0	0	0	0	1	0
K16152	0	0	0	0	1	0	0	0
K03532	4	1	2	9	7	12	49	0
K17933	0	0	0	0	0	0	1	0
K16153	3	4	2	13	48	18	186	1
K03533	0	0	0	0	0	0	2	0
K17934	0	0	0	0	0	0	0	0
K21450	0	0	0	0	0	0	0	0
K03534	43	66	2	51	57	21	343	9
K21451	0	0	0	0	0	0	0	0
K17935	0	0	0	0	0	0	0	0
K03535	21	19	10	157	77	59	734	23
K17936	0	0	0	0	0	0	0	0
K21452	0	0	0	0	0	0	2	0
K03536	45	33	9	71	133	41	365	13
K17937	0	0	0	0	0	0	0	0
K21453	0	0	0	0	0	0	0	0
K03537	0	0	0	0	3	0	1	0
K16157	0	0	0	6	13	1	34	1
K21454	0	0	0	0	0	0	0	0
K16158	0	0	0	0	1	0	2	0
K03538	1	1	0	0	6	1	2	0
K17938	34	28	1	5	20	9	130	2
K16159	0	0	0	0	1	0	0	0
K21455	0	0	0	0	0	0	0	0
K03539	0	0	1	0	0	0	2	0
K21456	8	4	0	1	1	0	2	0
K21457	0	0	0	3	3	0	3	0
K07420	0	0	0	0	0	0	0	0
K07421	0	0	0	0	0	0	0	0
K21459	1	0	2	5	20	1	25	1
K07422	0	0	0	0	1	0	3	0
K07423	0	0	0	0	0	0	0	0
K07424	0	0	0	2	2	0	4	2
K07425	0	0	0	0	0	0	0	0
K07426	0	0	0	0	1	0	4	0
K07427	0	1	0	3	4	0	5	0
K07428	1	1	0	0	1	0	1	0
K07429	0	0	0	0	0	0	0	0
K08290	0	0	0	0	0	0	0	0
K16610	0	0	0	0	0	0	0	0
K02210	0	2	0	0	0	0	3	0
K08291	0	0	0	0	0	0	1	0
K16611	0	0	0	0	0	0	0	0
K08292	0	0	0	0	0	0	1	0
K02211	0	0	0	1	0	0	0	0
K16612	0	0	0	0	0	0	1	0
K08293	0	0	0	0	0	0	1	0
K02212	11	7	0	0	1	0	0	0
K16613	0	0	0	0	0	0	0	0
K02213	1	1	0	0	0	0	1	0
K13590	121	86	3	57	92	54	633	13
K08294	0	0	0	0	1	0	2	1
K20130	0	0	0	0	0	0	0	0
K21910	11	7	0	2	3	0	30	2
K13591	5	2	1	2	1	1	12	0
K08295	44	58	16	215	222	106	1248	31
K02214	0	0	0	0	1	0	3	0
K02215	0	0	0	0	0	0	0	0
K16615	1	0	0	0	0	0	0	0
K20131	3	1	0	0	0	0	3	1
K21911	12	4	0	3	2	4	26	0
K13592	36	22	1	38	19	17	195	6
K08296	77	50	14	170	203	66	808	35
K20132	0	0	0	0	0	0	0	0
K16616	0	0	0	0	0	0	0	0
K21912	0	1	0	1	7	2	3	1
K13593	14	18	3	48	35	25	241	6
K08297	1	2	0	9	17	1	23	1
K02216	0	0	0	1	0	0	1	0
K13594	0	0	0	0	0	0	0	0
K16617	0	0	0	0	0	0	0	0
K21913	0	0	0	0	1	1	2	0
K20133	0	0	2	0	1	0	1	0
K08298	0	0	0	8	6	0	37	0
K02217	6	13	2	6	65	14	148	6
K16618	0	0	0	1	1	0	0	0
K21914	0	0	0	0	0	0	0	0
K20134	0	0	0	0	0	0	0	0
K08299	26	11	13	178	145	32	597	22
K02218	13	19	0	0	2	0	4	1
K20135	0	0	0	0	0	0	1	0
K16619	0	0	0	0	0	0	0	0
K13596	0	0	0	0	0	0	0	0
K21915	0	0	0	1	1	0	2	0
K02219	3	0	0	0	0	0	2	0
K21916	0	0	0	0	0	0	0	0
K00980	3	7	0	9	31	11	56	1
K21917	0	0	0	0	0	1	1	1
K13598	111	87	16	216	402	156	1466	42
K00981	124	135	21	259	452	127	1646	51
K21918	0	0	0	0	0	0	0	0
K20138	0	0	0	0	1	0	1	0
K13599	68	55	21	290	438	183	1895	70
K06100	0	0	1	0	0	0	1	0
K00982	228	238	31	573	788	249	2907	63
K21919	3	1	0	3	5	0	3	0
K06101	0	0	0	0	0	0	4	0
K00983	18	25	3	39	145	14	295	9
K06102	0	0	0	0	0	0	0	0
K00984	5	9	0	13	53	4	60	2
K17480	0	0	0	0	0	0	1	0
K04860	0	0	0	0	0	0	0	0
K06103	0	0	0	0	0	0	0	0
K06104	0	0	0	0	0	0	0	0
K04861	0	0	0	0	0	0	0	0
K17481	0	0	0	0	0	0	2	0
K11400	0	0	0	0	1	0	0	1
K00986	62	93	71	749	582	195	1865	86
K06105	0	0	0	0	0	0	0	0
K11401	0	0	0	0	0	0	0	0
K04862	0	0	0	0	0	0	0	0
K00987	0	0	0	1	2	0	3	0
K11402	0	0	0	0	0	0	0	0
K04863	0	0	0	0	0	0	0	0
K17483	0	0	0	1	1	0	1	0
K06106	0	0	0	0	1	0	6	0
K00988	1	0	0	0	9	3	24	2
K03083	2	2	1	3	0	0	2	1
K04864	0	0	0	0	0	0	0	0
K11403	0	0	0	0	0	0	0	0
K17484	0	0	0	0	0	0	2	0
K06107	0	0	0	0	0	0	0	0
K00989	70	65	20	270	389	105	1515	45
K03084	0	0	0	0	0	0	0	0
K03085	0	0	0	0	0	0	0	0
K17485	0	0	0	0	0	0	0	0
K04865	0	0	0	0	0	0	0	0
K06108	0	0	0	0	0	0	0	0
K11404	0	0	0	0	0	0	2	1
K17486	0	0	0	1	8	1	15	0
K11405	0	0	0	0	1	0	0	0
K06109	0	0	0	0	0	0	0	0
K03086	219	288	117	1186	1746	537	6476	207
K04867	0	0	0	0	0	0	0	0
K17487	0	0	0	0	1	0	0	0
K11406	0	0	0	1	0	0	1	0
K03087	27	23	4	73	104	18	371	9
K04868	0	0	0	0	0	0	0	0
K17488	0	0	0	10	17	2	28	2
K11407	2	2	1	3	1	0	19	0
K03088	1241	1796	588	6445	7686	1539	24216	1067
K04869	0	0	0	0	0	0	0	0
K11408	0	0	0	1	0	0	1	0
K17489	0	9	5	51	81	30	333	4
K03089	127	104	12	156	243	112	1167	20
K11409	0	0	0	1	0	0	1	0
K08750	0	0	0	0	0	0	0	0
K08751	0	0	0	0	0	0	0	0
K08752	0	0	1	0	0	0	0	0
K08753	0	0	1	0	0	0	0	0
K12270	0	0	0	0	0	0	0	0
K08754	0	0	1	0	0	0	0	0
K08755	0	0	0	0	0	0	0	0
K12271	0	0	0	0	0	0	2	0
K08756	0	0	1	0	0	0	0	0
K12272	0	0	0	0	0	0	1	0
K08757	0	0	0	0	0	0	0	0
K12273	0	0	0	0	0	0	1	0
K08758	0	0	0	0	0	0	0	0
K12274	0	0	0	0	0	0	1	0
K08759	0	0	0	0	0	0	0	0
K12275	0	0	1	0	0	0	0	0
K12276	32	40	4	21	90	28	442	13
K12278	15	20	0	5	29	2	129	1
K12279	15	16	0	0	6	0	41	0
K17940	1	1	1	5	3	1	17	1
K16160	0	0	0	0	0	0	0	0
K03540	0	0	0	4	12	2	11	2
K03541	0	0	0	0	0	0	0	0
K17941	0	0	0	0	0	0	0	0
K16161	6	1	0	4	6	0	28	1
K16162	0	0	0	0	0	0	0	0
K17942	0	0	0	1	2	0	0	0
K03542	2	2	0	0	0	0	0	0
K17943	296	238	0	0	0	1	3	0
K16163	5	16	2	59	23	4	88	3
K03543	115	80	31	509	116	125	1992	52
K21460	2	0	1	11	19	22	119	3
K17944	0	1	0	0	0	0	0	0
K16164	4	5	5	36	31	7	95	2
K03544	126	143	49	437	595	209	2450	74
K17945	0	0	0	0	1	0	1	0
K16165	60	64	5	75	76	80	730	11
K03545	131	139	36	431	757	176	2044	71
K21462	0	0	0	0	0	0	0	0
K17946	0	0	0	0	0	0	1	0
K16166	0	0	0	0	0	0	0	0
K03546	65	77	17	140	363	30	569	24
K21463	0	0	0	0	5	0	2	0
K17947	72	89	17	228	413	35	694	19
K16167	1	33	4	107	148	32	445	13
K03547	55	65	16	139	270	19	447	17
K21464	1	0	4	50	205	28	455	9
K17948	5	3	1	16	8	1	25	1
K16168	3	6	4	38	69	18	202	7
K03548	47	31	6	84	100	35	443	9
K16169	0	0	0	1	6	1	4	0
K21465	0	0	0	3	12	1	16	0
K03549	197	249	41	642	548	428	5056	83
K21466	0	0	0	1	7	0	4	0
K21467	2	0	0	6	23	0	10	0
K07430	0	0	1	0	0	0	0	0
K21468	0	0	0	0	5	0	4	0
K07431	0	0	0	0	0	0	0	0
K21469	1	1	0	13	14	1	58	2
K07432	0	0	0	0	0	0	1	0
K07433	0	0	0	0	0	0	0	0
K07434	0	0	0	0	0	0	0	0
K07435	0	0	0	0	0	0	0	0
K12732	0	0	0	0	0	0	0	0
K07436	0	0	0	0	0	0	1	0
K12733	0	0	0	0	1	1	8	0
K07437	5	3	0	2	0	0	2	0
K12734	0	0	0	0	1	0	4	0
K07438	0	0	0	0	0	0	0	0
K12735	2	3	0	2	1	2	8	0
K07439	0	0	0	0	0	0	3	1
K12736	6	6	0	0	1	2	13	0
K12737	0	0	0	0	0	0	4	0
K12738	0	0	0	0	0	0	1	0
K12739	0	0	0	1	0	0	3	0
K16620	0	0	0	0	0	0	0	0
K02220	1	1	0	1	1	0	1	0
K16621	0	0	0	0	0	0	0	0
K02221	38	35	10	68	147	48	477	12
K02222	0	0	0	0	0	0	0	0
K16622	0	0	0	0	0	0	0	0
K02223	0	0	0	0	0	0	0	0
K21920	0	0	0	0	0	0	0	0
K20140	0	0	0	1	7	17	43	0
K02224	75	65	16	161	192	39	474	19
K21921	0	0	0	0	0	0	0	0
K20141	0	0	0	0	0	0	1	0
K02225	53	23	1	53	18	6	137	1
K21922	0	0	0	0	0	0	1	0
K02226	39	78	24	200	236	34	575	20
K16627	0	0	0	0	0	0	0	0
K02227	67	67	3	103	141	41	530	12
K16628	0	0	0	0	1	0	1	0
K02228	22	21	1	20	12	7	145	7
K16629	0	0	1	0	0	0	1	0
K21925	0	0	0	0	0	0	0	0
K02229	48	31	5	134	45	30	422	21
K21926	0	0	0	0	0	0	0	0
K00990	249	234	39	595	750	296	3238	67
K21927	0	0	0	0	0	0	0	0
K00991	39	49	18	181	246	48	733	28
K21928	0	0	0	0	0	0	0	0
K20148	0	1	2	2	4	2	24	0
K06110	0	1	0	0	0	0	1	0
K00992	73	62	8	104	152	36	536	9
K21929	198	188	38	517	1030	224	2751	75
K06111	0	0	0	0	0	0	4	0
K00993	0	0	0	2	0	0	7	0
K06112	0	0	0	0	0	0	2	0
K00994	0	0	0	0	0	0	1	0
K04870	0	0	0	0	0	0	0	0
K17490	0	0	1	2	7	2	22	0
K06113	64	105	7	58	132	36	561	13
K00995	104	97	43	407	629	181	2146	53
K03090	30	47	23	202	301	15	422	21
K04871	0	0	0	0	0	0	0	0
K06114	0	0	0	0	0	0	0	1
K17491	1	0	0	0	0	0	1	0
K11410	7	27	11	110	111	14	316	9
K00996	23	25	6	64	76	20	359	8
K03091	2	1	2	62	116	6	145	13
K04872	0	0	0	0	0	0	0	0
K17492	4	4	0	0	0	0	0	0
K11411	0	0	0	0	0	0	1	0
K06115	0	0	1	0	1	0	1	2
K00997	55	56	13	143	225	65	861	23
K03092	163	179	30	300	525	239	2596	70
K04873	0	0	0	0	0	0	0	0
K17493	0	0	0	0	1	0	0	0
K11412	0	0	0	0	1	0	4	1
K06116	0	0	0	0	1	1	2	0
K00998	1	0	0	2	2	0	15	1
K03093	3	1	4	27	38	1	205	8
K17494	0	0	0	0	0	0	0	0
K11413	0	0	0	0	0	0	0	0
K06117	0	0	0	0	1	1	2	0
K04874	0	0	0	1	2	0	1	0
K00999	3	9	2	45	37	6	113	3
K03094	4	6	0	0	1	0	5	0
K04875	0	0	0	1	0	0	1	0
K03095	0	0	0	1	1	0	1	0
K17495	0	0	1	2	12	0	15	2
K11414	0	0	0	0	1	0	6	0
K06118	20	11	9	103	119	9	133	9
K03096	0	0	0	0	0	0	0	0
K04876	0	0	0	1	0	0	1	0
K17496	0	0	0	0	3	0	4	0
K11415	1	0	0	0	0	1	11	0
K06119	1	1	0	0	2	0	3	0
K04877	0	0	0	1	0	0	1	0
K11416	0	0	0	1	4	1	3	0
K17497	16	17	0	0	0	0	0	0
K03097	2	1	0	0	1	0	2	1
K04878	0	0	0	1	0	0	1	0
K11417	0	0	0	1	1	0	3	0
K17498	0	0	0	1	0	0	0	0
K03098	29	29	0	4	28	14	192	2
K04879	0	0	0	2	0	0	1	0
K17499	29	35	0	0	0	0	3	0
K11418	0	4	0	8	8	1	31	3
K03099	2	1	0	0	5	1	5	1
K11419	2	1	0	2	2	0	3	0
K08760	0	0	0	0	0	0	0	0
K08761	0	0	0	0	0	0	0	0
K15300	0	0	0	0	0	0	0	0
K15301	0	0	0	0	0	0	0	0
K08762	0	2	0	0	1	1	6	0
K08763	0	0	0	0	0	0	0	0
K15302	0	0	0	0	0	0	0	0
K08764	0	0	0	2	7	1	48	0
K15303	0	0	0	7	8	1	27	0
K12280	8	10	0	8	14	4	37	0
K15304	0	0	0	0	1	0	1	0
K20600	176	158	0	0	0	0	0	0
K12281	6	2	1	1	2	0	7	1
K08765	0	0	0	9	9	0	5	1
K15305	0	0	0	1	0	0	5	0
K12282	16	23	2	1	28	7	115	3
K08766	0	0	0	0	0	0	2	0
K08767	0	0	0	0	0	0	0	0
K20602	0	0	0	0	0	0	1	0
K15306	0	0	0	0	1	0	1	0
K12283	12	11	0	12	35	4	94	1
K15307	0	0	0	0	0	0	0	0
K08768	0	0	0	0	0	0	0	0
K20603	0	0	0	0	1	0	2	0
K12284	11	4	0	0	4	1	23	2
K08769	0	0	0	0	0	0	0	0
K15308	1	0	0	0	0	0	0	0
K20604	0	0	0	0	2	0	3	0
K12285	11	12	0	4	19	5	43	3
K20605	0	0	0	2	0	0	3	0
K15309	0	0	0	0	0	0	0	0
K12286	7	7	0	0	2	1	6	0
K20606	0	0	0	0	0	0	0	0
K12287	70	81	43	218	355	34	1008	74
K20607	1	0	0	0	1	1	2	0
K12288	0	0	0	0	0	0	0	0
K20608	0	0	0	0	0	0	0	0
K12289	2	0	0	2	7	2	12	0
K20609	3	5	0	2	11	0	34	0
K16170	0	0	0	0	0	0	1	0
K17950	8	8	2	28	69	6	164	2
K03550	75	84	16	211	339	85	1082	34
K17951	0	0	0	0	1	0	2	0
K16171	110	90	10	53	160	47	742	10
K03551	118	117	45	390	605	116	1907	43
K16172	0	0	0	0	0	0	0	0
K17952	0	0	0	0	0	0	0	0
K03552	0	0	0	0	0	0	5	1
K17953	0	0	0	1	3	0	3	0
K16173	1	1	4	39	103	40	349	4
K03553	120	110	32	374	623	254	2776	76
K16174	1	1	0	0	0	0	0	0
K17954	0	0	0	1	0	0	0	0
K21470	189	144	17	387	532	259	2640	45
K03554	33	34	0	11	28	8	141	1
K21471	54	122	30	319	523	43	945	62
K17955	0	0	0	0	0	0	0	0
K16175	0	0	0	0	0	0	3	0
K03555	229	233	46	628	1014	259	3619	84
K16176	0	0	0	0	8	0	3	0
K17956	0	0	0	0	0	0	0	0
K21472	30	38	8	42	270	26	461	11
K03556	114	144	123	1233	1164	111	2462	107
K16177	0	0	0	0	0	0	0	0
K17957	0	0	0	0	0	0	0	0
K21473	7	12	3	33	65	3	117	8
K03557	16	20	3	62	25	31	228	4
K16178	0	0	0	0	0	0	0	0
K21474	1	1	2	8	6	0	27	0
K17958	0	0	0	0	0	0	1	0
K03558	69	49	2	63	93	42	488	11
K16179	0	0	0	0	0	0	0	0
K17959	0	0	0	1	0	0	0	0
K03559	156	152	24	229	337	203	1905	52
K21476	0	0	0	0	0	0	0	0
K07440	0	0	0	0	1	0	2	0
K21478	3	2	0	4	8	1	34	1
K21479	3	4	0	1	14	0	12	1
K07441	0	0	0	0	1	0	4	0
K07442	6	21	6	76	139	26	268	7
K07443	11	17	2	25	61	10	176	10
K12740	0	0	0	0	0	0	0	0
K07444	41	50	6	53	129	27	418	3
K12741	2	2	0	1	3	1	1	0
K07445	2	4	10	59	209	6	445	16
K12742	4	7	0	0	0	0	0	0
K07446	0	0	0	0	0	2	5	1
K12743	0	0	0	6	6	0	9	1
K07447	55	59	14	138	239	37	723	21
K12744	0	0	0	0	1	0	0	0
K07448	32	31	5	69	270	23	536	26
K12745	0	0	0	0	0	0	0	0
K07449	0	0	0	0	2	0	6	0
K12749	0	0	0	0	0	0	0	0
K16630	0	0	0	0	0	0	0	0
K02230	169	191	23	399	457	70	1411	38
K16631	0	0	0	0	0	0	0	0
K02231	43	31	8	87	148	20	295	14
K16632	0	0	0	0	0	0	0	0
K02232	89	88	9	203	303	46	788	23
K16633	0	0	0	0	0	0	0	0
K02233	53	47	4	59	147	24	347	7
K16634	0	0	0	0	0	0	0	0
K20150	0	0	0	3	0	0	9	1
K02234	35	25	9	69	62	16	236	7
K02235	0	0	0	0	0	0	0	0
K20151	0	0	0	0	1	1	11	2
K21932	0	0	0	0	0	0	0	0
K16636	0	0	0	0	0	0	0	0
K02236	0	0	1	5	20	3	46	1
K16637	0	0	0	0	4	0	4	0
K02237	24	36	6	90	200	23	454	23
K20154	0	0	0	0	0	0	0	0
K16638	1	0	1	0	0	0	3	0
K02238	183	190	37	373	857	148	2497	69
K21935	0	1	0	1	4	0	1	0
K20155	0	0	0	1	3	0	6	1
K02239	0	0	0	2	3	0	3	0
K21936	5	0	0	3	4	0	6	0
K20157	1	0	0	0	5	0	3	0
K07900	0	0	0	0	0	0	0	0
K20158	0	0	0	0	1	0	5	1
K06120	0	0	0	11	19	2	33	0
K06121	0	0	0	2	3	0	5	0
K07901	0	1	0	0	2	0	5	2
K07902	0	0	0	0	0	0	0	0
K06122	0	0	0	1	1	0	1	0
K04880	0	0	0	1	0	0	0	0
K06123	1	1	0	0	2	0	8	0
K07903	0	0	0	0	0	0	0	0
K04881	0	0	0	1	0	0	1	0
K06124	1	0	0	0	0	0	1	0
K11420	186	219	0	1	0	0	5	1
K07904	2	1	0	0	0	1	3	0
K11421	0	0	0	0	0	0	0	0
K04882	0	0	0	0	1	0	1	0
K07905	2	1	0	0	0	0	1	0
K06125	32	18	1	50	37	33	281	4
K07906	0	0	0	0	0	0	0	0
K04883	0	0	0	0	1	0	1	0
K11422	1	0	0	1	4	3	14	3
K06126	3	2	0	0	0	0	6	1
K04884	0	0	0	0	1	0	1	0
K06127	3	0	0	0	1	0	21	0
K11423	1	0	0	0	2	1	5	0
K07907	0	0	0	0	0	0	0	0
K07908	0	0	0	0	0	0	0	0
K04885	0	0	0	2	0	0	1	0
K11424	0	0	0	0	2	0	3	2
K06128	0	0	0	1	1	0	1	0
K11425	0	0	0	0	0	0	2	0
K07909	0	0	0	0	0	0	0	0
K06129	49	51	0	0	0	0	0	0
K04886	0	0	0	0	0	0	1	0
K04887	0	0	0	0	0	0	0	0
K11426	1	1	0	0	2	0	5	0
K04888	0	0	0	0	0	0	0	0
K11427	1	0	0	0	0	0	1	0
K11428	0	0	0	0	0	0	1	0
K04889	0	0	0	0	0	0	0	0
K11429	0	0	1	0	0	0	1	0
K08770	8	10	1	3	5	0	13	1
K15310	0	0	0	0	0	0	0	0
K08771	0	0	0	0	4	0	4	0
K15311	0	2	2	6	20	3	38	0
K08772	0	0	0	2	0	0	8	1
K08773	0	0	0	0	0	0	3	0
K15312	19	22	3	28	38	20	218	4
K12290	0	0	0	0	0	0	0	0
K15313	2	5	1	10	9	18	130	1
K12291	0	0	0	0	0	0	0	0
K15314	5	7	4	81	159	4	266	20
K08775	2	1	0	0	0	0	2	0
K12292	0	0	0	0	0	0	0	0
K20611	0	1	0	0	1	0	6	0
K15315	2	0	0	4	11	1	16	3
K08776	55	105	24	349	485	75	1096	31
K12293	0	0	0	0	0	0	0	0
K15316	0	1	0	0	0	0	1	0
K08777	0	3	0	2	15	7	68	1
K20613	0	0	0	0	0	0	0	0
K12294	0	0	0	0	0	0	0	0
K15317	0	0	0	0	1	0	2	0
K08778	0	0	0	0	1	0	1	0
K12295	0	0	0	0	0	0	0	0
K20614	0	0	0	2	1	0	3	0
K15318	0	0	0	0	3	1	3	0
K08779	0	1	0	1	2	0	2	0
K15319	0	0	0	0	0	0	0	0
K12296	0	0	0	5	16	3	21	1
K20616	2	3	0	4	28	1	38	1
K12297	43	41	4	40	100	22	327	2
K20617	2	0	0	0	0	0	0	0
K12298	0	0	0	2	0	0	1	0
K20618	0	0	0	0	1	0	0	0
K12299	0	0	0	1	0	1	7	0
K20619	0	0	0	1	0	0	0	0
K17960	0	0	0	0	1	0	2	0
K16180	0	1	1	2	6	1	24	0
K03560	83	66	8	173	218	121	1107	32
K17961	0	0	0	0	0	0	0	0
K10100	0	0	0	0	0	0	0	0
K16181	1	0	0	10	10	0	22	1
K03561	174	189	41	283	416	182	2381	72
K17962	0	0	0	0	0	0	0	0
K10101	0	0	0	0	0	0	0	0
K16182	3	2	0	4	2	2	9	0
K03562	74	66	19	197	258	133	1288	33
K17963	0	0	0	0	0	0	0	0
K10102	0	0	0	0	0	0	0	0
K16183	0	0	0	0	0	0	0	0
K03563	15	8	8	40	84	8	329	8
K16184	0	0	0	0	0	0	0	0
K10103	0	0	0	0	0	0	0	0
K21480	8	8	0	5	14	0	24	1
K17964	71	77	0	4	2	0	13	0
K03564	86	98	39	373	570	213	2232	76
K17965	0	0	0	0	0	0	0	0
K16185	1	0	0	0	0	0	1	0
K21481	1	4	3	31	48	13	112	4
K10104	0	0	0	0	0	0	1	0
K03565	54	54	6	90	182	21	345	14
K10105	0	0	0	0	0	0	0	0
K17966	0	0	0	0	0	0	1	0
K21482	1	0	0	0	0	0	1	0
K16186	0	0	0	0	0	0	1	0
K03566	333	252	18	257	268	117	1692	37
K10106	0	0	0	0	0	0	2	0
K21483	6	3	0	0	0	0	0	0
K17967	0	0	0	0	0	0	1	0
K03567	12	14	3	19	48	15	140	1
K21484	1	0	0	0	0	0	1	0
K17968	1	0	0	0	0	0	0	0
K16188	0	0	0	5	6	0	1	0
K10107	45	12	3	8	42	4	125	5
K03568	129	147	34	444	821	222	2794	59
K21485	2	1	0	0	0	0	1	0
K17969	30	32	0	0	0	0	1	0
K16189	97	62	0	0	0	0	1	0
K10108	21	20	1	16	7	5	68	1
K03569	90	100	45	421	872	242	3012	63
K21486	0	0	0	0	2	1	14	0
K10109	16	27	0	20	63	7	137	3
K21487	0	1	0	27	2	34	263	7
K21488	0	1	0	0	1	0	0	0
K07450	1	4	1	11	17	1	23	2
K21489	0	0	0	0	0	0	1	0
K07451	28	76	20	95	214	15	564	36
K07452	14	26	11	85	221	12	529	26
K07453	1	0	1	3	12	0	22	2
K12750	0	0	0	0	0	0	0	0
K07454	24	9	6	45	172	14	379	25
K12751	0	0	0	0	0	0	0	0
K07455	15	8	4	11	15	9	135	4
K07456	27	64	21	216	479	54	910	34
K12753	0	0	0	0	0	0	0	0
K07457	0	0	1	13	22	2	38	1
K12754	0	0	0	0	0	0	0	0
K07458	11	6	4	38	61	1	210	9
K12755	0	0	0	0	0	0	1	1
K07459	17	11	5	26	87	11	222	7
K12756	0	0	0	0	0	0	0	0
K12757	0	0	0	0	0	0	1	1
K12758	0	0	0	0	0	0	0	0
K02240	0	0	0	0	3	0	4	0
K16641	0	0	0	0	0	0	0	0
K02241	0	0	0	1	3	1	4	0
K02242	4	2	0	6	22	5	38	0
K16643	0	0	0	0	1	0	0	1
K02243	1	1	1	8	38	3	95	4
K02244	0	0	0	1	0	0	0	0
K20160	0	0	0	0	0	0	1	0
K16645	2	4	0	9	3	0	1	0
K20161	0	3	0	0	0	0	1	0
K02245	0	0	6	9	40	0	82	5
K16646	0	0	0	0	0	0	0	0
K20162	0	0	0	1	0	0	0	0
K02246	3	5	0	12	26	4	76	3
K16647	0	1	1	7	16	1	28	0
K20163	0	0	0	0	0	0	0	0
K02247	0	0	0	5	12	1	30	0
K21944	0	0	0	0	0	0	0	0
K02248	0	0	0	0	2	0	2	0
K20164	0	0	0	1	1	1	5	0
K16648	9	24	8	135	142	5	252	11
K02249	0	0	0	0	0	0	0	0
K21945	0	0	0	0	0	0	0	0
K20165	0	0	0	0	2	0	1	0
K16649	4	6	1	14	26	0	47	1
K20166	0	0	0	0	2	0	0	0
K21946	0	0	0	0	1	0	1	0
K21947	0	3	1	36	83	14	136	3
K20167	0	0	0	1	1	0	1	0
K07910	57	53	0	0	0	0	0	0
K21948	41	24	1	63	81	23	365	6
K20168	73	63	0	0	1	2	6	0
K06130	0	0	0	1	1	0	2	0
K21949	11	12	2	30	26	14	137	5
K20169	0	0	0	0	1	0	1	0
K07911	0	0	0	0	0	0	0	0
K06131	205	232	20	238	846	290	3684	57
K07912	0	0	0	0	0	0	0	0
K06132	55	70	4	76	94	123	1376	7
K04890	0	0	0	0	0	0	0	0
K07913	0	0	0	0	0	0	0	0
K06133	18	28	4	93	138	28	415	19
K04891	0	0	0	0	0	0	0	0
K07914	0	0	0	0	0	0	0	0
K11430	0	2	0	0	0	1	4	0
K06134	38	30	0	26	54	20	314	5
K11431	0	0	0	0	0	0	0	0
K06135	2	0	0	0	0	2	9	0
K04892	0	0	0	2	0	0	0	0
K07915	0	0	0	0	1	0	0	0
K11432	0	0	0	0	0	0	0	0
K04893	0	0	0	0	0	0	0	0
K07916	0	0	0	0	0	0	0	0
K06136	31	26	9	126	118	64	556	23
K04894	0	0	0	0	0	0	0	0
K07917	0	0	0	0	0	0	0	0
K11433	0	3	2	0	1	0	0	1
K06137	27	23	11	179	204	106	872	26
K07918	0	0	0	0	0	0	2	0
K11434	4	3	6	23	76	6	206	8
K06138	29	14	3	74	57	32	328	10
K11435	0	0	0	0	0	0	1	0
K07919	0	0	0	0	0	0	0	0
K06139	34	34	10	180	159	61	738	18
K11436	0	1	0	0	1	0	9	0
K04898	0	0	0	0	0	0	0	0
K11437	0	0	0	0	0	0	2	1
K04899	0	0	0	0	0	0	0	0
K11438	1	1	0	0	1	0	5	0
K11439	0	0	0	0	2	0	4	0
K08780	0	0	0	0	3	0	0	0
K02700	0	0	0	0	0	0	0	0
K08781	0	1	0	0	3	0	2	0
K15320	2	7	1	19	23	3	73	3
K02701	0	0	0	0	0	0	0	0
K08782	0	0	0	0	0	0	0	0
K15321	1	0	0	0	1	0	1	0
K02702	0	0	0	0	0	0	1	0
K08783	0	0	0	1	2	0	0	0
K15322	1	0	0	0	0	0	3	0
K15323	0	0	0	0	0	0	0	0
K08784	0	1	0	2	3	1	10	0
K02703	72	65	0	0	15	1	13	0
K15324	0	0	0	0	0	0	0	0
K08785	0	0	0	0	0	1	1	0
K02704	9	3	0	0	1	1	2	0
K15325	0	0	0	0	0	0	0	0
K19200	3	2	7	35	63	4	115	7
K08786	0	0	0	1	0	1	11	0
K02705	2	1	0	1	6	1	5	0
K19201	0	0	0	0	0	0	0	0
K08787	0	0	0	0	0	0	0	0
K15326	4	4	0	0	0	0	0	0
K02706	1	0	0	0	3	0	3	0
K19202	1	1	0	0	0	0	0	0
K08788	0	0	0	1	0	0	2	0
K20623	43	31	0	1	2	1	3	0
K15327	3	4	1	18	45	2	91	5
K02707	2	1	0	0	0	0	0	0
K20624	0	2	0	0	0	0	4	0
K19203	5	2	0	5	9	0	9	0
K15328	0	2	0	0	1	0	4	0
K08789	2	2	0	0	0	0	8	0
K02708	0	0	0	0	0	0	0	0
K19204	5	12	1	21	17	1	37	4
K15329	2	7	1	6	39	2	45	2
K02709	2	2	0	0	2	0	0	0
K19205	0	0	0	0	0	0	0	0
K20626	0	0	0	1	0	0	1	0
K20627	0	0	0	1	0	2	2	0
K20628	13	34	2	35	30	1	109	4
K19207	5	12	1	21	17	1	34	4
K20629	0	0	0	0	0	0	0	0
K19208	4	3	0	13	6	1	13	3
K19209	8	1	0	0	0	0	9	0
K17970	0	0	1	1	1	0	1	1
K16190	4	4	0	10	11	1	69	0
K03570	61	86	14	177	322	66	973	26
K17971	1	0	0	0	1	0	2	0
K16191	3	9	2	17	21	3	61	3
K10110	6	19	0	7	23	4	84	0
K03571	36	34	6	60	117	29	379	8
K16192	0	0	0	0	0	0	0	0
K17972	1	0	0	0	16	2	34	0
K10111	271	220	11	55	157	52	914	8
K03572	161	128	24	428	677	171	2369	59
K16193	1	0	1	5	13	3	26	0
K17973	11	8	0	0	2	0	4	1
K10112	537	414	64	763	1256	382	5413	120
K03573	1	3	0	1	14	0	10	0
K16194	1	0	0	0	0	0	2	0
K21490	0	0	0	0	3	0	3	0
K17974	1	0	0	0	0	0	2	0
K03574	135	182	63	421	671	110	1767	82
K17975	0	0	0	0	0	0	0	0
K21491	0	0	0	0	0	0	1	0
K16195	1	0	0	0	0	0	1	0
K03575	113	105	25	276	435	93	1420	42
K17976	0	0	0	0	0	0	0	0
K21492	0	0	0	0	0	0	2	0
K16196	4	3	0	4	0	1	7	0
K03576	37	37	1	21	51	15	217	7
K17977	0	0	0	0	0	0	0	0
K21493	1	1	0	30	7	35	277	7
K16197	0	0	0	0	0	0	0	0
K03577	26	26	1	12	38	9	139	2
K21494	0	0	0	0	0	0	0	0
K17978	0	0	0	0	2	0	0	0
K16198	0	0	0	0	0	0	0	0
K10117	174	250	17	252	352	64	1170	36
K03578	140	204	18	301	444	77	1533	33
K21495	13	13	4	23	57	5	109	1
K17979	1	0	1	0	0	0	2	0
K16199	1	16	0	5	25	1	28	0
K10118	138	215	14	271	488	84	1406	43
K03579	158	146	21	312	499	120	1749	48
K10119	117	175	11	158	248	68	960	32
K21498	32	21	5	80	147	23	317	8
K07460	49	54	8	126	192	33	561	16
K14000	0	0	0	0	0	0	0	0
K07461	55	53	11	60	121	58	608	17
K14001	0	0	0	0	1	0	0	0
K07462	165	145	33	405	694	139	2372	60
K14002	0	0	0	0	1	0	0	0
K07463	0	0	3	9	58	6	24	1
K12760	0	0	0	0	0	0	0	0
K14003	3	1	0	3	3	0	2	0
K07464	4	1	2	35	97	12	142	8
K14004	1	1	0	0	2	0	2	0
K12761	2	0	1	0	2	0	8	0
K07465	4	15	14	136	169	10	299	23
K12762	0	0	0	0	0	0	0	0
K14005	0	0	1	1	0	0	4	0
K07466	107	73	1	9	46	8	23	3
K12763	0	0	0	0	0	0	0	0
K14006	2	1	0	2	1	0	6	0
K07467	2	2	0	8	8	1	23	0
K12764	0	0	0	0	0	0	0	0
K07468	0	0	0	0	1	0	0	0
K14007	31	18	0	1	4	0	6	1
K14008	0	0	0	0	0	0	1	0
K12765	0	0	0	0	0	0	2	0
K07469	4	1	1	16	16	1	30	0
K14009	0	0	0	0	0	0	2	0
K12766	0	0	1	2	0	0	1	0
K12767	2	0	0	0	1	0	9	1
K12768	0	0	0	0	0	0	0	0
K12769	0	0	0	0	0	0	0	0
K02250	0	0	0	0	2	0	1	0
K16650	6	17	3	69	45	3	92	6
K16651	0	1	0	0	5	0	6	0
K02251	2	1	0	0	1	0	4	0
K16652	2	5	2	47	38	1	71	3
K02253	0	0	0	0	0	0	0	0
K16653	19	25	11	79	82	12	248	6
K21950	0	0	0	0	0	0	0	0
K02254	0	0	0	2	0	0	0	0
K20170	11	0	2	11	9	0	16	1
K02255	0	0	0	0	1	0	2	0
K21951	0	0	0	0	0	0	0	0
K20171	5	1	3	17	12	7	65	4
K21952	0	0	0	0	1	0	1	0
K20172	1	0	0	0	0	0	5	0
K02256	24	9	5	7	7	1	23	4
K20173	0	0	0	0	0	0	0	0
K21953	0	0	0	1	0	0	2	0
K02257	113	105	31	371	584	140	2055	49
K21954	0	0	0	0	0	0	0	0
K20174	0	0	0	0	1	0	1	0
K02258	58	44	5	61	100	60	567	6
K16659	0	0	0	0	0	0	0	0
K21955	0	0	0	0	0	0	0	0
K20175	0	0	0	3	0	1	5	0
K02259	109	126	25	233	448	133	1628	33
K21956	0	0	0	1	0	0	0	0
K20176	0	0	0	1	0	0	3	0
K21957	0	0	0	0	1	0	1	0
K20177	0	0	0	0	1	0	0	0
K21958	0	0	0	0	1	0	1	0
K20178	8	4	1	0	3	0	5	0
K07920	0	0	0	0	0	0	0	0
K06140	59	30	0	8	60	20	237	2
K07921	0	0	0	0	0	0	0	0
K21959	0	0	0	1	0	0	1	0
K20179	8	5	0	0	1	0	2	0
K06141	0	0	0	0	0	0	2	1
K07922	0	0	0	0	0	0	0	0
K06142	40	48	8	66	99	46	410	15
K07923	0	0	0	0	0	0	0	0
K06143	45	40	5	24	47	21	349	9
K06144	0	0	0	0	0	0	0	0
K11440	0	0	1	18	20	5	45	3
K07924	0	0	0	0	0	0	0	0
K11441	1	0	0	1	0	0	2	0
K07925	0	0	0	0	0	0	0	0
K06145	116	73	3	31	38	31	468	4
K11442	1	0	0	0	3	0	8	3
K06146	9	1	0	0	1	1	4	0
K11443	40	39	12	144	148	61	680	28
K06147	1082	1286	303	3544	5284	1144	17129	494
K07928	0	0	0	0	0	0	0	0
K11444	6	8	1	8	16	4	62	3
K06148	219	275	29	476	824	166	2391	86
K11445	0	0	0	0	0	0	0	1
K07929	0	0	0	0	0	0	0	0
K06149	9	4	6	34	63	6	166	5
K11446	2	0	0	1	2	1	8	0
K11447	0	0	0	0	0	3	4	0
K11448	0	0	0	0	0	0	0	0
K11449	0	0	0	0	0	0	0	0
K08790	6	2	0	0	2	0	2	0
K08791	0	0	0	2	0	0	2	0
K02710	0	0	0	0	0	0	0	0
K15331	0	0	1	4	2	6	66	1
K02711	0	0	0	0	1	0	0	0
K15332	0	0	0	1	1	0	0	0
K08793	1	0	0	0	0	0	3	0
K02712	1	1	0	0	0	0	0	0
K15333	0	0	1	0	4	0	3	0
K08794	7	8	3	0	3	1	15	0
K02713	1	0	0	0	1	0	0	0
K08795	0	0	0	0	0	0	0	0
K20630	0	0	0	0	0	0	0	0
K15334	3	2	0	0	1	0	9	0
K02714	0	0	0	0	0	0	0	0
K19210	0	0	0	0	0	0	2	0
K20631	0	0	0	0	0	0	0	0
K15335	0	0	0	0	2	0	1	0
K08796	0	0	0	1	1	1	6	1
K02715	1	0	0	0	0	0	0	0
K20632	0	0	0	0	0	0	0	0
K15336	1	0	0	1	1	0	2	0
K19211	0	1	0	0	2	2	13	0
K08797	0	0	0	0	0	0	2	0
K02716	1	0	0	0	2	0	0	0
K19212	0	0	0	0	0	0	0	0
K20633	0	0	0	0	0	0	0	0
K15337	0	0	0	5	8	0	8	4
K08798	0	1	0	2	3	3	14	0
K02717	0	1	0	0	7	3	15	1
K02718	0	0	0	0	1	0	0	0
K15338	3	0	0	0	0	0	1	0
K20634	0	0	0	1	0	0	0	0
K19213	2	0	0	0	0	0	2	0
K08799	0	0	0	0	0	0	0	0
K15339	0	0	0	0	0	0	2	0
K02719	0	1	0	0	0	0	1	0
K20635	0	0	0	0	0	0	0	0
K20636	0	0	0	1	0	0	1	0
K19215	1	1	0	1	3	4	15	0
K20637	0	0	0	1	0	0	1	0
K19217	0	0	0	1	0	0	1	0
K20638	0	0	0	0	0	0	0	0
K06600	0	0	0	0	10	0	2	0
K20639	0	0	0	0	0	0	0	0
K06601	27	24	1	12	20	26	163	1
K19219	1	0	2	1	2	0	26	0
K06602	19	22	2	14	15	13	103	2
K17980	0	0	0	0	0	0	0	0
K06603	12	4	0	6	12	3	30	3
K03580	24	8	12	76	137	29	491	9
K17981	0	0	0	0	0	0	2	0
K11900	91	58	4	127	197	71	884	23
K10120	6	1	0	2	13	0	8	1
K03581	70	90	19	340	594	72	1434	52
K10121	0	0	0	0	2	0	6	0
K17982	5	6	0	0	0	0	0	0
K11901	43	27	2	38	66	21	347	4
K06605	13	11	1	18	25	5	81	4
K03582	94	110	7	116	252	39	792	15
K17983	0	0	0	0	0	0	0	0
K10122	1	0	0	0	3	0	4	0
K11902	47	42	3	42	72	15	344	12
K06606	21	11	1	50	70	18	244	8
K03583	71	70	7	90	188	29	467	8
K10123	0	0	0	0	0	0	0	0
K17984	0	0	0	0	0	0	0	0
K11903	43	54	4	53	88	38	531	13
K06607	0	0	0	4	3	1	12	0
K03584	97	83	15	232	354	72	922	39
K10124	1	0	0	0	0	0	1	0
K06608	1	0	0	1	5	0	1	0
K17985	8	8	1	0	1	0	1	1
K11904	311	490	23	154	359	89	1565	40
K03585	226	220	51	535	596	221	2871	89
K17986	0	0	0	0	0	0	0	0
K11905	7	2	0	1	7	1	7	0
K10125	184	122	3	35	92	24	518	10
K06609	2	2	1	15	17	5	50	2
K03586	19	11	2	7	13	13	86	4
K17987	4	0	0	1	9	1	7	0
K11906	26	26	2	8	13	3	62	2
K10126	167	81	2	44	100	31	537	6
K03587	191	197	33	561	907	224	2907	56
K10127	0	0	0	0	0	0	0	0
K17988	0	0	0	0	0	0	0	0
K11907	126	104	9	161	228	80	1250	22
K03588	126	168	36	529	862	212	2839	62
K17989	1	4	1	12	26	7	90	4
K11908	5	2	2	4	6	2	31	0
K03589	85	89	17	180	237	72	874	18
K10129	0	0	0	0	0	0	0	0
K11909	10	6	1	0	3	0	7	1
K07470	0	0	0	0	1	0	1	0
K14010	0	0	0	0	0	0	0	0
K07471	0	0	0	0	0	0	3	0
K07472	0	0	0	0	0	2	3	0
K14011	0	0	0	0	0	0	0	0
K14012	0	0	0	0	1	0	3	0
K07473	11	5	0	2	8	0	31	0
K14013	0	0	0	0	0	0	0	0
K12770	0	0	0	0	0	0	0	0
K07474	9	3	3	10	30	2	76	2
K14014	0	0	0	0	0	0	0	0
K12771	0	0	0	0	0	0	0	0
K07475	0	0	0	0	1	0	1	1
K07476	0	0	0	0	3	0	1	0
K12772	0	0	0	0	0	0	0	0
K14015	0	1	0	0	1	0	2	2
K12773	0	0	0	0	0	0	0	0
K14016	0	1	0	0	1	0	2	0
K07477	0	2	1	10	78	5	54	5
K14017	0	0	0	0	0	0	0	0
K12774	0	0	0	0	0	0	0	0
K07478	154	166	31	440	731	154	2483	70
K12775	0	0	0	0	0	0	0	0
K14018	2	1	0	1	3	0	13	1
K07479	0	0	0	6	9	0	18	4
K14019	0	0	0	0	0	0	0	0
K12776	0	0	0	0	0	0	2	0
K12777	0	0	0	0	0	0	0	0
K12778	0	0	0	0	0	0	0	0
K12779	0	0	0	0	0	0	0	0
K16660	0	0	0	0	0	0	0	0
K02260	0	0	0	1	0	0	0	0
K16661	0	0	0	0	0	0	0	0
K02261	15	11	1	6	4	1	6	0
K16662	0	0	0	0	0	0	0	0
K02262	20	12	0	1	6	0	2	1
K16663	0	0	0	0	1	0	0	0
K02263	0	0	0	0	1	0	0	0
K21960	0	0	0	1	3	1	5	0
K02264	0	0	0	0	0	0	1	0
K20180	25	27	0	1	0	0	1	0
K16665	0	0	0	0	0	0	0	0
K02265	0	0	0	0	0	0	0	0
K21961	0	3	0	7	9	1	24	0
K20181	37	39	1	1	1	0	1	0
K16666	0	0	0	0	0	0	0	0
K02266	0	0	0	0	0	0	0	0
K21962	0	3	1	19	16	2	48	2
K20182	2	0	1	2	2	0	3	1
K21963	0	0	0	0	1	0	0	0
K20183	6	4	0	0	1	0	2	0
K16667	1	0	0	0	1	0	2	1
K02267	0	0	1	4	7	2	11	0
K21964	0	0	0	0	0	0	0	0
K02268	0	0	0	0	0	0	0	0
K20184	2	0	0	0	2	1	9	0
K21965	0	0	0	0	0	0	0	0
K02269	0	0	0	0	0	0	0	0
K20185	1	0	0	0	0	0	0	0
K16669	5	0	1	5	5	0	16	3
K20186	0	0	0	0	0	0	0	0
K21966	3	5	0	0	10	0	16	0
K21967	0	0	0	0	0	0	0	0
K20187	0	0	0	0	0	0	0	0
K20188	0	0	0	0	0	0	0	0
K21968	0	0	0	0	0	0	0	0
K07930	0	0	0	0	0	0	0	0
K20189	0	0	0	0	0	0	0	0
K21969	0	0	0	0	0	0	1	0
K07931	0	0	0	0	0	0	0	0
K06151	21	8	26	327	192	103	1203	46
K06152	15	1	7	88	46	20	317	17
K07933	0	1	0	0	0	0	1	0
K06153	112	101	25	395	506	149	1867	49
K06154	0	0	0	0	1	0	0	0
K07934	0	0	0	0	0	0	0	0
K11450	5	2	1	3	3	0	9	2
K11451	0	0	0	0	0	0	0	0
K07935	0	0	0	0	0	0	0	0
K06155	19	24	2	2	10	5	65	2
K11452	0	0	0	0	0	0	0	0
K07936	1	1	0	2	1	0	2	0
K06156	4	0	0	1	9	2	14	0
K11453	1	0	0	0	0	0	0	0
K07937	0	0	0	1	1	0	2	0
K06157	4	2	0	0	5	3	11	0
K11454	0	0	0	0	0	0	0	0
K07938	0	0	0	0	0	0	0	0
K06158	234	215	50	571	884	222	3350	84
K11455	0	0	0	0	0	0	0	0
K07939	0	0	0	0	0	0	0	0
K06159	11	15	1	4	15	1	48	2
K11456	0	0	0	0	0	0	0	0
K11457	0	0	0	0	0	0	0	0
K11458	0	0	0	0	0	0	0	0
K11459	0	0	0	0	0	0	0	0
K15340	0	1	0	0	1	0	6	0
K02720	0	0	0	0	3	1	13	0
K02721	0	0	0	0	0	0	0	0
K15341	0	0	0	0	0	0	0	0
K02722	0	0	0	0	0	0	0	0
K15342	12	12	20	183	243	56	558	19
K02723	0	0	0	0	0	0	0	0
K15344	0	0	0	0	0	0	0	0
K20640	0	0	0	0	0	0	0	0
K02724	1	1	0	0	0	0	1	0
K15345	0	0	0	0	0	0	0	0
K20641	0	0	0	0	0	0	0	0
K02725	0	0	0	0	0	0	0	0
K19220	0	0	0	2	4	1	7	0
K15346	0	0	0	0	0	0	0	0
K20642	0	0	0	0	1	0	4	0
K19221	46	33	7	94	134	43	373	15
K02726	0	0	0	0	0	0	4	0
K02727	0	0	0	0	0	0	1	0
K20643	0	0	0	0	1	0	1	0
K19222	8	11	0	10	21	5	64	2
K15348	0	0	0	0	1	0	0	0
K20644	0	0	0	0	0	0	1	0
K19223	0	0	0	8	14	2	20	2
K02728	0	0	0	0	1	0	1	0
K20645	0	0	0	0	0	0	0	0
K19224	4	2	2	9	27	1	50	4
K15349	0	0	0	2	10	3	35	2
K02729	1	0	0	0	1	0	0	0
K20646	0	0	0	0	0	0	0	0
K19225	19	34	17	161	224	39	661	24
K20647	0	0	0	0	0	0	1	0
K19226	1	16	1	5	22	2	47	1
K20648	0	0	0	0	0	0	0	0
K19227	6	2	0	3	10	4	34	0
K06610	4	6	0	23	45	5	98	5
K19228	0	0	0	0	1	1	1	0
K06611	0	1	0	1	0	0	1	0
K20649	0	0	0	0	1	0	1	0
K06612	0	1	0	1	0	0	0	0
K19229	2	1	0	3	0	2	24	2
K06613	0	1	0	1	0	0	0	0
K17990	0	0	0	0	1	0	1	0
K03590	132	135	18	275	423	170	1983	49
K06614	0	1	0	0	0	0	0	0
K10130	0	0	0	0	0	0	2	0
K17991	4	1	0	0	0	0	0	0
K11910	12	7	1	5	16	3	65	2
K03591	7	0	1	1	10	1	8	0
K06615	0	0	0	1	0	0	0	0
K11911	0	0	0	0	0	0	0	0
K17992	0	2	0	3	22	0	19	1
K03592	82	94	17	257	431	111	1519	51
K06616	0	0	0	0	0	0	0	0
K17993	0	0	0	0	7	0	4	0
K10132	0	0	0	0	0	0	0	0
K11912	50	31	9	56	149	31	500	17
K03593	108	120	43	410	768	226	2725	73
K17994	0	0	0	0	2	0	2	0
K10133	1	0	0	1	1	0	1	0
K11913	22	26	1	22	39	11	251	6
K06617	12	14	0	0	4	0	9	0
K03594	96	94	24	189	400	208	1885	53
K10134	0	0	0	0	0	0	0	0
K17995	0	0	0	0	1	0	2	0
K11914	38	9	2	17	57	20	197	7
K06618	0	0	0	0	0	0	0	0
K03595	109	118	24	298	529	140	1455	53
K10135	0	0	0	0	0	0	0	0
K17996	0	0	0	0	4	0	2	0
K11915	10	5	1	1	30	3	80	1
K06619	2	0	0	0	1	0	2	2
K03596	182	178	65	571	907	258	4008	110
K17997	0	0	0	0	0	0	0	0
K10136	0	0	0	0	0	0	0	0
K11916	20	2	0	8	27	3	99	6
K03597	16	13	0	3	11	6	47	1
K10137	0	0	0	0	0	0	0	0
K17998	0	0	0	0	1	0	4	0
K11917	2	3	0	0	4	2	14	1
K03598	23	17	1	32	32	13	222	7
K10138	0	0	0	0	0	0	0	0
K17999	0	0	0	0	1	0	1	0
K11918	3	1	0	0	0	1	8	0
K03599	29	27	3	36	39	43	342	4
K10139	0	0	0	0	0	0	0	0
K11919	1	0	0	0	0	0	0	0
K07480	2	1	15	35	147	8	154	23
K14020	0	0	0	0	0	0	0	0
K07481	40	56	34	347	326	157	1153	47
K01400	19	29	9	42	163	35	526	19
K14021	0	0	0	0	0	0	0	0
K07482	31	20	2	45	33	15	186	4
K01401	1	0	0	3	4	1	22	0
K14022	0	0	0	0	0	0	0	0
K07483	128	162	32	394	430	135	1276	43
K01402	0	0	1	1	10	1	23	0
K12780	0	0	0	0	1	0	0	0
K01403	0	0	0	1	0	1	0	0
K15803	18	11	0	0	0	0	6	0
K14023	2	0	0	1	3	2	19	0
K07484	127	202	59	687	777	162	1732	75
K14024	0	0	0	0	0	0	0	0
K12781	0	0	0	0	0	0	0	0
K07485	11	9	5	68	59	15	198	3
K01404	72	60	0	0	0	0	0	0
K14025	0	0	0	0	0	0	0	0
K12782	0	0	0	0	1	0	1	0
K07486	129	166	85	1076	913	529	3662	145
K01405	3	0	1	3	10	6	56	0
K12783	0	0	0	0	0	0	0	0
K14026	5	2	2	6	6	4	46	1
K07487	14	29	27	199	160	173	950	34
K01406	202	204	49	300	638	117	2443	142
K14027	0	0	0	0	0	0	0	0
K07488	1	0	5	7	17	1	52	7
K01407	8	0	0	0	0	0	2	0
K07489	0	0	0	0	2	0	3	0
K14028	0	0	2	7	18	7	66	2
K01408	74	70	0	3	3	0	12	2
K14029	0	0	0	0	0	0	0	0
K01409	149	137	24	417	704	114	1798	70
K02270	0	0	0	0	0	0	0	0
K16670	152	138	0	0	0	0	0	0
K02271	0	0	0	0	0	0	0	0
K16671	0	0	0	0	0	0	0	0
K16672	0	0	0	0	0	0	0	0
K02272	0	0	0	0	0	0	0	0
K16673	0	0	0	0	0	0	0	0
K02273	0	0	0	0	0	0	0	0
K16674	0	0	0	0	0	0	0	0
K20190	0	0	0	0	0	0	0	0
K21970	0	0	0	0	2	0	4	0
K02274	358	395	110	1126	2324	796	8539	172
K20191	0	0	0	0	0	0	1	0
K21971	0	0	0	0	0	1	0	0
K16675	1	0	0	0	0	0	6	0
K02275	199	217	35	605	1308	438	4133	97
K20192	0	0	0	0	0	0	0	0
K16676	0	0	0	0	0	0	1	0
K21972	7	0	1	1	16	3	24	0
K02276	177	179	41	400	685	299	3089	72
K16677	0	0	0	0	0	0	0	1
K20193	0	0	0	0	0	0	0	0
K21973	1	0	0	1	3	0	12	0
K02277	5	10	6	27	107	32	282	14
K20194	0	0	0	0	0	0	0	0
K21974	0	0	0	0	0	0	0	0
K16678	0	0	0	0	0	0	0	0
K02278	45	33	1	61	107	44	551	12
K21975	0	0	0	0	0	0	0	0
K20195	0	0	0	0	1	0	0	0
K16679	0	0	0	0	1	0	1	0
K02279	78	74	17	159	347	89	1163	37
K21976	0	0	0	0	0	0	0	0
K20196	0	0	0	0	0	0	1	0
K21977	31	21	2	94	84	29	397	7
K20197	0	0	0	0	0	0	1	0
K07940	0	0	0	0	0	0	0	0
K20198	0	0	0	0	4	0	3	0
K06160	18	23	8	50	58	13	209	16
K07941	0	0	0	0	0	0	0	0
K20199	0	0	0	0	0	0	8	0
K06161	2	2	0	1	2	0	9	0
K07942	0	0	0	0	0	0	0	0
K06162	67	54	4	67	78	26	288	8
K07943	0	0	0	0	0	0	0	0
K06163	36	19	3	20	31	11	135	4
K11460	0	0	0	0	0	0	0	0
K07944	0	0	0	0	0	0	1	0
K06164	52	34	1	31	35	10	147	10
K11461	0	0	0	0	0	0	0	0
K07945	0	0	0	0	0	0	0	0
K06165	28	22	1	21	18	9	85	3
K11462	0	0	0	0	2	0	3	0
K06166	18	18	0	11	8	3	63	2
K11463	0	0	0	0	0	0	0	0
K06167	45	48	9	113	224	51	816	18
K11464	0	0	0	0	0	0	0	0
K06168	115	145	49	483	786	201	2653	57
K11465	0	0	0	0	0	0	0	0
K07949	0	0	0	0	0	0	0	0
K06169	15	19	3	16	48	9	163	8
K11466	0	0	0	0	0	0	0	0
K11467	0	0	0	0	0	0	0	0
K11468	0	0	0	0	0	0	0	0
K11469	0	0	0	0	0	0	0	0
K15350	0	0	0	0	0	0	0	0
K02730	0	0	0	0	0	0	0	0
K15351	0	0	0	0	0	0	0	0
K02731	0	0	0	0	0	0	0	0
K02732	0	0	0	0	1	0	0	0
K15352	6	1	0	0	5	0	5	1
K15353	8	2	0	2	2	1	12	0
K02733	0	0	0	0	0	0	0	0
K20650	0	0	0	0	0	0	0	0
K15354	1	1	0	0	0	0	0	0
K02734	1	0	0	0	1	0	0	2
K20651	0	0	0	0	0	0	0	0
K19230	5	3	0	4	4	3	44	2
K15355	16	19	1	14	34	5	150	2
K02735	5	0	0	0	0	0	0	0
K20652	0	0	0	0	0	0	1	0
K15356	0	0	0	0	0	1	2	0
K02736	0	0	0	0	0	0	1	0
K19231	106	153	8	43	69	9	349	28
K20653	0	0	0	0	1	0	0	0
K19232	17	15	0	1	4	1	17	1
K15357	1	9	1	12	21	0	39	0
K02737	1	2	0	0	1	0	1	0
K20654	0	0	0	0	0	0	1	0
K19233	1	6	1	16	14	4	95	6
K15358	7	12	2	83	85	28	312	10
K02738	1	0	0	0	0	0	1	0
K20655	0	0	0	0	0	0	0	0
K15359	0	0	0	1	0	0	2	0
K19234	6	0	1	17	29	2	60	0
K02739	0	0	0	0	0	0	0	0
K20656	0	0	0	2	11	1	32	2
K19235	6	0	0	4	5	1	18	0
K20657	0	0	0	0	0	0	0	0
K19236	6	0	0	5	5	2	24	0
K20658	0	0	0	0	0	0	0	0
K06620	1	0	0	0	0	0	0	0
K19237	0	0	0	0	0	0	1	0
K19238	0	0	0	0	0	0	0	0
K20659	0	0	0	0	0	0	0	0
K06621	0	1	0	0	2	0	5	0
K06622	0	0	0	1	1	0	7	0
K06623	0	0	0	0	0	0	0	0
K11920	0	0	0	0	0	0	0	0
K06624	0	0	0	0	0	0	0	0
K10140	0	0	0	0	0	0	0	0
K06625	0	0	0	0	0	0	0	0
K11921	23	25	3	49	40	28	285	13
K10141	0	0	0	0	1	0	0	0
K10142	0	0	0	0	1	0	0	0
K11922	1	1	0	1	5	0	5	1
K06626	0	0	0	0	0	0	2	0
K11923	1	0	0	6	3	0	8	0
K10143	2	0	0	0	0	0	2	1
K06627	49	34	0	1	1	0	3	1
K11924	0	0	0	16	23	4	30	0
K10144	0	0	0	0	0	0	1	0
K06628	1	0	1	0	0	0	0	0
K10145	0	0	0	0	0	0	0	0
K06629	0	0	0	0	0	0	0	0
K11925	0	0	0	0	0	0	2	0
K10146	0	0	0	0	0	0	0	0
K11926	0	0	0	0	0	0	0	0
K11927	196	256	29	434	651	242	3044	58
K10147	0	0	0	0	0	0	0	0
K10148	0	0	0	0	0	0	0	0
K11928	24	12	1	15	98	5	93	1
K11929	0	0	0	0	0	0	1	0
K10149	0	0	0	0	0	0	0	0
K07490	0	0	0	0	0	0	0	0
K14030	0	0	0	0	0	0	0	0
K07491	51	91	34	173	292	123	1167	38
K01410	2	2	0	2	1	3	22	0
K15811	0	0	0	0	2	0	0	0
K14031	0	0	0	0	0	0	1	0
K07492	40	37	13	128	269	43	415	20
K01411	1	0	0	0	1	0	0	0
K14032	0	0	0	0	0	0	0	0
K15812	0	0	0	0	1	0	0	0
K07493	39	51	21	228	386	103	829	30
K01412	3	3	1	1	3	2	26	0
K14033	0	0	0	0	0	0	0	0
K01413	0	0	0	0	7	0	8	0
K15813	0	0	0	0	0	0	3	0
K12790	0	0	0	0	0	0	0	0
K07494	23	37	23	233	485	104	752	28
K15814	0	0	0	0	0	0	0	0
K12791	0	0	0	0	0	0	0	0
K14034	0	0	0	0	0	0	0	0
K07495	5	4	6	10	42	10	97	10
K01414	82	63	7	101	138	68	884	28
K14035	0	0	0	0	0	0	0	0
K12792	0	0	0	0	0	0	1	0
K15815	0	0	0	0	0	0	3	0
K07496	45	82	55	595	356	13	409	20
K01415	16	52	29	334	174	111	1452	25
K12793	0	0	0	0	0	0	0	0
K14036	3	1	0	0	0	0	0	0
K01416	2	9	0	7	9	0	1	0
K15816	0	0	0	0	0	0	3	0
K07497	371	415	127	1360	1692	658	6128	200
K14037	0	0	0	0	0	0	0	0
K12794	0	0	0	0	0	0	0	0
K07498	28	42	13	72	163	15	260	14
K01417	0	13	3	23	133	17	297	8
K14038	0	0	0	0	0	0	0	0
K12795	2	1	0	1	0	1	17	0
K07499	7	13	8	55	89	22	143	9
K12796	0	0	0	0	0	0	2	0
K01419	64	55	10	140	219	76	838	29
K12797	0	0	0	0	0	0	0	0
K12798	0	0	0	0	0	0	0	0
K12799	0	0	0	0	0	0	0	0
K16680	0	0	0	0	0	0	0	0
K02280	107	126	20	256	476	162	1858	34
K10600	0	0	0	0	0	0	0	0
K16681	0	0	0	1	0	0	1	0
K02281	36	12	1	28	41	28	274	4
K16682	0	0	0	0	0	0	0	0
K10601	0	0	0	0	1	0	4	0
K02282	106	125	26	400	848	207	2716	79
K10602	0	0	0	0	0	0	0	0
K16683	0	0	0	0	0	0	0	0
K02283	131	181	63	620	1174	236	3800	108
K02284	0	0	0	0	1	0	0	0
K10603	0	0	0	0	0	0	0	0
K16684	0	0	0	0	0	0	0	0
K16685	0	0	0	0	0	0	1	0
K02285	0	0	0	0	1	0	0	0
K10604	3	0	0	0	0	0	0	0
K02286	0	0	0	0	5	0	4	0
K16686	0	0	0	0	0	0	0	0
K10605	0	0	0	0	0	0	0	0
K16687	0	0	0	0	0	0	0	0
K10606	0	0	0	0	0	0	0	0
K02287	0	1	0	0	0	3	3	0
K10607	0	0	0	0	0	0	0	0
K16688	0	0	0	0	0	0	0	0
K02288	0	1	0	5	10	0	12	1
K10608	0	0	0	0	0	0	1	0
K02289	0	0	0	1	2	0	1	0
K10609	0	0	0	0	1	1	8	0
K21987	0	0	0	0	0	0	0	0
K06170	0	0	0	0	0	1	2	0
K21988	5	2	0	0	0	0	1	0
K07950	0	0	0	1	0	0	0	0
K07951	0	0	0	0	0	0	0	0
K06171	0	0	0	0	4	0	4	0
K21989	2	3	0	1	3	0	23	0
K07952	13	4	0	0	0	0	1	0
K06172	0	0	0	0	0	0	0	0
K07953	1	0	0	1	0	0	0	0
K06173	93	97	19	271	457	129	1619	33
K11470	0	0	0	0	0	0	0	0
K06174	1	2	1	15	29	10	34	0
K07955	5	8	0	0	0	0	1	0
K11471	0	0	0	0	0	0	0	0
K06175	22	23	1	6	24	5	66	2
K11472	53	51	18	222	360	55	942	41
K06176	31	20	6	46	98	17	333	8
K07957	0	0	0	0	0	0	0	0
K11473	66	71	21	328	517	109	1614	48
K06177	61	70	8	85	136	50	537	15
K07958	0	0	0	0	0	0	0	0
K11474	6	1	0	2	2	1	26	0
K06178	135	136	38	269	489	87	1431	38
K07959	0	0	0	0	0	0	0	0
K11475	37	29	3	24	37	19	264	2
K06179	104	96	6	125	183	67	861	18
K11476	0	2	0	5	1	0	10	0
K11477	17	16	4	64	103	34	501	20
K11478	0	0	0	0	0	1	2	0
K11479	0	0	0	0	0	0	2	0
K15360	0	0	0	0	0	0	0	0
K02740	1	1	0	0	0	0	0	0
K15361	0	0	1	3	6	0	7	1
K02741	0	0	0	0	0	0	0	0
K15362	1	0	0	0	0	0	0	0
K02742	5	1	1	0	9	1	3	0
K15363	0	0	0	0	3	0	2	0
K15364	0	0	0	0	0	0	0	0
K20660	31	22	0	0	3	1	7	0
K02744	0	0	0	1	10	0	16	0
K15365	0	0	0	0	0	0	0	0
K20661	2	0	0	0	1	0	2	0
K02745	0	0	0	0	2	0	0	0
K20662	0	0	0	0	1	0	1	0
K19241	0	0	0	0	0	0	0	0
K02746	0	0	0	0	1	0	1	0
K15367	0	0	0	0	0	0	0	0
K20663	1	0	0	0	1	0	2	0
K02747	0	0	0	0	0	0	2	0
K19242	1	0	0	0	4	0	0	0
K19243	2	0	0	4	15	2	18	0
K15368	0	0	0	1	0	1	3	0
K15369	0	0	0	0	0	0	0	0
K20665	0	0	0	0	0	0	0	0
K19244	15	34	12	155	228	82	766	19
K02749	3	0	0	4	18	1	24	0
K20666	0	0	0	0	1	0	2	0
K19245	0	0	0	5	1	1	18	0
K20667	0	0	0	1	0	0	2	0
K19246	0	9	0	6	9	3	46	5
K20668	0	0	0	0	0	0	0	0
K06630	2	0	0	1	0	1	4	1
K06631	0	0	0	0	2	0	0	1
K06632	1	1	0	0	0	0	1	0
K06633	0	1	0	0	1	0	0	1
K10150	0	0	0	0	0	0	0	0
K06634	0	0	0	0	0	0	0	0
K11930	6	3	0	15	20	8	59	0
K06635	0	0	0	0	0	0	0	0
K10151	0	0	0	0	0	0	0	0
K11931	9	11	0	13	24	10	130	3
K10152	0	0	0	0	0	0	0	0
K11932	0	3	1	2	8	4	14	2
K06636	1	2	1	1	1	0	3	0
K10153	0	0	0	0	0	0	0	0
K06637	0	0	0	0	0	0	0	0
K11933	2	5	0	4	4	1	14	1
K10154	0	0	0	0	0	0	0	0
K06638	1	0	0	0	0	0	2	0
K11934	0	0	0	0	0	0	0	0
K10155	0	0	0	0	0	0	0	0
K11935	10	15	1	16	7	3	107	4
K06639	0	0	0	1	2	0	2	2
K10156	0	1	0	2	4	0	0	0
K11936	8	25	8	104	82	47	562	11
K10157	0	0	0	0	0	0	0	0
K11937	6	7	0	0	0	0	9	0
K11938	0	0	0	0	0	0	0	0
K10158	0	0	0	0	0	0	0	1
K10159	0	0	0	0	0	0	0	0
K11939	33	50	11	123	115	16	311	14
K15820	0	0	0	0	0	0	0	0
K01420	95	62	14	229	364	174	1741	31
K15821	0	0	0	0	0	0	0	0
K01421	16	20	2	23	41	2	104	3
K01422	0	0	0	0	0	0	0	0
K15822	0	0	0	0	0	0	3	0
K15823	0	0	0	0	0	0	0	0
K14043	2	0	0	1	2	0	2	0
K14044	0	0	0	0	0	0	0	0
K01424	72	75	26	184	354	111	1654	49
K15825	0	0	0	0	1	0	0	0
K19700	3	0	0	0	4	2	35	0
K01425	43	40	18	179	95	104	1279	19
K14046	0	1	0	0	0	0	0	0
K19701	1	1	1	9	37	2	41	6
K05301	25	33	3	39	94	27	360	9
K01426	272	317	100	1874	1966	545	8116	254
K15827	0	0	0	1	5	0	1	0
K05302	1	0	0	0	0	0	4	0
K19702	12	18	0	15	35	2	60	7
K01427	5	5	1	4	19	2	71	3
K19703	0	0	0	1	3	1	7	0
K15828	0	0	1	7	10	5	37	1
K14048	19	16	6	62	71	17	301	8
K05303	4	7	3	37	52	19	315	8
K01428	86	83	23	266	358	134	1769	45
K14049	0	0	0	0	0	0	0	0
K19704	1	1	0	0	0	0	1	1
K15829	0	0	0	1	1	0	0	1
K05304	3	6	0	5	34	5	88	1
K01429	30	27	5	50	51	17	275	5
K19705	0	0	0	0	1	0	0	0
K05305	1	0	0	10	6	6	47	1
K19706	0	0	0	0	0	0	5	0
K05306	3	2	4	24	39	17	102	3
K05307	0	0	0	0	0	0	1	0
K19707	22	52	0	10	81	16	261	2
K05308	0	0	0	1	2	0	7	0
K19708	0	0	0	0	0	0	0	0
K05309	0	0	0	2	1	0	3	0
K19709	4	2	1	4	12	5	38	1
K02290	0	0	0	0	3	0	3	0
K16690	0	0	0	0	0	0	0	0
K16691	0	0	0	0	0	0	0	0
K10610	0	0	0	0	3	0	2	0
K02291	101	98	26	296	359	125	1476	48
K02292	0	0	0	6	4	1	4	0
K10611	0	0	0	0	0	0	0	0
K16692	54	91	13	112	299	37	821	26
K10612	0	0	2	0	0	0	0	0
K16693	0	0	1	1	0	1	2	0
K02293	4	7	3	31	36	6	156	3
K10613	0	0	0	0	0	0	0	0
K21990	2	0	0	29	82	21	174	7
K16694	4	4	0	3	16	3	39	0
K02294	0	0	0	0	4	0	1	0
K02295	0	0	0	1	1	0	2	0
K21991	1	1	0	3	1	0	8	0
K16695	5	13	3	24	44	8	133	3
K10614	182	138	1	1	6	0	14	0
K02296	0	0	0	0	0	0	0	0
K16696	0	0	0	0	2	0	0	0
K21992	0	0	0	0	5	0	8	0
K10615	0	0	0	0	1	0	7	1
K21993	20	13	0	23	82	20	242	5
K16697	0	1	1	5	16	2	30	2
K10616	1	1	0	1	4	0	3	0
K02297	50	30	6	44	24	54	500	5
K21994	0	0	0	0	0	0	0	0
K16698	0	1	0	8	14	4	48	0
K10617	3	0	1	13	13	9	56	3
K02298	113	115	15	230	324	144	1692	18
K21995	0	0	0	0	0	0	0	0
K16699	0	0	0	0	4	0	2	1
K10618	0	0	0	0	0	0	0	0
K02299	50	49	11	137	188	74	890	17
K21996	0	0	0	0	0	0	1	1
K10619	0	4	2	63	34	19	235	6
K21997	1	0	0	1	3	0	2	0
K07960	0	0	0	0	0	0	0	0
K06180	123	158	41	398	668	120	2078	65
K07961	0	0	0	0	0	0	1	0
K14500	0	1	0	0	0	0	2	0
K06181	23	17	7	21	76	18	255	7
K00100	12	3	1	0	5	0	21	0
K07962	0	0	0	0	0	0	1	0
K14501	0	0	0	0	1	0	0	1
K06182	45	51	2	34	88	23	416	4
K00101	127	131	34	504	381	210	2279	55
K14502	0	0	0	1	0	0	0	0
K07963	0	0	0	0	0	0	0	0
K06183	43	49	12	66	179	21	400	14
K00102	145	170	26	313	489	218	2391	59
K14503	0	0	0	0	0	0	0	0
K11480	0	0	0	0	0	0	0	0
K07964	3	4	0	0	2	0	0	0
K06184	2	1	0	0	0	0	4	0
K00103	25	46	12	109	182	15	375	9
K07965	0	0	0	0	0	0	0	0
K14504	1	2	0	2	0	0	3	0
K11481	0	0	0	1	1	0	3	0
K06185	1	2	2	1	1	0	8	0
K00104	134	158	65	825	1020	298	3942	133
K11482	0	0	0	0	1	0	1	0
K14505	0	0	0	0	0	0	0	0
K07966	0	0	0	0	0	0	2	1
K06186	19	16	0	10	19	17	156	1
K00105	0	0	0	10	22	0	35	1
K14506	0	0	0	0	1	0	0	0
K07967	0	0	0	0	0	0	2	1
K11483	0	0	0	0	0	0	2	0
K06187	80	86	20	218	422	97	1230	32
K00106	3	6	5	47	30	7	193	8
K11484	0	0	0	0	1	0	0	0
K07968	0	0	0	0	0	0	2	1
K06188	45	52	29	369	319	152	2036	32
K00107	2	0	0	1	0	0	10	0
K11485	0	0	0	0	0	0	0	0
K14508	1	1	0	0	0	0	4	0
K07969	1	0	0	0	0	0	2	1
K06189	67	61	6	124	139	64	716	11
K00108	273	289	52	988	836	294	4328	147
K11486	0	0	0	0	0	0	0	0
K14509	4	4	0	0	1	0	3	0
K00109	0	0	4	28	43	5	82	4
K11487	0	0	0	0	0	0	0	0
K11488	0	0	0	0	0	0	0	0
K11489	0	0	0	0	0	0	0	0
K15370	0	0	0	0	0	0	0	0
K02750	3	0	0	4	18	1	24	0
K15371	336	296	52	697	1163	286	3884	93
K02752	0	0	0	0	0	0	0	0
K15372	20	44	20	179	274	90	1045	27
K02753	0	0	0	0	0	0	0	0
K15373	2	0	1	0	5	0	5	0
K15374	0	0	0	0	0	0	0	0
K02755	4	2	2	3	9	1	27	0
K20671	0	0	0	1	0	0	0	0
K15375	0	0	0	0	0	0	0	0
K20672	0	0	0	0	0	0	0	0
K02756	4	2	2	3	9	1	27	0
K15376	2	0	0	2	6	2	23	0
K02757	4	2	2	3	9	1	27	0
K20673	0	0	0	0	0	1	0	0
K15377	1	0	0	0	2	0	1	0
K20674	0	0	0	0	1	0	0	0
K15378	1	3	0	1	0	0	1	1
K15379	0	0	0	0	0	0	0	0
K20675	0	0	0	1	0	0	1	0
K02759	1	0	1	1	4	0	8	1
K20676	0	0	0	0	0	0	1	0
K20677	0	0	0	0	0	0	0	0
K06640	2	0	0	0	2	0	6	1
K06641	0	0	0	1	2	2	13	0
K06642	0	0	0	0	2	0	0	0
K06643	0	0	0	0	0	0	0	0
K10160	0	0	0	0	0	0	1	0
K06644	0	0	0	0	0	0	0	0
K11940	18	9	0	27	36	12	159	7
K10161	0	0	0	0	0	0	0	0
K11941	26	24	2	9	26	1	110	4
K06645	0	0	0	0	0	0	1	0
K10162	0	0	0	0	0	0	0	0
K06646	0	0	0	0	0	0	0	0
K11942	84	123	14	153	285	132	2008	30
K06647	0	0	0	1	0	0	5	0
K11943	0	0	0	4	1	0	25	0
K10164	0	0	0	0	0	0	0	0
K11944	0	0	1	1	2	0	6	0
K06648	0	0	0	0	0	0	2	0
K10165	0	0	0	0	0	0	0	0
K06649	0	0	0	0	0	0	0	0
K11945	0	0	1	5	5	2	29	1
K10166	0	0	0	0	0	0	0	0
K11946	0	0	0	2	5	11	34	3
K10167	0	0	0	0	0	0	0	0
K11947	5	7	0	15	11	1	38	0
K10168	0	0	0	0	1	0	0	0
K11948	0	0	0	19	47	40	130	8
K10169	0	0	0	0	0	0	0	0
K11949	0	0	0	4	3	8	26	2
K15830	0	0	1	8	4	0	8	0
K14050	0	0	0	1	0	0	1	1
K01430	28	25	11	53	82	28	371	14
K15831	0	0	0	0	0	0	1	0
K14051	4	6	0	17	15	1	52	1
K01431	13	23	10	106	171	49	630	13
K15832	0	0	0	0	0	0	0	0
K14052	0	0	2	60	6	7	120	7
K01432	51	39	10	137	129	64	764	23
K14053	0	0	0	0	0	0	0	0
K15833	0	2	0	1	1	0	3	1
K01433	97	103	12	137	175	73	814	9
K15834	0	0	0	0	0	0	0	0
K14054	4	9	14	98	244	67	924	25
K01434	141	190	33	518	960	150	2709	83
K15835	1	2	0	0	0	1	1	0
K19710	6	19	16	107	160	32	469	26
K14055	20	3	0	7	39	6	91	2
K05310	0	1	1	0	2	0	2	1
K01435	0	0	0	0	0	0	0	0
K19711	3	0	0	1	4	1	7	0
K05311	2	0	0	0	6	0	0	0
K15836	4	14	25	265	250	181	1533	44
K14056	3	0	0	1	2	0	11	0
K01436	66	109	25	284	483	117	1584	36
K15837	1	0	0	0	8	0	1	0
K19712	0	0	0	1	11	1	4	0
K14057	3	0	0	3	3	0	8	0
K05312	0	0	0	0	0	0	0	0
K01437	0	0	0	0	2	0	1	0
K15838	0	0	0	0	0	0	0	0
K05313	0	0	0	1	0	0	0	0
K19713	10	21	6	70	63	27	466	8
K14058	51	43	6	49	123	52	628	11
K01438	102	79	21	481	752	178	2410	61
K15839	0	0	0	0	3	0	1	0
K19714	8	13	0	5	10	12	123	0
K14059	9	4	6	48	108	8	256	13
K01439	108	136	29	478	816	151	2315	53
K19715	4	11	0	32	50	14	228	5
K19716	0	0	0	0	0	0	0	0
K19717	0	0	0	0	0	0	0	0
K19718	0	0	0	0	0	0	1	0
K19719	0	0	0	1	3	0	4	0
K10620	0	0	1	7	6	2	32	0
K09200	0	0	0	0	0	0	0	0
K10621	5	1	1	21	10	8	112	6
K10622	1	0	2	11	10	8	56	1
K09201	0	2	0	0	0	0	0	0
K09202	0	0	0	0	0	0	0	0
K10623	0	1	0	3	5	7	33	0
K09203	0	0	0	0	0	0	0	0
K10624	2	0	0	0	0	0	1	0
K09204	0	0	0	0	0	0	0	0
K10625	2	0	1	1	0	0	1	0
K09205	0	0	0	0	0	0	0	0
K10626	0	0	0	0	0	0	1	0
K09206	0	0	0	0	0	0	1	0
K10627	0	0	0	0	0	0	1	0
K09207	0	0	0	0	0	0	0	0
K10628	0	0	0	0	0	0	0	0
K10629	0	0	0	0	0	0	0	0
K09208	0	0	0	0	0	0	0	0
K09209	0	0	0	0	0	0	0	0
K07970	0	0	0	0	0	0	0	0
K06190	50	37	5	49	90	54	524	6
K07971	0	0	0	0	0	0	0	0
K14510	2	2	0	0	1	0	2	1
K06191	2	3	1	4	6	2	27	0
K07972	0	0	0	0	0	0	0	0
K06192	26	33	6	124	115	63	704	15
K00111	241	253	43	574	949	144	2834	72
K07973	0	0	0	0	0	0	0	0
K14512	1	0	1	0	0	0	1	0
K06193	35	19	1	2	16	3	84	0
K00112	0	2	1	5	25	0	19	1
K14513	2	1	0	0	0	0	0	0
K11490	0	0	0	0	0	0	2	0
K06194	59	53	4	39	65	16	254	6
K00113	5	10	3	57	86	17	219	9
K14514	27	30	0	0	0	0	1	0
K11491	0	0	0	0	1	0	6	0
K07975	0	0	0	0	0	0	1	2
K06195	47	41	5	61	92	52	532	16
K00114	86	70	104	975	971	527	5985	185
K00115	0	0	0	2	2	0	4	0
K14515	748	748	0	0	0	0	0	0
K11492	0	0	0	0	0	0	0	0
K07976	2	7	0	0	0	0	4	0
K06196	33	35	14	254	359	55	761	29
K14516	4	1	0	0	0	0	0	0
K11493	0	0	0	1	1	1	6	0
K07977	0	0	0	0	0	0	2	0
K06197	0	2	0	10	21	5	35	0
K00116	30	41	2	54	61	16	228	9
K14517	0	0	0	0	0	0	0	0
K11494	0	0	0	2	1	0	5	3
K07978	1	0	0	14	17	1	55	1
K06198	0	1	0	3	14	0	14	1
K00117	223	170	78	825	1057	450	6879	194
K14518	0	0	0	0	0	0	1	0
K11495	1	0	0	0	1	0	0	0
K07979	33	31	16	128	89	38	540	21
K06199	48	60	7	140	192	68	844	19
K00118	17	23	7	30	90	28	327	11
K11496	0	0	0	0	0	0	0	0
K14519	18	38	3	46	41	7	111	4
K11497	1	0	0	0	1	0	0	0
K11498	37	32	0	0	2	0	6	0
K11499	0	0	0	0	0	0	0	0
K15380	0	0	0	0	0	0	0	0
K02760	3	3	0	1	3	0	5	0
K15381	0	0	0	0	0	0	1	0
K02761	8	0	2	3	17	1	12	1
K15382	15	13	0	2	1	0	0	0
K02763	0	0	0	0	0	0	1	0
K15383	10	7	2	30	41	15	149	2
K02764	0	0	0	0	0	0	1	0
K15384	0	0	0	0	0	0	1	0
K15385	0	0	0	0	0	0	0	0
K02765	0	0	0	0	0	0	1	0
K15386	0	0	0	0	0	0	0	0
K15387	0	0	0	0	0	0	2	0
K20683	0	0	0	1	0	0	0	0
K15388	0	0	0	0	0	0	0	0
K20684	0	0	0	0	0	0	0	0
K02768	50	58	14	139	325	57	738	25
K20685	0	0	0	0	0	0	0	0
K15389	0	0	0	1	0	0	0	0
K02769	22	30	5	42	96	20	193	6
K20686	0	0	0	0	0	0	0	0
K19265	85	79	11	129	137	38	651	20
K20687	0	0	0	0	0	0	0	0
K19266	0	0	0	0	1	0	4	0
K06650	0	0	0	0	0	0	0	0
K20688	0	0	0	0	0	0	0	0
K19267	48	64	4	56	96	13	274	7
K20689	0	0	0	0	0	0	1	0
K06651	0	0	0	0	0	0	0	0
K19268	3	13	1	14	19	3	78	2
K06652	0	0	0	0	0	0	0	0
K19269	0	0	0	0	3	0	6	0
K06653	0	0	0	0	2	0	5	1
K10170	0	0	0	0	0	0	0	0
K06654	0	0	0	0	0	0	0	0
K11950	0	0	0	0	3	0	5	0
K11951	0	0	0	0	1	1	1	0
K10171	0	0	0	0	0	0	0	0
K06655	0	0	0	0	0	0	0	0
K10172	0	0	0	0	0	0	0	0
K11952	0	0	0	0	4	0	4	0
K06656	0	0	0	0	0	0	1	0
K10173	0	0	0	0	0	0	0	0
K11953	0	0	0	1	6	2	26	2
K06657	0	0	1	0	0	0	1	0
K10174	0	0	0	0	0	0	0	0
K06658	0	0	0	0	0	0	0	0
K11954	2	5	4	26	60	9	124	6
K10175	0	0	0	0	1	0	0	0
K11955	0	0	1	13	30	5	42	4
K06659	1	0	0	0	0	0	1	0
K10176	0	0	0	1	0	0	0	0
K11956	13	31	8	96	163	21	277	10
K10177	0	0	0	0	0	0	0	0
K11957	9	7	1	34	27	6	85	2
K10178	0	0	0	0	0	0	0	0
K11958	0	1	0	18	15	12	90	4
K10179	0	0	0	0	0	0	0	0
K11959	85	58	16	165	233	100	1207	27
K01440	0	0	0	0	1	0	0	0
K14060	13	7	1	18	45	6	89	3
K01441	0	0	0	0	0	0	0	0
K14061	0	2	0	1	3	0	17	0
K14062	0	0	0	0	0	0	1	0
K15842	0	0	0	1	6	0	3	0
K01442	9	8	1	25	25	6	191	1
K14063	0	0	0	0	1	1	4	0
K01443	97	113	34	298	454	87	1622	39
K14064	0	0	0	1	0	0	1	0
K01444	15	29	5	80	120	59	611	13
K15845	0	0	0	0	0	0	0	0
K14065	0	0	0	0	0	0	0	0
K19720	0	0	4	28	8	0	19	1
K15846	0	0	0	0	0	0	0	0
K14066	0	0	0	0	0	0	0	0
K19721	0	0	0	0	2	0	5	0
K01446	0	4	0	2	22	2	29	1
K19722	0	0	0	0	0	0	1	0
K14067	16	9	1	32	49	20	219	0
K01447	79	61	9	102	137	65	548	20
K14068	0	0	0	0	0	0	0	0
K05323	0	0	0	1	1	1	3	0
K01448	152	139	37	469	723	184	2359	87
K14069	0	0	0	0	0	0	0	0
K15849	0	0	0	0	3	0	14	0
K01449	7	1	2	12	47	7	82	4
K19728	0	0	0	0	0	0	0	0
K19729	2	0	0	0	0	0	0	0
K10630	0	0	0	0	0	0	2	0
K09210	0	0	0	0	0	0	0	0
K10631	0	0	0	0	0	0	0	0
K09211	0	0	0	0	0	0	0	0
K10632	10	7	0	0	1	0	5	0
K10633	0	0	0	0	0	0	0	0
K09212	0	0	0	0	0	0	0	0
K10634	0	0	0	0	0	0	0	0
K09213	0	0	0	0	0	0	3	0
K09214	0	0	0	0	0	0	0	0
K10635	1	0	1	0	0	0	0	0
K09215	0	0	0	0	0	0	0	0
K10636	0	0	0	0	0	0	0	0
K09216	0	0	0	0	0	0	0	1
K10637	0	0	0	0	0	0	0	0
K10638	0	0	0	1	0	0	2	0
K09218	0	0	0	0	0	0	0	0
K10639	0	0	0	0	0	0	0	0
K09219	0	0	0	0	0	0	1	0
K14520	1	6	10	85	65	24	464	8
K01900	1	0	0	2	2	9	27	0
K14521	1	0	0	0	0	0	3	0
K00121	148	104	41	630	584	220	2966	75
K14522	0	0	0	0	0	0	0	0
K01902	97	102	34	397	641	213	2412	59
K00122	20	46	25	325	363	112	1542	53
K14523	0	0	0	0	0	0	0	0
K01903	113	154	40	501	745	303	3259	68
K00123	249	276	86	1362	1845	745	7702	171
K07985	0	0	0	0	0	0	0	0
K14524	0	0	0	0	0	0	0	0
K01904	7	4	4	32	54	7	116	2
K00124	74	61	33	346	368	138	1757	38
K07986	0	0	0	0	0	0	0	0
K04000	0	0	0	0	0	0	0	0
K18400	0	1	0	0	0	0	0	0
K14525	0	1	0	0	0	0	1	0
K01905	6	12	13	159	253	64	740	19
K00125	0	1	0	1	1	0	6	0
K07987	0	0	0	0	0	0	0	0
K04001	0	0	0	0	0	0	0	0
K14526	0	0	0	0	0	0	1	0
K18401	0	0	1	0	1	0	0	0
K01906	6	11	1	32	38	3	91	9
K00126	17	12	1	8	10	6	63	2
K14527	0	0	0	0	0	0	0	0
K04002	0	0	0	0	0	0	0	0
K18402	0	0	0	2	1	0	5	0
K01907	74	98	22	376	520	106	1599	37
K00127	44	37	9	111	121	84	751	21
K07989	0	0	0	0	0	0	0	0
K14528	0	0	0	0	0	0	0	0
K18403	0	0	0	0	1	0	0	0
K01908	69	66	27	300	266	121	1472	26
K00128	529	548	123	1531	2047	511	8443	215
K04004	0	0	0	0	0	0	0	0
K18404	0	0	0	0	0	0	0	0
K14529	0	0	0	2	3	0	2	0
K01909	1	2	3	15	46	6	120	3
K00129	2	9	0	30	54	2	126	3
K18405	0	0	0	0	1	0	0	0
K04005	0	0	0	0	0	0	0	0
K04006	0	0	0	0	0	0	0	0
K18406	0	0	0	0	0	0	0	0
K04007	0	0	0	0	0	0	0	0
K18407	0	0	0	0	0	0	0	0
K04008	0	0	0	0	0	0	0	0
K18408	0	1	0	2	3	0	12	1
K18409	0	0	0	0	0	0	0	0
K04009	0	0	0	0	1	0	0	0
K15390	0	0	0	0	0	0	1	0
K02770	22	30	5	42	93	20	191	6
K02771	0	0	0	0	1	0	0	0
K15391	0	0	0	0	0	0	4	0
K15392	0	0	0	0	0	0	0	0
K15393	0	0	0	0	0	0	0	0
K02773	0	0	0	0	0	1	6	0
K20690	0	0	0	1	0	0	0	0
K15394	0	0	0	0	1	0	1	0
K02774	0	0	0	0	0	1	5	0
K20691	0	0	0	0	0	0	0	0
K19270	32	24	4	63	70	12	175	4
K15395	13	27	0	18	38	1	114	5
K02775	2	2	0	2	3	0	16	0
K20692	0	0	0	0	0	0	0	0
K19271	3	6	0	1	17	3	41	1
K15396	16	12	1	20	52	17	161	0
K20693	0	0	0	0	0	0	0	0
K19272	1	2	0	1	1	2	7	0
K15397	48	43	0	0	0	0	7	0
K02777	5	3	2	2	11	1	18	1
K20694	0	0	0	0	0	0	0	0
K15398	0	0	0	0	0	0	0	0
K19273	0	0	0	0	7	0	11	1
K02778	2	0	1	13	34	11	131	0
K15399	0	0	0	0	0	0	0	0
K02779	2	0	1	13	34	11	131	0
K20697	0	0	0	0	0	0	0	0
K20698	0	0	0	1	1	0	6	0
K06660	0	0	0	0	3	0	0	1
K20699	0	0	0	0	0	0	0	0
K06661	0	0	0	0	0	0	1	0
K19278	1	0	0	1	3	0	23	1
K06662	2	0	0	1	1	0	2	0
K19279	0	0	0	1	7	3	35	2
K06663	0	0	0	0	0	0	0	0
K10180	0	0	0	0	0	0	0	0
K06664	0	0	0	0	1	0	1	1
K11960	91	90	9	150	169	80	1136	23
K10181	0	0	0	0	1	0	1	0
K11961	74	68	6	121	150	78	1137	25
K06665	1	0	0	4	1	0	8	0
K10182	0	0	0	0	0	0	0	0
K11962	55	58	4	76	99	51	678	19
K06666	1	0	1	20	15	2	38	1
K10183	0	0	0	0	0	0	0	0
K06667	0	0	0	0	0	0	0	0
K11963	59	45	8	79	95	36	649	9
K10184	0	0	0	0	0	0	0	0
K11964	0	0	0	0	1	0	1	0
K06668	0	0	0	0	0	0	4	0
K10185	0	0	0	0	0	0	0	0
K06669	6	13	0	0	1	1	5	0
K10186	0	0	0	0	0	0	0	0
K10187	9	18	0	21	22	2	29	2
K11967	0	0	0	0	1	0	1	0
K11968	12	7	0	0	2	0	8	0
K10188	28	33	0	8	24	5	102	2
K11969	0	0	0	0	0	0	0	0
K10189	37	38	1	24	44	8	179	6
K14070	0	0	0	0	0	0	0	0
K15850	0	1	0	0	0	1	4	0
K01450	21	20	0	37	29	20	195	7
K14071	0	0	0	1	0	0	0	0
K01451	41	28	0	19	28	9	233	2
K14072	0	0	0	1	0	0	0	0
K15852	8	7	1	2	39	1	30	2
K01452	86	70	2	74	86	40	442	15
K14073	0	0	0	0	0	0	1	0
K01453	0	3	1	1	18	0	11	1
K15853	0	0	2	9	20	7	83	4
K14074	0	0	0	0	0	0	1	0
K15854	0	0	2	28	21	13	100	5
K14075	0	0	0	0	0	0	1	0
K05330	0	0	0	0	0	0	0	0
K19730	0	0	0	0	0	0	0	0
K15855	0	10	7	204	52	37	407	13
K01455	36	22	12	158	247	49	733	28
K14076	0	0	0	0	0	0	0	0
K19731	2	1	0	4	5	3	34	0
K15856	12	25	9	74	133	18	427	7
K01456	0	0	0	3	7	0	12	0
K14077	0	0	0	0	0	0	0	0
K19732	17	8	1	0	2	0	16	0
K01457	93	89	12	198	139	61	900	18
K14078	0	0	0	0	0	0	0	0
K19733	16	10	1	6	10	4	73	1
K01458	83	78	3	94	103	47	666	11
K14079	0	0	0	0	0	0	0	0
K05334	0	0	0	0	0	0	0	0
K15859	0	0	0	1	0	0	0	0
K19734	7	4	0	0	5	2	16	1
K01459	14	10	6	32	41	22	205	6
K19735	0	0	0	0	0	0	0	0
K05336	0	0	0	0	0	0	0	0
K19736	12	9	0	1	6	8	54	2
K19737	4	2	1	4	8	1	18	2
K05337	7	15	7	72	85	27	377	11
K05338	0	0	0	0	1	0	1	0
K05339	0	0	0	0	0	0	0	0
K10640	0	0	0	0	0	0	0	0
K09220	0	0	0	0	0	0	0	0
K10641	0	0	0	0	0	0	0	0
K10642	0	0	0	0	0	0	0	0
K09221	0	0	0	0	0	0	0	0
K09222	0	0	0	0	0	0	0	0
K10643	0	0	0	1	0	0	0	0
K09223	0	0	0	0	0	0	0	0
K10644	0	0	0	0	0	0	2	0
K09224	0	0	0	0	0	0	0	0
K10645	1	1	1	2	2	2	8	1
KEGG_ko	0	0	0	0	0	0	0	0
K09225	0	0	0	0	0	0	0	0
K10646	0	1	0	0	0	0	2	0
K10647	0	0	0	0	0	0	0	0
K09226	0	0	0	0	0	0	0	0
K09227	0	0	0	0	0	0	0	0
K10648	0	0	0	2	7	0	9	1
K10649	0	0	0	1	0	0	1	0
K09228	0	0	1	4	2	0	6	0
K09229	0	0	0	0	1	0	2	0
K07990	0	0	0	0	0	0	0	0
K14530	0	0	0	0	0	0	0	0
K01910	2	0	0	0	1	0	0	0
K07991	1	0	0	0	1	0	3	0
K00130	257	256	66	743	864	201	3057	105
K07992	0	0	0	0	0	0	0	0
K14531	0	0	0	0	0	0	0	0
K00131	35	24	5	58	106	29	258	8
K01911	15	41	7	87	125	7	254	10
K07993	0	0	0	0	0	0	0	0
K14532	0	0	0	0	0	0	0	0
K00132	1	1	9	31	62	8	194	7
K01912	93	179	58	659	851	235	3502	114
K14533	0	0	0	0	0	0	0	0
K07994	0	1	0	0	7	1	16	0
K00133	108	120	38	433	698	209	2485	68
K07995	0	0	0	1	3	1	7	0
K14534	3	3	2	98	72	37	362	8
K00134	183	191	40	500	775	259	2883	88
K01914	0	0	2	15	4	9	75	0
K04010	0	0	0	0	0	0	0	0
K18410	1	0	0	0	3	1	10	1
K14535	0	0	0	0	0	0	0	0
K07996	0	0	0	3	3	0	7	1
K00135	339	349	77	952	1324	387	4774	126
K01915	420	477	137	1561	2429	712	8697	249
K18411	0	0	0	0	0	0	0	0
K07997	0	0	0	2	2	0	8	0
K04011	0	0	0	0	0	0	0	0
K14536	0	2	0	0	1	0	5	0
K01916	165	146	20	365	494	176	2177	37
K07998	0	0	0	0	1	0	0	0
K01917	0	0	0	0	0	0	0	0
K14537	6	3	0	0	0	0	3	3
K04012	0	0	0	0	0	0	0	0
K18412	0	0	0	0	1	0	0	0
K00137	36	33	13	85	96	24	373	12
K18413	0	0	0	0	0	0	0	0
K04013	0	0	0	1	2	0	0	0
K14538	0	0	0	0	1	0	1	0
K07999	1	0	1	1	14	1	28	1
K00138	67	41	13	158	167	78	968	17
K01918	87	91	26	261	409	107	1406	32
K00139	0	0	0	1	2	0	7	0
K14539	1	0	0	1	0	0	2	0
K04014	0	0	1	2	13	4	51	0
K01919	133	108	15	241	365	136	1607	39
K18415	0	0	0	0	0	0	0	0
K04015	0	0	0	0	0	3	4	0
K18416	0	0	0	0	0	0	0	1
K04016	2	4	1	14	45	7	85	1
K18417	1	2	0	0	1	0	0	0
K04017	3	4	1	7	8	0	27	1
K18418	0	0	0	0	0	0	2	0
K04018	3	7	2	16	31	5	63	3
K18419	0	0	0	0	0	0	0	0
K04019	0	3	7	111	96	59	352	20
K02781	0	0	0	1	5	0	5	0
K02782	0	2	0	0	17	2	10	0
K02783	1	3	0	0	24	3	20	0
K02784	2	0	0	1	11	0	17	0
K19280	0	0	0	0	2	0	2	0
K13200	0	0	0	0	0	0	0	0
K19281	0	0	0	0	0	0	0	0
K02786	0	0	0	0	0	0	0	0
K19282	0	0	0	0	0	0	0	0
K02787	0	0	0	0	0	0	2	0
K13201	8	2	0	1	1	0	1	0
K13202	0	0	0	0	0	0	0	0
K02788	0	0	0	0	0	0	2	0
K19283	0	0	0	0	0	0	1	0
K13203	0	0	0	0	0	0	0	0
K19284	0	0	0	0	0	0	0	0
K19285	0	0	0	1	5	2	15	0
K13205	0	1	0	0	1	0	1	0
K19286	2	0	0	7	4	7	32	0
K06670	1	2	4	0	0	0	3	0
K13206	0	0	0	0	0	0	0	0
K13207	226	154	0	0	0	0	4	0
K06671	4	3	0	0	1	0	3	0
K19289	0	0	0	1	0	0	0	0
K13208	0	0	0	0	0	0	1	0
K06672	1	0	0	1	0	0	6	0
K06673	0	0	0	0	0	0	0	0
K13209	0	0	0	0	0	0	0	0
K11970	0	0	0	0	0	0	0	0
K10190	26	39	0	9	11	7	93	0
K06674	1	1	0	0	0	0	10	1
K11971	2	2	0	0	0	0	3	0
K10191	98	72	2	12	29	21	273	1
K06675	0	1	1	1	2	0	5	0
K06676	1	0	0	0	0	0	4	0
K11972	0	0	0	0	0	0	0	0
K10192	41	46	0	9	14	2	93	3
K11973	0	0	0	0	0	0	1	0
K10193	44	31	1	8	16	3	68	0
K06677	0	0	0	0	0	0	1	3
K11974	0	0	0	0	0	0	0	0
K06678	19	13	0	0	1	0	4	0
K10194	25	20	0	0	9	2	42	0
K06679	0	0	0	0	0	0	0	0
K11975	5	2	0	0	0	0	2	0
K10195	14	7	0	4	11	7	46	0
K10196	0	0	0	0	1	2	6	0
K11976	0	0	0	0	0	0	0	0
K10197	0	0	0	0	1	0	1	0
K11977	0	0	0	1	0	0	1	0
K11978	1	0	0	0	2	0	0	0
K10198	0	0	0	0	0	1	4	0
K11979	1	0	0	0	0	0	2	0
K10199	0	0	0	4	4	4	13	0
K14080	0	0	3	10	29	2	42	6
K01460	0	1	1	6	13	1	40	6
K14081	0	0	0	0	0	0	0	0
K15861	14	9	5	85	30	69	470	10
K01461	11	6	3	42	30	28	318	4
K14082	0	0	0	0	2	0	1	0
K15862	20	17	7	35	79	30	462	6
K01462	109	144	20	295	510	131	1808	50
K15863	0	0	0	0	0	0	0	0
K14083	106	80	7	102	242	49	792	18
K01463	7	16	6	83	126	18	563	17
K14084	0	0	0	3	2	1	11	0
K15864	9	8	1	6	52	9	104	1
K01464	68	78	42	515	685	239	2690	83
K15865	0	0	0	5	32	6	13	1
K14085	0	0	0	0	5	1	17	2
K05340	2	0	0	54	11	14	157	0
K01465	240	259	80	1022	1352	466	5361	134
K15866	69	84	24	408	615	129	1963	76
K14086	13	30	0	28	166	5	163	2
K05341	47	44	7	96	241	29	461	11
K01466	41	53	20	274	297	95	1113	29
K15867	0	0	0	0	0	0	0	0
K19742	2	0	0	5	7	1	22	0
K14087	0	0	0	2	0	0	2	0
K05342	33	61	17	266	405	44	653	26
K01467	41	47	5	36	71	36	423	5
K14088	0	0	0	2	8	0	4	0
K19743	9	9	2	28	42	9	206	6
K15868	3	3	2	59	44	32	324	6
K05343	203	324	61	742	1792	375	4572	121
K01468	100	103	25	293	491	111	1601	35
K19744	3	1	0	2	1	0	7	0
K14089	0	0	0	0	9	8	39	1
K01469	103	138	31	623	846	240	3258	62
K19745	43	42	7	91	93	50	494	12
K19746	38	39	2	47	134	26	388	6
K05346	3	14	0	7	11	2	20	1
K19747	0	0	0	0	0	0	1	0
K19748	0	0	0	0	0	0	0	0
K19749	0	0	0	0	0	0	0	0
K05349	520	634	127	1456	1315	439	6337	172
K10650	0	0	0	1	0	0	3	1
K10651	0	0	0	1	0	0	4	1
K09230	0	0	0	0	0	0	1	0
K09231	0	0	0	0	0	0	0	0
K10652	0	0	0	0	0	0	0	0
K10653	0	0	0	0	0	0	0	0
K09232	0	0	0	0	0	0	0	0
K10654	0	0	0	0	0	0	0	0
K09233	0	0	0	0	0	0	0	0
K09234	0	0	0	0	0	0	0	0
K10655	0	0	0	0	0	0	0	0
K09235	0	0	0	0	0	0	0	0
K10656	1	2	0	0	0	0	0	0
K10657	0	0	0	0	0	0	0	0
K09236	0	0	0	0	0	0	0	0
K09237	0	0	0	0	0	0	0	0
K10658	1	0	0	0	0	0	0	0
K10659	0	0	0	0	0	0	0	0
K09238	0	0	0	0	0	0	0	0
K09239	0	0	0	0	0	0	0	0
K14540	8	12	0	3	11	3	55	0
K01920	89	81	7	128	245	102	1073	11
K00140	148	182	50	503	692	191	3174	58
K14541	0	0	0	0	1	1	4	1
K01921	145	198	63	701	1285	339	3790	130
K00141	39	63	10	147	115	40	572	14
K01922	32	19	0	0	0	0	4	0
K00142	2	2	0	2	8	0	6	3
K14543	0	0	0	0	0	0	0	0
K01923	88	108	39	382	559	171	1965	59
K00143	1	2	1	1	6	2	18	0
K14544	0	1	0	0	0	0	2	3
K01924	171	182	33	513	816	184	2617	57
K18420	0	0	0	0	0	0	0	0
K14545	0	0	0	1	0	0	2	0
K05800	65	54	2	47	59	34	346	6
K01925	147	168	35	444	769	99	1828	71
K04020	0	0	0	4	7	0	7	0
K00145	118	129	37	394	542	122	1659	45
K18421	0	0	0	0	0	0	0	0
K14546	15	34	0	0	2	0	4	0
K05801	45	28	1	31	73	25	254	6
K01926	6	14	12	117	229	21	315	15
K04021	0	0	3	36	55	9	221	10
K00146	67	111	33	361	336	75	1409	37
K14547	0	0	0	0	0	0	0	0
K04022	0	0	0	0	0	0	0	0
K18422	0	0	0	1	2	0	4	0
K05802	92	65	5	113	103	37	613	22
K00147	133	123	16	359	420	120	1494	44
K04023	3	0	0	0	8	0	4	1
K14548	1	0	0	1	1	0	0	0
K18423	1	0	0	1	0	0	4	2
K05803	0	0	0	10	16	4	87	2
K01928	205	206	44	567	937	198	2920	78
K00148	28	50	12	99	171	56	652	20
K00149	0	0	0	0	0	1	3	0
K18424	0	0	0	0	0	1	5	2
K04024	1	0	0	1	9	0	8	2
K14549	1	2	1	3	8	0	17	2
K05804	0	0	0	3	2	0	25	0
K01929	158	183	38	459	756	163	2449	63
K18425	7	2	2	45	59	23	261	4
K05805	23	26	0	26	33	19	185	2
K04025	0	0	0	0	0	0	0	0
K18426	0	0	0	0	0	0	1	0
K04026	0	0	1	5	14	0	15	0
K18427	0	0	1	1	2	0	8	0
K05807	96	136	11	163	271	129	1165	26
K04027	0	0	4	30	72	15	256	15
K18428	0	0	0	0	0	0	0	0
K05808	67	56	15	139	222	96	758	25
K04028	1	0	7	38	84	14	325	16
K04029	0	0	0	0	0	0	1	0
K18429	8	9	1	12	64	9	219	5
K05809	1	2	2	5	9	2	27	1
K02790	1	0	0	6	19	1	24	0
K02791	1	0	0	6	19	1	24	0
K02793	24	25	2	54	82	44	308	14
K02794	0	0	1	4	12	0	21	4
K19290	6	4	0	4	21	0	48	1
K02795	3	0	1	4	16	1	19	2
K19291	5	0	0	1	3	0	7	0
K13210	158	122	0	0	1	0	4	0
K02796	1	1	1	5	31	1	32	0
K13211	1	0	0	0	0	0	0	1
K19292	6	3	1	0	0	1	10	0
K13212	0	0	0	0	0	0	0	0
K19293	6	3	0	0	1	0	4	0
K02798	11	21	0	17	80	9	99	0
K13213	0	0	0	0	0	0	0	0
K19294	17	35	21	167	255	76	1210	26
K02799	7	17	0	15	86	8	89	0
K19295	13	11	2	10	24	3	99	5
K13214	0	0	0	0	0	0	0	0
K13215	0	0	0	0	0	0	0	0
K19296	5	0	0	0	1	0	5	0
K06680	1	0	0	1	0	0	2	0
K13216	0	0	0	0	1	0	2	0
K06681	1	0	0	1	0	0	1	0
K13217	27	23	0	0	1	0	1	0
K00600	153	146	46	560	927	233	3473	88
K19299	1	3	1	1	1	2	8	0
K00601	0	1	1	1	0	0	11	0
K13218	0	0	0	0	0	0	0	0
K06682	0	0	0	0	0	0	0	0
K13219	3	1	0	0	0	0	0	0
K06683	0	0	0	0	1	0	5	0
K00602	109	165	50	630	945	182	2754	74
K11980	0	0	0	0	0	0	0	0
K06684	0	0	1	0	0	0	1	0
K00603	0	4	14	130	217	61	632	10
K11981	0	0	0	1	0	0	0	0
K06685	3	0	0	0	2	0	4	0
K00604	116	129	30	439	641	137	2229	71
K11982	23	23	0	0	2	0	7	0
K06686	0	0	1	0	0	0	1	0
K17100	1	0	0	0	0	0	6	0
K00605	145	156	53	617	1093	312	3576	94
K17101	0	0	0	0	0	0	0	0
K06687	0	0	0	0	0	0	0	0
K11983	0	0	0	0	0	0	0	0
K00606	93	115	29	345	508	165	2000	55
K17102	0	0	0	0	0	0	0	0
K06688	0	0	0	1	0	0	1	0
K11984	0	0	0	0	1	0	2	0
K17103	83	87	13	188	307	114	1403	32
K11985	0	0	0	0	0	0	0	0
K06689	2	2	0	1	1	0	2	0
K00608	1	0	0	6	5	2	48	3
K22400	0	0	0	0	0	0	0	0
K11986	0	0	0	0	0	0	0	0
K17104	0	0	0	6	20	3	6	1
K00609	98	117	36	349	565	157	2186	57
K22401	0	0	0	0	0	0	0	0
K17105	3	0	2	9	22	2	35	2
K11987	2	0	0	12	15	1	30	1
K17106	0	0	0	0	0	0	0	0
K22402	0	0	0	0	0	0	0	0
K11988	2	1	0	0	1	0	1	0
K17107	0	0	0	0	0	0	0	0
K22403	561	516	0	0	0	0	2	0
K11989	2	1	0	0	1	0	2	0
K22404	0	0	0	0	0	0	0	0
K17108	4	10	7	61	31	16	340	8
K22405	5	0	2	18	98	22	169	3
K22406	0	0	0	1	0	0	0	0
K14090	0	0	0	1	6	0	22	0
K01470	46	53	19	307	525	126	1752	55
K22407	0	0	0	0	0	0	1	0
K14091	0	0	1	5	7	0	10	0
K14092	0	0	0	0	0	0	0	0
K22408	0	0	0	0	5	1	8	1
K14093	0	0	0	0	0	0	0	0
K22409	1	0	0	0	3	0	2	0
K01473	97	81	97	1554	1712	410	5675	219
K14094	0	0	0	0	0	0	0	0
K01474	79	64	68	1194	1255	396	4515	143
K14095	0	0	0	0	0	0	0	0
K19750	3	1	0	0	0	0	0	0
K05350	161	251	40	449	653	140	2025	56
K14096	0	0	0	0	0	0	0	0
K19751	0	0	0	0	0	0	0	0
K15876	2	3	3	20	107	27	254	6
K05351	39	36	0	10	16	8	96	3
K01476	97	121	20	231	393	77	1243	30
K14097	0	0	0	0	0	0	0	0
K05352	0	0	0	1	2	0	1	0
K19752	0	0	0	1	3	0	2	0
K15877	0	0	0	0	0	0	8	0
K01477	24	20	6	76	105	25	344	8
K14098	0	0	0	0	0	0	0	0
K15878	0	0	0	2	1	0	8	0
K05353	0	0	0	0	0	0	0	0
K19753	0	0	0	0	1	0	0	0
K01478	26	53	18	214	200	44	819	24
K05354	0	0	0	0	1	0	0	0
K19754	0	0	0	0	0	0	0	0
K15879	0	0	0	3	8	3	17	0
K01479	62	70	4	33	111	38	526	10
K19755	0	0	0	0	0	0	2	0
K05355	0	0	0	1	1	0	1	0
K19756	0	0	0	0	0	0	0	0
K05356	0	0	0	1	3	1	11	0
K19757	0	0	0	0	0	0	1	0
K05357	0	0	0	0	4	0	7	0
K19758	0	0	0	0	1	1	7	0
K05358	15	3	5	53	69	47	627	15
K19759	0	0	0	0	0	0	0	0
K05359	3	2	2	5	11	1	32	0
K10660	0	0	0	0	0	0	0	0
K10661	3	2	0	0	2	0	5	0
K09240	0	0	0	1	0	0	0	0
K09241	0	0	0	0	0	0	0	0
K10662	0	0	0	0	0	0	0	0
K09242	0	0	0	0	0	0	0	0
K10663	0	1	0	0	0	0	0	0
K10664	6	0	0	0	0	1	1	0
K09243	0	0	0	0	0	0	0	0
K10665	0	0	0	0	0	0	0	0
K09244	0	0	0	1	0	0	0	0
K09245	0	0	0	0	0	0	0	0
K10666	1	1	0	0	0	0	1	0
K10667	0	0	0	0	0	0	3	0
K09246	0	0	0	0	0	0	0	0
K09247	0	0	0	0	0	0	0	0
K10668	0	0	0	0	0	0	0	0
K09248	0	0	0	0	0	0	0	0
K10669	0	0	2	7	3	1	40	3
K09249	0	0	0	0	0	0	0	0
K14550	3	1	0	1	0	0	4	0
K01930	1	0	0	3	2	0	8	1
K00150	0	0	3	10	70	18	114	1
K14551	0	0	0	0	0	0	0	0
K01931	0	0	0	1	0	0	3	0
K00151	58	54	11	123	95	49	558	10
K14552	1	0	0	0	0	0	4	0
K01932	6	25	5	50	186	19	354	28
K00152	0	0	1	1	2	0	12	1
K14553	0	0	1	1	0	0	8	1
K01933	98	109	29	387	577	120	1958	45
K00153	9	23	10	101	121	14	326	15
K14554	0	0	1	11	9	1	24	1
K01934	74	63	7	146	228	41	687	18
K00154	46	35	3	68	66	60	673	8
K18430	10	5	1	7	39	5	167	3
K14555	0	3	0	15	8	1	24	1
K05810	66	83	14	201	313	43	864	23
K01935	50	38	5	88	129	40	523	10
K04030	1	1	0	0	3	0	11	1
K04031	0	0	0	0	0	0	0	0
K18431	2	1	0	7	19	1	59	0
K14556	1	0	0	5	8	2	21	2
K05811	0	0	0	2	0	0	12	1
K00156	75	73	29	482	574	160	1753	44
K18432	0	0	0	0	0	0	0	0
K14557	0	0	0	0	0	0	3	0
K05812	27	15	2	20	15	8	113	4
K01937	140	149	55	577	897	287	3512	96
K04032	0	0	0	0	2	0	5	0
K00157	0	0	4	31	12	5	86	5
K14558	1	0	2	26	29	1	70	10
K05813	102	79	7	147	242	99	1183	16
K01938	47	44	24	272	468	116	1377	36
K04033	9	7	9	36	9	21	248	8
K00158	40	31	18	308	312	123	1154	29
K18434	0	0	0	0	0	0	0	0
K14559	1	1	0	0	0	0	3	0
K05814	88	71	9	120	308	71	985	24
K01939	141	145	64	504	845	174	2378	72
K04034	8	19	8	89	121	70	579	18
K18435	0	0	0	0	0	0	0	0
K05815	85	73	9	91	202	62	831	10
K04035	0	0	1	0	15	0	41	0
K18436	0	0	0	0	0	0	0	0
K04036	0	0	0	0	0	0	2	0
K05816	79	51	8	93	128	37	716	11
K18437	0	0	1	1	0	0	2	0
K05817	2	1	0	17	5	23	162	0
K04037	0	1	0	2	7	1	28	0
K18438	0	0	0	0	0	0	3	1
K04038	0	1	0	3	62	3	30	0
K05818	15	7	0	14	20	12	177	1
K18439	0	0	0	0	0	0	0	0
K04039	0	0	0	3	59	3	41	0
K05819	7	6	1	17	13	7	99	3
K09700	4	5	1	10	32	17	128	0
K09701	39	19	2	51	45	16	396	4
K09702	34	22	3	31	26	5	105	3
K09703	35	25	4	86	70	10	232	6
K13220	0	0	0	0	0	0	1	0
K09704	14	27	3	24	23	5	138	1
K13221	0	0	0	0	0	0	1	0
K09705	34	33	7	70	86	16	289	9
K13222	38	28	0	1	4	0	8	0
K09706	9	8	0	0	0	0	5	0
K13223	165	142	0	0	1	0	0	0
K09707	8	10	0	17	19	9	65	0
K13224	0	0	0	0	0	0	0	0
K09708	0	0	0	0	0	0	0	0
K13225	0	0	0	0	0	0	0	0
K09709	23	14	4	61	56	27	379	7
K13226	0	1	0	0	0	0	0	0
K13227	1	1	0	0	0	0	2	0
K06691	0	0	0	0	1	0	0	0
K00610	1	0	0	2	10	3	11	0
K06692	0	0	0	0	0	0	0	0
K00611	103	106	41	412	578	173	2392	63
K13229	1	1	0	0	0	0	0	0
K06693	0	0	0	0	1	0	0	0
K00612	82	136	50	613	1018	285	4041	135
K11990	3	1	1	4	4	0	10	2
K06694	1	0	0	2	3	1	15	0
K00613	1	2	2	18	21	19	165	5
K06695	1	0	0	0	0	0	0	0
K11991	60	75	14	148	250	55	854	28
K11992	0	0	0	0	0	1	4	0
K06696	0	0	0	0	0	0	0	0
K00615	354	361	104	1597	1941	607	8173	204
K11993	0	0	0	0	0	1	2	0
K06697	0	0	0	0	0	0	0	0
K00616	110	127	62	658	817	245	3125	107
K11994	0	0	0	0	0	0	0	0
K06698	0	0	0	0	0	0	0	0
K00618	0	0	0	0	1	0	1	0
K11995	0	0	0	0	0	0	0	0
K06699	2	1	1	0	0	0	2	0
K22410	0	0	0	0	0	0	0	0
K11996	0	0	1	1	2	1	6	1
K00619	17	12	6	67	91	15	292	7
K22411	0	0	0	0	0	0	0	0
K11997	1	2	3	18	37	11	84	4
K11998	0	0	0	0	0	0	0	0
K11999	0	0	0	0	1	0	0	0
K22414	0	0	0	0	0	0	0	0
K22415	4	2	0	1	0	0	0	0
K22416	1	1	0	1	4	3	25	0
K01480	108	134	26	422	708	123	1763	53
K22417	1	3	0	1	0	0	2	0
K01481	6	7	0	4	14	2	14	2
K22418	0	1	0	0	2	0	4	1
K01482	10	11	5	52	87	15	305	10
K22419	188	172	0	0	0	0	2	0
K01483	42	20	0	10	19	8	91	1
K01484	34	28	5	25	63	16	269	4
K19760	1	0	0	3	8	0	31	3
K15885	1	5	1	6	20	5	52	4
K05360	0	0	0	0	0	0	1	0
K01485	109	112	21	321	349	97	1446	44
K19761	1	1	0	0	0	0	6	0
K05361	0	0	0	2	0	0	7	0
K15886	0	1	2	31	20	3	51	2
K01486	92	80	18	137	335	51	847	19
K19762	0	0	0	0	2	1	3	0
K05362	0	0	0	1	2	0	1	0
K01487	137	117	10	142	238	63	1039	27
K19763	0	0	0	0	0	0	0	0
K15888	1	1	0	6	17	7	11	2
K05363	6	10	4	24	53	4	106	4
K01488	76	116	38	420	554	95	1472	47
K15889	2	0	0	0	0	0	2	0
K05364	21	38	9	229	415	42	794	36
K01489	42	39	10	121	196	30	569	33
K19765	0	0	0	0	0	0	0	1
K05365	36	35	12	180	287	91	1002	39
K19766	0	0	0	0	0	0	0	0
K05366	441	482	75	1043	2049	601	6748	155
K19767	0	0	0	0	0	0	0	0
K05367	142	145	12	172	215	84	1221	29
K19768	0	0	0	0	0	0	0	0
K05368	6	2	1	18	8	5	68	2
K05369	0	0	0	0	1	0	0	0
K19769	0	0	0	0	0	0	0	0
K10670	0	0	0	4	19	2	19	1
K10671	0	0	0	13	22	24	77	1
K09250	488	442	0	2	3	0	6	0
K10672	0	0	2	19	58	44	161	6
K09251	8	13	4	94	68	11	269	9
K10673	3	2	0	4	1	0	2	0
K09252	2	0	2	7	10	13	120	3
K09253	0	0	0	0	0	0	0	0
K10674	17	25	6	58	81	27	357	13
K10675	0	0	0	0	0	0	0	0
K09254	0	0	1	0	0	0	1	0
K10676	28	20	3	82	40	17	298	5
K10677	0	3	0	1	1	0	4	0
K09256	0	0	0	0	0	0	1	0
K10678	3	0	0	2	4	4	34	0
K09257	0	0	0	0	0	0	3	1
K10679	1	2	0	2	0	1	20	0
K09258	0	0	0	1	2	0	6	0
K14560	0	0	0	0	0	0	0	0
K01940	122	137	39	445	786	228	2987	67
K14561	1	1	0	0	0	0	2	0
K01941	73	62	12	169	220	60	963	32
K00161	97	150	63	707	984	277	3265	103
K14562	0	0	0	0	0	0	0	0
K01942	0	1	0	0	0	0	1	0
K00162	162	165	76	752	967	333	3721	110
K14563	1	0	0	0	0	0	1	0
K00163	158	210	75	828	1051	404	5034	108
K14564	0	0	0	10	21	3	10	2
K00164	418	473	67	912	1550	435	6012	114
K18440	0	0	0	0	0	0	0	0
K14565	4	0	0	0	3	0	4	0
K05820	73	65	9	89	163	53	676	20
K01945	114	166	49	602	844	213	2914	81
K04040	0	0	0	5	26	5	54	1
K05821	0	0	0	0	0	0	0	0
K18441	0	0	0	0	0	0	1	0
K14566	0	0	0	0	0	0	1	0
K01946	0	0	0	0	3	0	3	0
K04041	4	9	1	9	28	0	61	0
K00166	78	100	29	247	379	57	1051	28
K18442	2	1	0	0	2	0	7	0
K14567	1	0	0	0	0	0	2	0
K05822	0	0	0	0	14	0	10	0
K01947	11	19	0	7	7	5	145	0
K04042	126	133	30	460	725	138	1886	65
K00167	56	48	17	228	347	75	1031	28
K01948	0	0	1	1	2	2	15	0
K18443	5	0	0	0	1	0	5	0
K14568	0	0	1	4	17	1	8	0
K05823	0	0	0	0	4	0	9	0
K04043	180	237	97	892	1435	370	5437	191
K18444	0	0	0	0	0	0	2	0
K14569	1	1	0	1	0	0	6	0
K05824	2	0	1	4	16	0	25	1
K01949	6	8	2	22	53	21	206	3
K04044	48	46	10	114	128	60	794	29
K00169	1	0	12	137	286	114	1023	19
K18445	0	1	1	2	11	1	12	2
K05825	70	125	23	329	470	78	1217	55
K04045	15	6	1	22	17	2	148	4
K18446	5	4	0	5	17	7	54	1
K05826	2	3	0	11	41	8	62	4
K04046	68	63	5	54	65	23	445	9
K18447	1	0	0	0	0	0	1	0
K05827	6	13	6	28	114	11	118	9
K04047	52	72	15	128	191	92	993	31
K18448	0	0	0	0	0	0	0	0
K05828	1	1	0	6	39	7	41	6
K04049	0	0	0	0	0	0	0	0
K18449	0	0	0	0	0	0	0	0
K05829	2	8	2	13	85	8	85	4
K09710	55	60	15	128	218	66	752	21
K09711	0	0	0	1	11	0	12	0
K09712	1	0	0	0	3	2	20	1
K09713	0	0	0	0	0	0	0	0
K09714	0	0	0	0	0	0	0	0
K09715	0	0	0	0	1	2	2	0
K13232	4	3	0	0	0	0	0	0
K09716	2	0	0	4	20	6	11	1
K09717	0	0	0	0	1	0	2	0
K09718	0	0	0	0	0	0	0	0
K13234	0	0	0	0	0	0	0	0
K09719	0	0	0	0	0	0	0	0
K13236	0	0	0	3	1	2	5	0
K13237	0	0	0	2	15	5	50	3
K00620	107	108	24	410	544	106	1819	54
K13238	0	0	0	0	1	0	9	0
K00621	1	1	0	11	13	0	18	0
K13239	0	0	0	3	1	0	5	0
K00622	2	1	0	7	3	0	25	2
K00623	0	0	0	0	0	0	0	0
K00624	1	1	1	9	9	2	7	0
K04500	0	0	0	0	0	0	0	0
K18900	22	23	0	9	11	3	87	1
K00625	25	19	15	173	222	145	1641	28
K04501	0	0	0	0	0	0	0	0
K18901	55	44	2	62	52	21	307	4
K00626	606	653	173	2452	2950	839	11935	286
K04502	0	0	0	0	0	0	0	0
K18902	116	102	10	106	123	81	1124	23
K00627	203	236	75	805	1295	378	4190	144
K00628	0	0	0	0	0	0	0	0
K04503	0	0	0	0	0	0	0	0
K18903	33	51	4	32	25	11	159	9
K04504	0	0	0	0	0	0	0	0
K22420	0	0	0	0	0	0	0	0
K00629	0	0	0	0	0	0	2	0
K18904	26	10	0	3	0	2	21	0
K22421	0	0	0	0	0	0	0	0
K04505	1	0	0	0	0	0	0	0
K18905	6	1	0	0	0	1	6	0
K18906	0	0	0	0	0	0	0	0
K22422	0	0	0	0	0	0	1	0
K04506	145	136	0	3	1	2	15	2
K22423	0	0	0	0	0	0	0	0
K04507	0	0	0	0	0	0	1	0
K18907	0	1	5	33	32	0	37	3
K22424	2	5	9	30	54	25	244	8
K18908	0	0	0	0	1	1	15	1
K04508	0	2	6	34	43	0	72	8
K18909	0	2	0	0	0	0	1	0
K22426	0	0	0	0	0	0	3	0
K15890	0	0	0	1	0	0	1	0
K01490	0	0	0	0	0	0	0	0
K22427	0	0	0	0	0	0	0	0
K15891	0	0	0	6	9	1	27	1
K01491	112	147	28	386	612	115	1930	45
K15892	0	1	0	0	0	0	4	0
K01492	0	0	0	2	1	0	1	0
K15893	0	1	2	9	26	2	32	8
K01493	11	13	1	28	66	17	195	10
K15894	23	15	9	43	112	35	438	14
K01494	76	67	25	264	408	88	1225	39
K19770	0	0	0	0	0	0	0	0
K15895	0	0	0	0	2	0	3	0
K05370	0	0	0	0	0	0	0	0
K01495	95	110	16	244	416	154	1826	39
K05371	0	1	0	0	1	0	0	0
K19771	0	0	0	0	0	0	0	0
K15896	0	0	0	3	1	0	4	0
K01496	50	41	8	102	168	54	578	19
K19772	0	0	0	0	0	0	0	0
K15897	0	0	0	10	7	3	35	0
K05372	4	6	0	4	3	0	25	0
K01497	29	47	13	95	171	37	498	10
K19773	0	0	0	0	0	0	0	0
K15898	9	7	3	9	31	2	146	4
K05373	13	13	0	0	8	0	13	0
K01498	9	2	3	9	22	1	39	1
K19774	0	0	0	0	0	0	0	0
K15899	1	0	0	0	0	0	3	0
K05374	0	1	0	0	0	0	0	0
K01499	4	7	3	52	67	14	256	7
K19775	3	1	0	3	1	0	4	0
K05375	11	25	2	17	33	2	81	4
K05376	0	0	0	0	0	0	0	0
K19776	2	0	0	4	5	0	21	1
K05377	0	0	0	0	0	0	0	0
K19777	1	0	0	2	0	2	19	0
K19778	0	0	2	25	4	8	59	3
K05378	0	0	0	0	1	0	2	0
K05379	0	0	0	0	0	0	0	0
K19779	0	0	0	0	0	0	0	0
K10680	78	91	6	131	74	44	641	13
K10681	0	3	1	5	20	3	26	1
K09260	10	8	0	0	0	0	0	0
K09261	0	0	0	0	0	0	0	0
K10682	0	0	0	2	9	0	6	1
K09262	0	0	0	0	0	0	0	0
K10683	2	1	0	0	1	2	6	0
K10684	0	0	1	0	0	0	1	0
K10685	2	1	0	1	2	0	1	0
K09264	3	2	0	0	0	0	0	0
K21100	0	0	0	0	0	0	0	0
K10686	2	0	0	1	1	1	0	0
K09265	0	0	0	0	0	0	0	0
K09266	0	0	0	0	0	0	0	0
K10687	0	0	0	0	0	0	0	0
K21102	0	0	0	0	0	0	1	0
K10688	0	0	0	0	0	0	1	0
K09267	0	0	0	0	0	0	0	0
K09268	0	0	0	0	0	0	0	0
K10689	0	0	0	0	0	0	0	1
K21103	0	0	0	0	1	0	4	0
K09269	0	0	0	0	0	0	0	0
K21104	5	13	3	11	32	0	17	2
K21105	13	34	6	75	71	45	648	11
K14570	2	0	0	1	2	0	6	4
K01950	177	201	43	632	812	211	3021	70
K00170	0	1	11	85	111	64	454	6
K14571	0	1	0	0	2	1	10	0
K00171	1	1	7	60	57	36	237	3
K01951	227	219	60	701	1141	300	3865	105
K21108	0	0	0	0	0	0	0	0
K14572	1	2	0	0	2	0	12	1
K00172	1	1	4	56	76	25	183	4
K01952	322	417	99	1108	1884	533	7099	183
K21109	0	0	0	0	0	0	0	0
K14573	0	0	0	0	1	0	3	1
K01953	299	309	151	1586	2895	693	10726	321
K14574	0	0	0	2	20	5	14	1
K00174	53	78	61	758	1135	352	4357	88
K01954	0	0	0	2	6	2	30	1
K04050	0	0	0	0	0	0	0	0
K18450	0	0	0	0	0	0	0	0
K14575	4	4	0	1	2	0	6	0
K05830	0	1	2	17	80	11	99	7
K00175	29	54	37	418	617	192	2505	65
K01955	302	307	99	1179	2003	625	7992	186
K18451	0	0	0	0	0	0	0	0
K04051	0	0	0	0	0	0	0	0
K05831	4	5	2	41	97	10	128	6
K00176	0	0	2	23	22	2	79	1
K01956	110	122	36	419	703	214	2440	52
K04052	0	0	0	0	0	0	0	0
K05832	20	14	3	39	39	24	325	4
K00177	0	0	0	20	33	10	86	0
K18453	1	2	0	0	0	0	0	0
K14578	18	10	0	15	19	11	92	5
K05833	20	14	2	18	51	24	230	8
K04053	0	0	0	0	0	0	0	0
K01958	134	143	20	232	338	78	1345	34
K18454	0	0	0	0	1	0	0	0
K14579	0	0	0	2	1	1	3	0
K05834	27	25	0	9	11	6	103	0
K04054	6	6	0	0	0	0	4	0
K00179	25	34	16	210	259	73	1091	35
K01959	27	29	10	97	119	20	295	9
K04055	0	0	0	0	0	0	0	0
K05835	0	1	0	0	0	1	6	0
K18455	5	10	13	74	113	10	248	5
K04056	0	0	0	0	0	0	5	0
K18456	21	5	3	50	39	10	215	3
K05836	61	44	0	22	24	24	207	0
K04057	0	0	0	0	0	0	0	0
K18457	4	4	4	70	47	21	231	2
K05837	87	84	25	325	608	169	2038	56
K18458	0	0	0	0	0	0	0	0
K05838	82	91	20	307	389	85	1276	34
K04058	2	0	0	1	2	0	5	0
K05839	0	0	0	0	0	0	0	0
K18459	15	16	4	56	70	20	296	8
K04059	0	0	0	0	0	0	0	0
K09720	0	0	0	0	0	0	1	0
K09721	0	0	0	3	10	0	1	1
K09722	0	0	0	7	19	6	11	0
K09723	0	0	0	8	16	8	13	0
K09724	0	0	0	0	0	0	0	0
K13240	0	0	0	1	0	0	2	0
K09725	0	0	0	0	0	0	0	0
K13241	0	0	0	1	0	0	2	0
K13242	0	0	0	1	0	0	1	0
K09726	3	13	6	67	100	18	259	15
K09727	0	0	0	0	0	0	0	0
K13243	6	11	0	4	16	4	75	1
K09728	0	0	0	0	1	0	0	0
K13244	0	0	0	0	0	0	1	0
K13245	83	65	6	155	90	66	753	20
K09729	0	0	0	1	4	0	0	0
K13246	6	3	0	5	17	7	76	1
K13247	0	0	0	0	0	0	5	0
K00630	1	1	0	0	1	0	4	0
K13248	1	0	0	0	0	0	2	0
K00631	55	69	8	127	163	54	709	17
K13249	0	0	0	0	0	0	1	0
K00632	229	243	58	791	1029	243	3866	86
K00633	12	9	0	18	27	2	67	2
K00634	8	9	7	98	72	63	753	14
K04510	0	0	0	0	0	0	0	0
K18910	56	58	4	53	134	25	368	8
K00635	4	34	17	217	274	39	819	16
K18911	17	13	14	128	183	18	319	19
K04511	0	0	0	0	0	0	0	0
K00637	0	0	0	0	0	0	0	1
K18912	10	29	11	200	283	64	801	32
K04512	0	0	0	1	3	0	3	0
K18913	0	1	1	6	4	0	6	0
K04513	0	0	0	1	2	0	10	1
K00638	35	23	1	12	20	11	94	1
K22430	0	0	0	8	4	0	27	0
K18914	0	0	0	1	2	0	16	0
K04514	0	0	0	0	2	0	0	0
K00639	123	186	31	381	557	232	2604	63
K22431	0	0	0	2	1	0	4	0
K18915	0	0	0	2	3	0	2	0
K04515	5	9	0	2	5	1	21	0
K22432	1	0	2	12	31	1	22	4
K18916	6	4	0	9	31	3	39	1
K04516	9	23	4	26	64	12	245	7
K18917	2	7	3	18	24	1	50	2
K04517	62	81	27	241	350	59	1016	36
K18918	9	3	0	0	6	1	17	0
K04518	59	70	21	196	309	51	797	30
K18919	0	0	0	0	0	0	0	0
K22437	0	0	0	0	0	0	0	0
K22438	1	0	0	0	0	0	1	0
K22439	31	29	0	1	0	0	1	1
K08402	0	0	0	0	0	0	0	0
K19780	0	0	0	0	0	0	0	0
K05380	0	0	0	0	4	0	4	0
K05381	0	0	0	0	0	0	0	0
K13700	0	0	0	0	0	0	1	0
K19781	0	0	0	0	0	0	0	0
K05382	0	0	0	0	0	0	0	0
K13701	0	0	0	0	0	0	3	0
K19782	0	0	0	0	1	0	1	0
K05383	0	0	0	0	2	1	2	0
K13702	0	0	0	0	0	1	1	0
K19783	1	1	0	3	3	0	5	0
K19784	31	56	5	105	181	69	858	10
K13703	0	1	0	0	2	1	7	0
K08407	0	0	0	0	0	0	0	0
K05384	0	0	2	6	15	4	68	4
K08408	0	0	0	0	0	0	0	0
K13704	0	0	0	0	2	0	6	0
K19785	0	0	0	0	2	0	1	0
K05385	0	1	0	3	8	1	25	1
K08409	0	0	0	0	0	0	0	0
K19786	0	0	0	0	0	0	0	0
K13705	0	0	0	0	1	0	2	0
K05386	1	1	1	7	17	4	59	6
K13706	0	0	0	0	0	0	1	0
K19787	0	0	0	0	0	0	9	1
K05387	18	14	0	0	4	0	11	0
K13707	0	0	0	0	0	0	0	0
K19788	0	1	0	1	1	0	4	0
K19789	3	9	3	14	51	3	148	6
K13708	0	0	0	1	1	0	1	1
K05389	0	0	0	0	0	0	4	0
K13709	0	0	0	0	0	0	0	0
K09270	0	0	0	0	0	0	0	0
K10691	0	2	0	0	0	0	8	0
K09271	0	0	0	0	0	0	0	0
K10692	0	0	0	0	0	0	1	0
K10693	0	0	0	0	2	0	2	1
K09272	1	0	0	0	0	0	4	0
K10694	0	0	0	0	0	0	1	0
K09273	0	0	0	0	1	0	0	0
K09274	0	0	0	1	0	0	1	0
K10695	0	0	0	0	0	0	1	0
K09275	0	0	0	0	0	0	0	0
K21110	0	0	0	0	0	0	0	0
K10696	8	12	1	1	0	0	4	0
K21111	0	0	0	0	0	0	0	0
K09276	0	0	0	0	0	0	1	0
K10697	0	0	0	0	4	1	13	0
K21112	0	0	0	0	0	0	0	0
K10698	0	0	0	0	0	0	1	0
K09277	0	0	0	0	0	0	0	0
K09278	0	0	0	0	0	0	0	0
K10699	0	0	0	0	2	0	0	0
K21113	0	6	0	4	2	0	15	1
K09279	0	0	0	0	0	0	0	0
K21114	0	6	0	4	2	0	14	1
K21115	0	0	1	6	1	0	13	1
K21116	0	3	0	6	1	1	24	0
K14580	1	0	1	2	3	0	4	0
K01960	12	10	3	39	81	43	215	3
K00180	10	23	4	73	54	27	440	10
K21117	0	2	0	4	5	2	28	1
K14581	14	14	0	12	22	10	99	0
K01961	154	148	48	563	886	266	3505	75
K00181	0	0	0	0	0	0	0	0
K00182	0	0	0	0	0	0	0	0
K21118	0	2	0	0	0	0	3	0
K14582	2	0	0	0	5	0	8	0
K01962	99	106	24	293	502	143	1971	40
K21119	0	1	1	15	18	0	45	1
K14583	1	1	0	1	3	0	21	0
K01963	96	109	17	292	506	140	2039	48
K00183	0	0	0	3	7	2	28	0
K01964	0	0	0	0	1	0	4	0
K14584	8	14	2	31	22	30	241	3
K00184	47	91	41	480	787	280	3404	81
K05840	0	0	0	0	0	0	0	0
K04060	3	0	0	1	0	0	1	0
K18460	0	0	0	0	0	0	3	0
K14585	0	0	0	2	8	8	46	0
K01965	99	123	25	396	387	132	1706	37
K00185	26	37	19	243	481	182	2001	54
K18461	0	0	0	0	0	0	0	0
K05841	36	40	1	29	74	0	101	2
K01966	108	128	41	525	785	261	3397	62
K04061	20	10	0	12	21	5	90	2
K00186	0	0	0	21	15	8	85	1
K05842	0	0	0	0	0	0	0	0
K14587	0	0	0	1	1	0	1	0
K18462	0	0	0	0	0	0	0	0
K04062	3	2	0	1	1	0	15	0
K00187	0	0	2	29	26	11	93	2
K05843	0	0	0	0	0	0	0	0
K18463	0	0	0	0	0	0	0	0
K00188	0	0	0	0	0	0	1	0
K14588	6	4	0	13	36	3	67	2
K01968	125	149	32	393	569	154	2248	39
K04063	45	55	10	122	221	83	799	21
K00189	0	0	0	1	0	0	2	0
K18464	0	0	0	0	2	0	1	0
K14589	0	0	0	0	0	0	2	0
K05844	37	42	12	119	195	35	531	23
K01969	118	92	22	303	454	166	2288	39
K04064	2	0	0	0	1	0	1	0
K18465	0	0	0	0	0	0	1	0
K05845	78	109	20	378	443	130	1712	47
K04065	30	29	10	50	182	65	603	22
K18466	0	0	0	0	0	0	1	0
K05846	92	130	15	361	516	124	1843	49
K04066	229	222	48	583	961	196	2842	70
K04067	0	0	0	0	0	0	0	0
K18467	0	0	0	0	1	0	2	0
K05847	42	65	10	189	287	62	924	35
K05848	0	0	0	0	1	0	0	0
K18468	0	0	0	0	0	1	3	0
K04068	4	2	2	28	29	8	112	3
K18469	2	0	0	0	1	0	3	0
K05849	0	0	0	1	2	0	8	0
K04069	22	24	18	212	225	97	1086	41
K09730	0	0	0	0	0	1	2	0
K09731	0	0	0	0	0	0	0	0
K09732	0	0	0	0	1	1	1	0
K09733	0	0	0	7	10	0	12	1
K13250	0	0	0	0	0	0	1	0
K13251	0	0	0	0	0	0	0	0
K09735	0	0	0	1	15	2	3	2
K13252	18	11	2	24	54	27	244	2
K09736	0	0	0	5	7	0	2	2
K09737	0	0	0	0	0	0	0	0
K09738	0	0	0	1	14	1	6	0
K13254	0	0	0	1	1	0	1	0
K09739	0	0	0	0	0	0	0	0
K13255	21	6	0	1	3	1	7	0
K13256	3	0	2	6	6	8	41	0
K13257	0	0	0	0	0	0	0	0
K00640	118	89	14	197	283	76	1255	26
K13258	0	0	0	0	0	0	0	0
K00641	99	106	19	453	440	229	2792	65
K13259	49	43	0	0	0	0	3	1
K00643	63	41	11	148	150	70	822	13
K18920	0	0	0	0	0	0	0	0
K04520	0	0	0	0	0	0	0	0
K00645	98	130	23	381	607	138	2113	54
K18921	0	0	0	0	0	0	0	0
K04521	0	0	0	0	1	0	0	0
K00646	21	31	4	23	36	22	295	4
K18922	0	0	0	0	0	0	0	0
K04522	0	0	0	0	0	0	0	0
K00647	147	161	19	151	231	131	1389	28
K18923	3	0	0	1	1	0	5	0
K04523	0	0	0	2	2	0	2	0
K00648	164	220	42	605	891	266	3609	77
K04524	0	0	0	0	0	0	0	0
K22440	0	0	0	1	0	0	1	1
K18924	0	0	0	0	2	0	2	0
K00649	0	0	0	1	1	0	6	0
K22441	15	20	3	15	39	7	172	5
K18925	0	0	0	0	1	0	0	0
K04525	0	0	0	1	3	1	15	1
K22442	0	0	0	0	0	0	0	0
K04526	0	0	0	0	0	0	0	0
K18926	24	63	5	32	65	16	277	4
K18927	0	0	0	0	0	0	0	0
K22443	7	7	1	13	9	8	62	3
K04527	0	0	0	0	1	0	2	0
K04528	0	0	0	0	0	0	0	0
K22444	1	1	1	1	1	2	9	0
K18928	30	38	13	132	194	38	638	23
K04529	0	0	0	1	0	0	0	0
K22445	10	45	22	236	258	47	782	29
K18929	42	48	23	237	355	72	1201	32
K22446	0	0	0	0	1	0	0	0
K22447	0	1	0	45	142	32	113	2
K08410	0	0	0	0	0	0	0	0
K19790	0	0	0	0	0	0	0	0
K13710	0	0	0	0	1	0	0	0
K19791	128	107	1	2	1	0	7	1
K05391	69	61	0	0	1	1	8	0
K19792	0	0	0	0	0	0	0	0
K13711	1	0	0	0	1	0	2	0
K13712	0	0	0	0	0	0	0	0
K19793	0	0	0	0	1	0	2	0
K19794	0	2	3	29	24	8	108	1
K13713	8	0	6	55	43	26	281	4
K19795	1	1	0	17	16	1	64	1
K13714	0	0	0	0	4	0	5	0
K13715	0	0	0	0	0	0	0	0
K05396	36	36	16	141	207	36	601	12
K13716	0	0	0	0	0	0	0	0
K05397	0	0	0	0	0	0	0	0
K19798	0	0	0	0	0	0	0	1
K05398	0	0	0	0	0	0	0	0
K13717	0	0	0	0	0	0	0	0
K19799	0	0	0	0	0	0	0	1
K05399	1	1	0	1	0	0	0	0
K13718	0	0	0	0	0	0	0	0
K13719	0	0	0	0	0	0	0	0
K09280	0	0	0	0	0	0	0	0
K09281	0	0	0	0	0	0	0	0
K17600	0	0	1	0	0	0	3	0
K03200	7	10	2	7	9	2	70	3
K09282	0	0	0	0	0	0	0	0
K17601	0	0	1	1	0	0	3	0
K03201	29	32	1	17	25	7	161	2
K09283	0	0	0	0	0	0	0	0
K17602	0	0	0	0	0	0	0	0
K03202	1	3	0	0	1	0	1	0
K17603	0	0	0	0	0	0	0	0
K09284	0	0	0	0	0	0	1	0
K03203	34	20	1	7	14	11	112	3
K17604	117	99	0	0	1	0	4	0
K09285	4	2	0	0	0	0	5	0
K03204	22	23	2	21	27	15	175	4
K21121	0	0	0	0	0	1	1	1
K17605	0	0	0	0	0	0	2	0
K09286	10	18	1	2	0	0	6	0
K03205	109	60	12	91	162	22	639	19
K21122	0	0	0	0	0	0	0	0
K17606	1	0	0	1	2	0	2	0
K03206	0	0	0	1	0	0	6	0
K09287	2	1	0	0	0	0	0	0
K09288	0	0	0	0	0	0	0	0
K21123	0	0	0	0	0	0	0	0
K17607	0	0	0	0	0	0	0	0
K03207	2	0	3	19	12	7	65	3
K09289	0	0	0	0	0	0	0	0
K21124	0	0	0	0	0	0	0	0
K17608	1	0	0	4	5	0	10	0
K03208	29	21	2	26	67	17	277	10
K03209	0	0	0	0	0	0	0	0
K21125	0	1	0	1	1	1	4	0
K17609	90	88	0	0	0	0	5	0
K14590	0	0	0	0	0	0	0	0
K14591	2	0	0	4	12	1	23	0
K01971	390	463	128	1415	2455	528	7718	224
K21128	0	0	0	0	0	0	0	0
K00192	0	0	0	0	0	0	0	0
K14592	0	0	0	0	0	0	4	1
K01972	221	238	75	782	1342	283	3719	111
K01973	0	0	0	0	0	0	0	0
K00193	0	0	0	0	0	0	1	0
K14593	0	0	0	0	0	0	0	0
K14594	0	0	0	0	0	0	0	0
K01974	21	22	0	37	75	9	174	7
K00194	0	0	2	1	8	0	5	1
K14595	0	0	0	0	0	0	0	0
K18470	0	0	0	0	1	0	1	0
K00195	0	0	0	0	0	0	0	0
K05850	0	0	2	1	3	0	7	0
K01975	72	58	7	131	246	47	651	22
K04070	1	0	3	37	115	8	87	11
K00196	0	0	0	0	1	1	6	1
K18471	0	1	3	21	23	0	79	3
K14596	7	11	1	3	4	8	53	5
K05851	18	1	0	0	2	0	4	0
K18472	5	10	4	56	33	3	104	1
K14597	0	1	0	9	25	1	80	2
K04072	8	10	4	103	94	45	527	11
K00197	1	0	0	6	21	5	49	0
K05853	1	2	0	0	1	1	14	0
K00198	4	0	0	1	7	0	16	0
K18473	6	1	0	2	15	0	25	1
K14598	0	1	1	0	0	0	5	0
K04073	13	14	2	47	56	28	245	3
K05854	0	0	0	0	0	0	0	0
K18474	0	0	0	4	13	1	17	1
K04074	4	6	5	37	105	14	174	10
K18475	4	7	3	11	24	0	44	8
K05855	2	0	0	0	0	0	0	1
K04075	110	110	21	268	453	74	1310	45
K05856	0	0	0	0	0	0	0	0
K18476	5	4	1	6	4	3	51	0
K04076	3	10	4	55	82	17	175	8
K18477	0	0	0	1	1	0	5	0
K05857	4	1	0	1	0	0	11	0
K04077	205	235	94	904	1318	547	7641	135
K18478	9	9	1	35	52	6	212	7
K05858	0	0	0	0	0	0	0	0
K04078	103	63	22	204	348	117	1398	41
K05859	0	0	0	0	0	0	0	0
K18479	4	2	0	1	0	0	6	0
K04079	135	159	23	310	357	112	1686	50
K09740	6	12	0	15	25	4	125	5
K09741	0	0	0	0	3	0	1	0
K09742	0	0	0	0	0	0	1	0
K09743	0	0	0	0	0	0	0	0
K13260	0	0	0	0	1	1	3	0
K09744	3	16	2	31	108	8	56	3
K09745	0	0	0	0	0	1	1	0
K13261	0	1	0	0	0	0	0	0
K09746	0	0	0	0	2	0	0	0
K13262	49	43	0	0	0	0	3	1
K09747	47	50	11	137	214	60	712	15
K13264	0	0	0	0	0	0	4	0
K09748	56	65	10	141	226	50	593	24
K13265	0	0	0	0	0	0	0	0
K09749	18	15	1	8	27	1	91	1
K13267	0	0	0	0	0	0	0	0
K00650	0	0	0	7	15	2	61	0
K00651	35	24	1	29	38	14	158	4
K13269	0	1	0	0	0	0	0	0
K00652	108	113	26	293	433	146	1784	56
K00653	0	0	0	0	0	0	0	0
K00654	4	7	0	20	38	15	111	3
K04530	0	0	0	1	0	0	0	0
K18930	43	48	8	145	171	67	809	14
K00655	195	213	47	541	876	226	2973	70
K04531	0	0	1	0	0	0	0	0
K18931	0	0	0	0	1	0	0	0
K00656	14	6	18	192	113	202	1836	31
K18932	0	0	0	0	0	0	4	1
K04532	0	0	0	0	0	0	6	0
K00657	23	29	5	59	122	17	276	7
K04533	0	0	0	1	0	0	2	0
K18933	1	12	2	38	56	7	155	2
K00658	170	167	40	493	893	225	2916	72
K18934	0	0	0	0	0	0	0	0
K22450	0	0	0	0	0	0	0	0
K04534	0	0	0	0	3	0	4	0
K00659	0	1	0	3	0	1	5	0
K04535	0	0	0	0	0	0	0	0
K22451	6	4	4	56	82	12	268	5
K18935	0	0	0	3	14	2	31	3
K18936	0	0	0	0	1	0	0	0
K04536	0	0	0	1	2	1	6	1
K22452	50	64	1	44	108	43	660	6
K18937	0	0	0	0	0	1	4	0
K22453	0	0	0	0	0	0	0	0
K04537	0	0	0	0	1	1	3	0
K22454	0	0	0	0	0	0	0	0
K04538	0	0	0	0	1	1	3	0
K04539	0	1	0	0	0	0	1	0
K22455	0	0	0	0	0	0	0	0
K18939	3	5	1	18	38	5	63	2
K22456	0	0	0	0	0	0	0	0
K22457	0	1	0	9	21	3	44	1
K08421	0	0	0	0	0	0	0	0
K22459	0	0	0	0	0	0	5	0
K08422	0	0	0	0	0	0	0	0
K08423	0	0	0	0	0	0	0	0
K08424	0	0	0	0	0	0	0	0
K13720	0	0	0	0	1	0	0	0
K08425	0	0	0	0	0	0	0	0
K13721	0	0	1	4	7	2	29	1
K13722	0	0	0	6	39	1	22	0
K08427	0	0	0	0	0	0	0	0
K13723	1	1	1	1	0	0	5	0
K13724	0	0	0	0	0	0	0	0
K08428	0	0	0	0	0	0	0	0
K13725	0	0	0	1	1	1	1	0
K13726	4	0	1	3	10	6	57	0
K13727	1	0	0	0	1	0	4	0
K13728	1	0	0	0	0	0	0	0
K13729	0	0	0	0	0	0	1	0
K09290	0	0	0	0	0	0	0	0
K17610	0	0	0	0	0	0	0	0
K09291	1	1	0	0	0	0	5	0
K03210	52	50	5	96	143	82	660	15
K09292	0	0	0	0	0	0	0	0
K03211	0	0	0	0	0	0	0	0
K17611	0	0	0	0	0	0	0	0
K09293	0	0	0	0	0	0	0	0
K17612	0	0	0	0	0	0	0	0
K03212	4	7	1	4	6	0	23	0
K03213	0	0	0	0	0	0	0	0
K09294	0	0	0	0	0	0	0	0
K17613	1	0	0	0	0	0	2	0
K09295	0	0	0	0	0	0	0	0
K17614	0	0	1	0	0	0	0	0
K03214	12	6	0	6	9	1	59	0
K09296	0	0	0	0	0	0	0	0
K17615	0	0	0	0	0	0	1	0
K03215	125	150	28	361	509	124	1589	61
K09297	0	0	0	0	0	0	0	0
K21132	0	0	0	0	4	1	26	0
K17616	3	2	0	1	0	0	1	0
K03216	48	45	7	74	98	45	561	10
K09298	0	0	0	0	0	0	0	0
K21133	5	2	1	53	5	27	262	1
K17617	0	0	0	0	2	0	7	0
K03217	158	173	34	401	635	245	2505	69
K09299	0	0	0	0	0	0	0	0
K21134	46	21	8	235	67	126	1148	17
K17618	0	0	0	0	0	0	1	0
K03218	95	104	13	215	389	53	971	36
K21135	11	1	1	10	12	5	60	4
K17619	0	0	0	0	0	0	3	0
K03219	56	44	4	16	37	8	172	6
K21136	12	2	0	64	20	16	236	9
K21137	14	1	0	6	13	6	65	1
K21138	1	0	1	3	4	1	40	1
K07100	49	70	10	167	446	33	708	16
K07101	19	26	3	46	68	18	244	6
K07102	97	78	12	217	261	108	1272	35
K18480	37	23	0	22	57	18	253	4
K07103	0	0	0	0	1	0	0	0
K05860	0	0	0	0	0	0	0	0
K04080	94	65	5	83	68	59	597	7
K05861	0	0	0	0	0	0	0	0
K04081	0	0	0	0	0	0	0	0
K18481	5	7	1	58	54	2	136	11
K12400	0	0	0	0	0	0	5	0
K07104	48	53	10	151	267	55	717	25
K05862	0	0	0	0	0	0	0	0
K07105	2	0	0	1	2	0	2	0
K12401	0	0	0	0	0	0	0	0
K18482	586	593	0	4	25	11	78	1
K04082	17	25	3	37	46	20	236	4
K18483	0	0	0	0	0	0	0	0
K12402	0	0	0	0	1	0	1	0
K07106	65	77	19	170	234	54	862	32
K05863	0	3	0	1	0	0	1	2
K01988	0	0	0	1	0	0	1	0
K04083	103	74	9	100	189	62	775	16
K18484	0	0	0	0	0	0	0	0
K05864	0	0	0	1	3	0	12	0
K12403	0	0	0	0	0	0	1	0
K07107	166	157	25	340	623	207	2264	59
K01989	36	33	370	4521	1348	1734	16505	968
K04084	116	121	21	196	323	106	1663	52
K05865	0	0	0	0	0	0	1	0
K18485	0	0	0	0	0	0	1	0
K12404	0	0	0	0	0	0	0	0
K07108	0	0	0	1	7	5	12	0
K04085	32	24	7	55	57	43	333	7
K18486	1	0	0	0	0	0	0	0
K12405	0	0	0	1	9	1	30	0
K07109	0	2	0	0	1	0	6	1
K05866	0	0	0	0	0	0	1	0
K04086	0	0	0	2	10	2	26	1
K18487	0	0	0	0	0	0	0	0
K12406	0	0	0	0	1	1	8	0
K05867	0	0	0	0	0	0	1	0
K04087	101	69	6	112	229	106	908	25
K18488	0	0	0	0	0	0	0	0
K12407	0	1	0	0	0	0	0	0
K05868	0	1	0	0	0	0	0	0
K04088	89	76	10	157	262	97	952	14
K18489	0	0	0	0	0	0	0	0
K12408	0	0	0	0	3	0	1	0
K05869	0	0	0	1	1	0	3	0
K12409	0	0	0	0	0	0	0	0
K09750	0	0	0	0	0	0	0	0
K09751	0	0	0	0	1	0	0	0
K09752	0	1	0	0	0	0	0	0
K09753	5	4	0	1	1	0	0	0
K09754	1	2	0	0	0	0	2	0
K09755	1	0	0	0	0	0	0	0
K13272	0	0	0	0	0	0	0	0
K09756	54	54	0	0	0	0	2	0
K09757	0	0	0	0	0	0	0	0
K13273	0	0	0	0	0	0	1	0
K13274	0	0	1	21	79	0	90	9
K09758	8	1	6	60	19	54	494	10
K13275	3	8	2	8	48	2	39	1
K09759	7	12	5	63	89	12	174	6
K13276	4	4	5	49	137	39	364	23
K13277	3	2	14	178	130	35	613	45
K00660	4	3	0	0	0	0	0	0
K13278	1	0	0	0	4	2	8	2
K00661	47	61	9	150	205	29	594	28
K13279	1	0	0	1	2	1	7	0
K00662	20	32	4	23	92	7	176	9
K00663	22	36	10	107	111	20	303	5
K00664	0	0	0	0	0	0	0	0
K18940	1	0	0	1	2	0	5	0
K00665	0	1	0	6	0	0	7	3
K04541	0	0	0	0	0	0	0	0
K18941	0	0	0	4	4	2	19	1
K00666	314	406	163	2528	2312	832	12286	254
K04542	0	0	0	0	0	0	0	0
K00667	0	0	0	0	3	0	13	2
K04543	0	0	0	0	0	0	0	0
K00668	0	0	0	0	1	0	12	2
K04544	0	0	0	0	0	0	0	0
K00669	0	0	0	0	1	0	1	0
K22460	0	0	0	0	0	0	4	0
K04545	0	0	0	0	0	0	0	0
K22461	0	0	0	0	0	0	0	0
K22462	0	0	0	0	1	0	3	0
K04546	0	0	0	0	0	0	0	0
K04547	0	0	0	0	0	0	0	0
K22463	6	6	0	3	1	0	10	3
K04548	0	0	0	0	0	0	0	0
K22464	0	1	0	0	0	0	1	0
K22465	0	0	0	0	2	0	8	0
K22466	0	0	0	2	1	0	1	0
K22467	0	0	0	0	0	0	0	0
K08430	0	0	0	0	0	0	0	0
K22468	68	50	39	287	176	173	2146	53
K22469	0	0	0	1	3	0	5	0
K08433	0	0	0	0	0	0	0	0
K08434	0	0	0	0	0	0	0	0
K13730	2	12	5	41	69	10	251	26
K13731	1	0	0	0	4	0	2	1
K08436	0	0	0	0	0	0	0	0
K13732	0	0	0	0	0	1	2	1
K08437	0	0	0	0	0	0	1	0
K13733	0	0	0	0	1	1	4	1
K13734	0	0	0	0	0	0	0	0
K08439	0	0	0	0	0	0	0	0
K13735	22	45	47	358	567	73	1435	112
K13736	0	0	0	0	0	0	0	0
K13737	0	0	0	0	0	0	0	0
K13738	0	0	0	0	2	0	10	0
K13739	0	0	0	0	0	0	0	0
K17620	3	0	0	0	0	0	0	0
K03220	24	29	1	14	26	6	109	7
K17621	0	0	0	0	0	0	0	0
K03221	0	0	0	0	0	0	1	0
K17622	3	0	0	0	0	0	0	0
K03222	30	27	2	1	12	7	62	1
K17623	3	2	0	8	5	1	18	2
K03223	12	10	0	5	12	0	42	3
K21140	6	27	7	75	124	15	195	13
K17624	8	10	3	22	39	11	127	9
K03224	57	48	1	29	48	15	267	5
K21141	0	0	0	0	0	0	0	0
K03225	24	17	0	1	13	3	58	1
K21142	3	12	10	103	184	18	312	9
K03226	37	18	0	4	12	5	110	1
K21143	0	0	0	0	0	0	0	0
K03227	12	9	1	3	8	2	35	0
K21144	0	0	0	0	0	0	0	0
K03228	36	24	0	4	12	3	66	1
K21145	0	0	0	0	0	0	0	0
K03229	38	33	0	8	13	8	125	0
K21146	1	1	0	0	2	0	5	0
K01990	598	943	400	4553	5851	1278	19765	648
K21147	23	67	17	315	493	81	1179	44
K01991	188	150	31	308	526	164	2448	70
K21148	4	20	15	131	216	21	413	13
K07110	92	70	8	72	165	39	417	12
K01992	612	952	313	3459	4804	1189	16006	499
K07111	0	0	0	0	0	0	0	0
K01993	90	64	22	297	256	91	1547	52
K01994	0	1	0	0	2	0	1	0
K07112	94	67	7	95	281	68	1072	23
K18490	2	0	0	0	0	0	0	0
K05870	0	0	0	0	0	0	0	0
K07113	23	17	2	23	58	9	104	3
K04090	160	179	25	493	537	217	3025	63
K01995	383	431	135	2215	2188	991	11408	285
K18491	4	9	1	17	41	2	53	9
K12410	47	63	16	206	389	97	1044	37
K07114	341	552	137	1098	2221	424	7248	293
K05871	0	0	0	0	0	0	0	0
K04091	64	65	24	331	335	72	1246	35
K01996	368	367	99	1750	1783	795	8953	250
K18492	0	0	0	0	0	0	0	0
K12411	0	0	0	0	0	0	0	0
K07115	70	48	3	70	62	33	375	12
K05872	0	0	0	0	2	1	3	0
K04092	25	15	2	16	34	6	93	3
K01997	508	534	141	2323	2427	1179	12324	338
K18493	0	0	0	0	0	0	0	0
K12412	1	1	0	0	0	0	0	0
K07116	54	44	12	103	307	44	822	23
K05873	5	2	4	32	59	11	210	6
K04093	4	5	4	23	39	5	112	5
K01998	542	596	177	2585	2612	1308	14040	361
K12413	0	0	0	0	0	0	0	0
K18494	0	0	0	0	0	0	0	0
K07117	37	49	13	98	92	59	602	19
K05874	196	171	6	58	57	29	608	14
K04094	62	49	15	203	376	107	1226	21
K01999	727	806	228	3477	3210	1857	17603	480
K18495	0	0	0	0	0	0	0	0
K12414	0	0	0	0	0	0	0	0
K07118	23	42	4	44	36	10	171	5
K05875	108	123	5	37	25	12	348	10
K04095	18	8	2	8	9	2	55	3
K18496	0	0	0	0	0	0	0	0
K07119	90	102	14	330	267	134	1624	39
K05876	5	3	0	1	0	0	17	0
K04096	122	128	24	323	659	103	1573	46
K18497	0	0	0	0	0	0	0	0
K12416	0	0	0	0	0	0	0	0
K05877	4	1	0	0	1	0	8	0
K04097	0	2	0	1	5	3	24	0
K12417	0	0	0	1	1	0	0	0
K18498	0	0	0	0	0	0	0	0
K05878	55	64	6	147	149	31	699	15
K04098	20	19	2	67	49	26	318	11
K18499	0	0	0	0	0	0	0	0
K12418	0	0	0	0	0	0	1	0
K05879	25	35	5	69	109	16	288	8
K04099	8	16	0	67	55	36	410	15
K12419	0	0	0	0	0	0	0	0
K09760	113	98	27	378	416	122	1719	41
K16300	17	16	1	16	43	8	131	4
K09761	78	82	13	168	255	64	872	38
K16301	2	10	1	107	27	4	199	13
K09762	8	16	5	75	82	1	103	4
K16302	2	1	0	0	1	0	9	0
K09763	1	9	3	43	77	18	191	10
K16303	1	2	0	18	11	9	94	4
K13280	1	12	6	31	70	10	164	10
K09764	3	9	9	52	97	12	154	10
K21600	12	17	5	81	193	32	417	9
K16304	0	0	0	0	3	1	14	0
K13281	12	12	1	12	118	5	58	0
K09765	4	2	0	0	6	2	6	0
K21601	0	0	0	0	0	0	2	0
K16305	0	0	0	0	0	0	2	0
K13282	29	33	7	63	192	13	539	16
K09766	0	0	0	3	35	7	56	2
K21602	0	5	0	0	3	0	13	0
K16306	0	0	1	6	25	6	24	1
K13283	26	14	1	35	71	15	192	3
K09767	27	37	12	108	204	72	714	17
K13284	0	0	0	0	0	0	0	0
K16307	0	0	0	1	1	0	2	0
K21603	14	6	1	6	5	4	29	0
K09768	48	23	2	31	62	12	266	7
K16308	0	2	0	1	1	0	5	0
K21604	1	2	0	3	1	1	13	0
K13285	0	0	0	0	0	0	0	0
K09769	33	29	13	184	250	69	1003	28
K13286	0	0	0	0	0	0	0	0
K16309	0	0	0	0	0	0	1	0
K13287	0	0	0	0	0	0	0	0
K21606	8	12	0	7	17	6	72	4
K00670	0	0	0	0	2	0	1	0
K21607	4	10	1	33	11	16	160	5
K13288	37	41	6	58	108	41	452	9
K00671	0	0	0	1	1	0	1	1
K21608	0	0	0	0	1	0	0	0
K13289	0	0	0	2	1	0	3	1
K00672	2	6	2	59	60	14	248	7
K21609	0	0	0	0	1	0	1	0
K00673	34	34	1	16	68	25	321	0
K00674	81	84	29	231	339	81	1383	28
K04550	1	0	0	1	1	0	2	0
K00675	32	58	6	85	90	27	424	13
K04551	0	0	1	0	3	0	3	0
K04552	0	0	0	0	0	0	0	0
K18952	0	0	0	0	1	0	1	0
K00677	73	64	17	187	210	110	1174	28
K00678	0	0	0	0	0	0	0	0
K04553	0	0	0	0	0	0	0	0
K18953	0	0	1	1	3	0	5	0
K22470	0	1	0	0	1	0	2	0
K18954	56	34	1	43	15	18	179	2
K04554	0	0	0	0	0	0	1	1
K00679	0	0	0	0	0	0	1	0
K22471	0	0	0	0	0	0	0	0
K18955	20	38	9	132	147	21	341	11
K04555	0	0	0	0	0	0	0	0
K04556	0	0	0	0	0	0	0	0
K18956	0	0	0	0	0	0	0	0
K04557	0	0	0	0	0	0	0	0
K18957	0	0	0	1	1	1	4	0
K22473	13	5	15	86	62	71	670	25
K04558	0	0	0	0	0	0	1	0
K22474	0	0	0	0	1	0	7	0
K18958	3	8	1	30	21	3	55	4
K04559	0	0	0	0	1	0	0	0
K22476	5	13	2	35	27	1	47	4
K22477	1	3	1	7	8	7	37	4
K08440	0	0	0	0	0	0	0	0
K22478	20	21	2	4	27	18	169	1
K22479	12	12	4	20	40	20	224	5
K08442	0	0	0	0	0	0	0	0
K08443	0	0	0	0	0	0	0	0
K13740	0	0	0	0	0	0	0	0
K08444	0	0	0	0	0	0	0	0
K13741	0	0	0	0	0	0	0	0
K08445	0	0	0	0	0	0	0	0
K08446	0	0	0	0	0	0	0	0
K08447	0	0	0	0	0	0	0	0
K13743	0	0	0	0	0	0	0	0
K13744	0	0	0	0	0	0	0	0
K08449	0	0	0	0	0	0	0	0
K13745	13	28	9	108	144	36	391	14
K13746	8	0	0	0	1	0	10	2
K13747	32	10	2	17	58	11	103	1
K13748	0	0	0	0	0	0	0	0
K13749	0	0	0	0	0	0	0	0
K17630	0	0	0	0	0	0	0	0
K03230	68	52	1	23	62	16	235	7
K17631	0	0	0	0	0	0	0	0
K03231	3	7	0	10	27	11	29	2
K17632	0	0	0	0	0	0	1	0
K03232	5	4	0	3	8	1	5	1
K17633	0	0	0	0	0	0	0	0
K03233	5	4	0	2	1	0	2	0
K17634	0	0	0	0	0	0	0	0
K03234	9	4	0	11	49	14	59	4
K17635	0	0	0	0	0	0	0	0
K03235	1	1	0	2	0	0	8	0
K17636	0	0	0	0	0	0	0	0
K03236	0	0	0	4	16	4	5	1
K21153	0	1	0	1	6	1	7	0
K17637	0	1	0	2	0	0	14	1
K03237	0	1	0	7	22	3	10	1
K17638	0	0	0	0	0	0	0	0
K21154	22	13	0	1	3	2	27	0
K03238	0	0	1	2	10	4	5	0
K21155	0	0	0	0	0	0	0	0
K17639	0	0	0	0	0	0	0	0
K03239	0	0	0	0	2	3	11	3
K21156	0	0	0	0	0	0	0	0
K21157	2	0	0	1	0	0	5	0
K21158	1	0	0	0	0	0	3	0
K08900	24	15	0	14	6	9	53	1
K07120	76	42	5	78	95	34	419	9
K08901	1	0	0	0	0	0	0	0
K21159	59	106	20	261	329	119	1377	47
K07121	23	18	0	16	47	13	238	6
K08902	0	0	0	0	1	0	1	0
K07122	11	13	0	9	32	4	83	0
K05880	0	0	0	0	4	0	0	0
K08903	0	0	0	0	2	0	1	0
K07123	2	4	3	26	19	1	53	2
K08904	0	0	0	0	1	0	1	0
K12420	1	3	1	12	17	5	52	3
K07124	84	120	25	306	353	110	1649	57
K05881	5	11	2	24	32	2	77	4
K08905	0	0	0	0	0	0	0	0
K12421	3	3	1	32	11	8	113	3
K07125	3	0	0	0	2	0	1	0
K05882	38	35	15	152	136	43	734	24
K12422	0	0	0	3	5	0	15	1
K08906	0	0	3	13	17	2	55	3
K07126	343	266	35	477	380	206	2687	80
K08907	0	0	0	0	0	0	1	0
K05884	0	0	1	6	10	3	21	0
K12423	5	5	1	31	17	2	77	2
K07127	52	48	9	90	151	30	431	22
K08908	1	0	0	0	0	0	0	0
K12424	5	12	1	32	30	4	84	1
K07128	0	0	0	1	3	0	13	0
K07129	0	0	0	1	6	1	5	0
K08909	0	0	0	0	0	0	0	0
K12425	5	4	1	12	9	0	24	1
K05886	26	30	1	9	42	13	174	1
K05887	0	0	0	0	1	0	0	0
K12426	5	4	1	20	18	0	70	2
K12427	5	4	1	26	13	1	62	1
K12428	5	6	1	47	34	2	157	2
K05889	6	38	34	372	259	98	1640	80
K12429	2	5	7	69	77	10	145	6
K09770	1	0	0	0	0	0	0	0
K16310	0	0	0	0	1	0	1	0
K09771	26	14	1	11	57	3	108	7
K16311	0	0	0	0	0	0	1	0
K09772	7	17	9	68	97	13	189	10
K16312	0	0	0	0	0	0	0	1
K09773	68	48	10	118	148	77	734	17
K16313	0	0	0	0	0	0	1	0
K09774	55	37	7	106	120	43	577	22
K21610	0	0	0	0	0	0	0	0
K16314	0	0	0	0	0	0	0	0
K13291	0	0	0	0	0	0	3	0
K09775	3	7	1	3	14	0	22	1
K21611	0	0	0	0	0	0	0	0
K16315	1	0	0	0	0	0	0	0
K13292	91	98	19	228	462	135	1769	42
K09776	5	7	0	1	7	2	36	1
K16316	0	0	0	0	0	0	0	0
K21612	0	0	0	0	0	0	0	0
K09777	0	0	0	0	5	0	7	0
K13293	1	0	1	2	1	0	4	0
K21613	20	17	0	14	37	7	97	2
K16317	1	1	0	0	1	1	5	0
K13294	0	0	0	1	4	0	2	0
K09778	11	4	3	106	83	27	455	11
K16318	0	0	0	0	0	0	3	0
K21614	0	0	0	0	0	0	0	0
K13295	0	0	0	0	0	0	0	0
K09779	8	6	0	2	30	5	66	0
K13296	0	0	0	0	0	0	0	0
K16319	26	28	4	147	65	78	737	14
K13297	0	0	0	0	0	0	0	0
K21616	5	0	0	0	3	1	11	0
K00680	0	1	0	0	0	0	1	0
K21617	9	12	0	18	18	5	83	1
K13298	0	0	0	0	1	0	2	0
K00681	317	315	115	1550	2286	626	8543	217
K00682	0	0	0	0	0	0	3	0
K21618	0	0	1	1	0	0	0	0
K13299	0	0	0	0	1	0	0	1
K21619	0	0	5	26	38	5	132	6
K00683	10	12	2	34	65	17	254	7
K00684	63	75	11	130	239	77	1045	12
K04560	0	0	1	0	1	0	1	0
K00685	41	31	0	0	0	0	0	0
K11100	0	0	0	0	0	0	0	0
K00686	0	0	0	0	3	0	2	0
K04561	104	37	20	151	328	137	1392	30
K11101	0	0	0	0	0	0	0	0
K04562	38	47	5	30	119	10	397	10
K00687	0	0	0	1	7	0	4	0
K11102	14	28	8	100	96	84	900	17
K04563	0	1	0	1	0	0	4	0
K00688	146	183	93	1077	1383	491	6299	159
K22480	0	0	0	0	0	0	1	0
K11103	114	114	19	249	155	195	2189	37
K04564	100	111	29	347	416	202	2359	62
K00689	0	2	4	18	10	6	108	3
K22481	0	0	0	0	0	0	0	0
K11104	2	0	0	0	1	0	1	0
K04565	48	46	6	75	182	40	578	8
K22482	0	0	0	0	0	0	0	0
K18966	1	0	0	0	3	1	6	0
K11105	53	59	7	230	429	51	711	21
K04566	49	48	15	155	274	96	952	25
K22483	0	0	0	0	0	0	0	0
K18967	15	15	4	16	48	3	122	3
K11106	0	0	3	26	48	78	421	5
K04567	325	322	53	624	622	200	2685	86
K22484	0	0	0	0	0	0	0	0
K18968	15	17	1	5	12	1	55	0
K11107	1	4	0	0	3	0	1	0
K04568	55	38	5	94	89	40	509	17
K22485	0	0	0	0	0	0	0	1
K04569	0	0	0	0	0	0	1	0
K11108	4	0	1	0	1	0	1	1
K22486	0	0	0	42	4	4	48	0
K11109	0	2	0	0	0	0	0	0
K22487	0	0	0	0	0	0	0	0
K08450	0	0	0	0	0	0	0	0
K22488	0	0	0	0	0	0	0	0
K22489	3	1	0	4	2	0	7	0
K08451	0	0	0	0	0	0	2	0
